"Year","LGA","Offence","Rate","Type"
2025,"BALLARAT","Serious assault",207.6,"FV"
2025,"BALLARAT","Serious assault",138.9,"Non-FV"
2025,"BALLARAT","Common assault",281.9,"FV"
2025,"BALLARAT","Common assault",267.3,"Non-FV"
2025,"BALLARAT","Stalking",29.1,"FV"
2025,"BALLARAT","Stalking",12.9,"Non-FV"
2025,"BALLARAT","Harassment and private nuisance",32.3,"FV"
2025,"BALLARAT","Harassment and private nuisance",19.4,"Non-FV"
2025,"BALLARAT","Threatening behaviour",78.3,"FV"
2025,"BALLARAT","Threatening behaviour",50.1,"Non-FV"
2025,"PYRENEES","Serious assault",249.1,"FV"
2025,"PYRENEES","Serious assault",112.1,"Non-FV"
2025,"PYRENEES","Common assault",211.7,"FV"
2025,"PYRENEES","Common assault",112.1,"Non-FV"
2025,"PYRENEES","Stalking",12.5,"Non-FV"
2025,"PYRENEES","Threatening behaviour",12.5,"Non-FV"
2025,"BANYULE","Serious assault",98.5,"FV"
2025,"BANYULE","Serious assault",81.2,"Non-FV"
2025,"BANYULE","Common assault",124.1,"FV"
2025,"BANYULE","Common assault",155.7,"Non-FV"
2025,"BANYULE","Stalking",20.3,"FV"
2025,"BANYULE","Stalking",24.8,"Non-FV"
2025,"BANYULE","Harassment and private nuisance",31.6,"FV"
2025,"BANYULE","Harassment and private nuisance",21.1,"Non-FV"
2025,"BANYULE","Threatening behaviour",45.1,"FV"
2025,"BANYULE","Threatening behaviour",39.9,"Non-FV"
2025,"NILLUMBIK","Serious assault",46.9,"FV"
2025,"NILLUMBIK","Serious assault",50.1,"Non-FV"
2025,"NILLUMBIK","Common assault",108,"FV"
2025,"NILLUMBIK","Common assault",98.6,"Non-FV"
2025,"NILLUMBIK","Stalking",15.6,"FV"
2025,"NILLUMBIK","Stalking",9.4,"Non-FV"
2025,"NILLUMBIK","Harassment and private nuisance",18.8,"FV"
2025,"NILLUMBIK","Harassment and private nuisance",6.3,"Non-FV"
2025,"NILLUMBIK","Threatening behaviour",23.5,"FV"
2025,"NILLUMBIK","Threatening behaviour",17.2,"Non-FV"
2025,"BASS COAST","Serious assault",157.9,"FV"
2025,"BASS COAST","Serious assault",110.5,"Non-FV"
2025,"BASS COAST","Common assault",426.4,"FV"
2025,"BASS COAST","Common assault",169.2,"Non-FV"
2025,"BASS COAST","Stalking",76.7,"FV"
2025,"BASS COAST","Stalking",20.3,"Non-FV"
2025,"BASS COAST","Harassment and private nuisance",65.4,"FV"
2025,"BASS COAST","Harassment and private nuisance",33.8,"Non-FV"
2025,"BASS COAST","Threatening behaviour",101.5,"FV"
2025,"BASS COAST","Threatening behaviour",67.7,"Non-FV"
2025,"SOUTH GIPPSLAND","Serious assault",147.1,"FV"
2025,"SOUTH GIPPSLAND","Serious assault",76.8,"Non-FV"
2025,"SOUTH GIPPSLAND","Common assault",259,"FV"
2025,"SOUTH GIPPSLAND","Common assault",124.7,"Non-FV"
2025,"SOUTH GIPPSLAND","Stalking",44.8,"FV"
2025,"SOUTH GIPPSLAND","Stalking",6.4,"Non-FV"
2025,"SOUTH GIPPSLAND","Harassment and private nuisance",54.4,"FV"
2025,"SOUTH GIPPSLAND","Harassment and private nuisance",12.8,"Non-FV"
2025,"SOUTH GIPPSLAND","Threatening behaviour",118.3,"FV"
2025,"SOUTH GIPPSLAND","Threatening behaviour",51.2,"Non-FV"
2025,"BAW BAW","Serious assault",199.7,"FV"
2025,"BAW BAW","Serious assault",141,"Non-FV"
2025,"BAW BAW","Common assault",329.6,"FV"
2025,"BAW BAW","Common assault",213.9,"Non-FV"
2025,"BAW BAW","Stalking",60.2,"FV"
2025,"BAW BAW","Stalking",11.1,"Non-FV"
2025,"BAW BAW","Harassment and private nuisance",47.5,"FV"
2025,"BAW BAW","Harassment and private nuisance",12.7,"Non-FV"
2025,"BAW BAW","Threatening behaviour",72.9,"FV"
2025,"BAW BAW","Threatening behaviour",72.9,"Non-FV"
2025,"BENALLA","Serious assault",312.1,"FV"
2025,"BENALLA","Serious assault",142.5,"Non-FV"
2025,"BENALLA","Common assault",318.9,"FV"
2025,"BENALLA","Common assault",183.2,"Non-FV"
2025,"BENALLA","Stalking",33.9,"FV"
2025,"BENALLA","Stalking",13.6,"Non-FV"
2025,"BENALLA","Harassment and private nuisance",67.8,"FV"
2025,"BENALLA","Harassment and private nuisance",13.6,"Non-FV"
2025,"BENALLA","Threatening behaviour",40.7,"FV"
2025,"BENALLA","Threatening behaviour",61.1,"Non-FV"
2025,"MANSFIELD","Serious assault",54.7,"FV"
2025,"MANSFIELD","Serious assault",63.8,"Non-FV"
2025,"MANSFIELD","Common assault",82,"FV"
2025,"MANSFIELD","Common assault",191.4,"Non-FV"
2025,"MANSFIELD","Stalking",9.1,"FV"
2025,"MANSFIELD","Harassment and private nuisance",9.1,"FV"
2025,"MANSFIELD","Threatening behaviour",27.3,"FV"
2025,"MANSFIELD","Threatening behaviour",72.9,"Non-FV"
2025,"MURRINDINDI","Serious assault",89.2,"FV"
2025,"MURRINDINDI","Serious assault",95.6,"Non-FV"
2025,"MURRINDINDI","Common assault",229.4,"FV"
2025,"MURRINDINDI","Common assault",95.6,"Non-FV"
2025,"MURRINDINDI","Stalking",12.7,"FV"
2025,"MURRINDINDI","Stalking",12.7,"Non-FV"
2025,"MURRINDINDI","Harassment and private nuisance",25.5,"FV"
2025,"MURRINDINDI","Harassment and private nuisance",12.7,"Non-FV"
2025,"MURRINDINDI","Threatening behaviour",51,"FV"
2025,"MURRINDINDI","Threatening behaviour",63.7,"Non-FV"
2025,"GREATER BENDIGO","Serious assault",215.7,"FV"
2025,"GREATER BENDIGO","Serious assault",171,"Non-FV"
2025,"GREATER BENDIGO","Common assault",235.3,"FV"
2025,"GREATER BENDIGO","Common assault",260.4,"Non-FV"
2025,"GREATER BENDIGO","Stalking",28.2,"FV"
2025,"GREATER BENDIGO","Stalking",15.7,"Non-FV"
2025,"GREATER BENDIGO","Harassment and private nuisance",37.7,"FV"
2025,"GREATER BENDIGO","Harassment and private nuisance",17.3,"Non-FV"
2025,"GREATER BENDIGO","Threatening behaviour",101.2,"FV"
2025,"GREATER BENDIGO","Threatening behaviour",48.6,"Non-FV"
2025,"BOROONDARA","Serious assault",33.4,"FV"
2025,"BOROONDARA","Serious assault",49,"Non-FV"
2025,"BOROONDARA","Common assault",85.2,"FV"
2025,"BOROONDARA","Common assault",123.6,"Non-FV"
2025,"BOROONDARA","Stalking",17.3,"FV"
2025,"BOROONDARA","Stalking",11.7,"Non-FV"
2025,"BOROONDARA","Harassment and private nuisance",18.9,"FV"
2025,"BOROONDARA","Harassment and private nuisance",17.8,"Non-FV"
2025,"BOROONDARA","Threatening behaviour",16.7,"FV"
2025,"BOROONDARA","Threatening behaviour",23.9,"Non-FV"
2025,"BRIMBANK","Serious assault",132.5,"FV"
2025,"BRIMBANK","Serious assault",136.1,"Non-FV"
2025,"BRIMBANK","Common assault",236,"FV"
2025,"BRIMBANK","Common assault",185.8,"Non-FV"
2025,"BRIMBANK","Stalking",14.1,"FV"
2025,"BRIMBANK","Stalking",10,"Non-FV"
2025,"BRIMBANK","Harassment and private nuisance",30.1,"FV"
2025,"BRIMBANK","Harassment and private nuisance",13.6,"Non-FV"
2025,"BRIMBANK","Threatening behaviour",73.8,"FV"
2025,"BRIMBANK","Threatening behaviour",55.2,"Non-FV"
2025,"CAMPASPE","Serious assault",225.1,"FV"
2025,"CAMPASPE","Serious assault",154.4,"Non-FV"
2025,"CAMPASPE","Common assault",306.2,"FV"
2025,"CAMPASPE","Common assault",269.6,"Non-FV"
2025,"CAMPASPE","Stalking",13.1,"FV"
2025,"CAMPASPE","Stalking",7.9,"Non-FV"
2025,"CAMPASPE","Harassment and private nuisance",15.7,"FV"
2025,"CAMPASPE","Harassment and private nuisance",5.2,"Non-FV"
2025,"CAMPASPE","Threatening behaviour",75.9,"FV"
2025,"CAMPASPE","Threatening behaviour",44.5,"Non-FV"
2025,"CARDINIA","Serious assault",143.7,"FV"
2025,"CARDINIA","Serious assault",82.6,"Non-FV"
2025,"CARDINIA","Common assault",275.4,"FV"
2025,"CARDINIA","Common assault",131.8,"Non-FV"
2025,"CARDINIA","Stalking",29.8,"FV"
2025,"CARDINIA","Stalking",26.8,"Non-FV"
2025,"CARDINIA","Harassment and private nuisance",51.4,"FV"
2025,"CARDINIA","Harassment and private nuisance",35,"Non-FV"
2025,"CARDINIA","Threatening behaviour",72.2,"FV"
2025,"CARDINIA","Threatening behaviour",33.5,"Non-FV"
2025,"CASEY","Serious assault",182.2,"FV"
2025,"CASEY","Serious assault",95.1,"Non-FV"
2025,"CASEY","Common assault",298.8,"FV"
2025,"CASEY","Common assault",156.4,"Non-FV"
2025,"CASEY","Stalking",37.1,"FV"
2025,"CASEY","Stalking",17.5,"Non-FV"
2025,"CASEY","Harassment and private nuisance",39.3,"FV"
2025,"CASEY","Harassment and private nuisance",19.2,"Non-FV"
2025,"CASEY","Threatening behaviour",77.3,"FV"
2025,"CASEY","Threatening behaviour",50.5,"Non-FV"
2025,"CENTRAL GOLDFIELDS","Serious assault",304.6,"FV"
2025,"CENTRAL GOLDFIELDS","Serious assault",224.8,"Non-FV"
2025,"CENTRAL GOLDFIELDS","Common assault",355.3,"FV"
2025,"CENTRAL GOLDFIELDS","Common assault",319.1,"Non-FV"
2025,"CENTRAL GOLDFIELDS","Stalking",43.5,"FV"
2025,"CENTRAL GOLDFIELDS","Harassment and private nuisance",36.3,"FV"
2025,"CENTRAL GOLDFIELDS","Harassment and private nuisance",50.8,"Non-FV"
2025,"CENTRAL GOLDFIELDS","Threatening behaviour",87,"FV"
2025,"CENTRAL GOLDFIELDS","Threatening behaviour",58,"Non-FV"
2025,"LODDON","Serious assault",77.2,"FV"
2025,"LODDON","Serious assault",128.7,"Non-FV"
2025,"LODDON","Common assault",141.5,"FV"
2025,"LODDON","Common assault",205.9,"Non-FV"
2025,"LODDON","Stalking",12.9,"FV"
2025,"LODDON","Harassment and private nuisance",12.9,"FV"
2025,"LODDON","Threatening behaviour",51.5,"FV"
2025,"LODDON","Threatening behaviour",90.1,"Non-FV"
2025,"MOUNT ALEXANDER","Serious assault",95.1,"FV"
2025,"MOUNT ALEXANDER","Serious assault",80.8,"Non-FV"
2025,"MOUNT ALEXANDER","Common assault",166.4,"FV"
2025,"MOUNT ALEXANDER","Common assault",161.6,"Non-FV"
2025,"MOUNT ALEXANDER","Stalking",19,"FV"
2025,"MOUNT ALEXANDER","Stalking",28.5,"Non-FV"
2025,"MOUNT ALEXANDER","Harassment and private nuisance",9.5,"FV"
2025,"MOUNT ALEXANDER","Harassment and private nuisance",14.3,"Non-FV"
2025,"MOUNT ALEXANDER","Threatening behaviour",33.3,"FV"
2025,"MOUNT ALEXANDER","Threatening behaviour",61.8,"Non-FV"
2025,"DAREBIN","Serious assault",102.6,"FV"
2025,"DAREBIN","Serious assault",131.6,"Non-FV"
2025,"DAREBIN","Common assault",155.1,"FV"
2025,"DAREBIN","Common assault",205.2,"Non-FV"
2025,"DAREBIN","Stalking",20.4,"FV"
2025,"DAREBIN","Stalking",18.5,"Non-FV"
2025,"DAREBIN","Harassment and private nuisance",35.8,"FV"
2025,"DAREBIN","Harassment and private nuisance",21.6,"Non-FV"
2025,"DAREBIN","Threatening behaviour",50.1,"FV"
2025,"DAREBIN","Threatening behaviour",57.5,"Non-FV"
2025,"EAST GIPPSLAND","Serious assault",257.2,"FV"
2025,"EAST GIPPSLAND","Serious assault",158.7,"Non-FV"
2025,"EAST GIPPSLAND","Common assault",701.3,"FV"
2025,"EAST GIPPSLAND","Common assault",367.7,"Non-FV"
2025,"EAST GIPPSLAND","Stalking",62.3,"FV"
2025,"EAST GIPPSLAND","Stalking",42.2,"Non-FV"
2025,"EAST GIPPSLAND","Harassment and private nuisance",70.3,"FV"
2025,"EAST GIPPSLAND","Harassment and private nuisance",18.1,"Non-FV"
2025,"EAST GIPPSLAND","Threatening behaviour",136.6,"FV"
2025,"EAST GIPPSLAND","Threatening behaviour",100.5,"Non-FV"
2025,"FRANKSTON","Serious assault",167.1,"FV"
2025,"FRANKSTON","Serious assault",141.7,"Non-FV"
2025,"FRANKSTON","Common assault",375.5,"FV"
2025,"FRANKSTON","Common assault",293.7,"Non-FV"
2025,"FRANKSTON","Stalking",40.6,"FV"
2025,"FRANKSTON","Stalking",20.6,"Non-FV"
2025,"FRANKSTON","Harassment and private nuisance",46.8,"FV"
2025,"FRANKSTON","Harassment and private nuisance",30.3,"Non-FV"
2025,"FRANKSTON","Threatening behaviour",85.3,"FV"
2025,"FRANKSTON","Threatening behaviour",67.4,"Non-FV"
2025,"GREATER GEELONG","Serious assault",156.8,"FV"
2025,"GREATER GEELONG","Serious assault",136.5,"Non-FV"
2025,"GREATER GEELONG","Common assault",205.4,"FV"
2025,"GREATER GEELONG","Common assault",176.7,"Non-FV"
2025,"GREATER GEELONG","Stalking",24,"FV"
2025,"GREATER GEELONG","Stalking",9.1,"Non-FV"
2025,"GREATER GEELONG","Harassment and private nuisance",37.5,"FV"
2025,"GREATER GEELONG","Harassment and private nuisance",14.5,"Non-FV"
2025,"GREATER GEELONG","Threatening behaviour",68.3,"FV"
2025,"GREATER GEELONG","Threatening behaviour",42.6,"Non-FV"
2025,"QUEENSCLIFFE","Serious assault",112.8,"FV"
2025,"QUEENSCLIFFE","Common assault",28.2,"FV"
2025,"QUEENSCLIFFE","Common assault",28.2,"Non-FV"
2025,"QUEENSCLIFFE","Threatening behaviour",28.2,"FV"
2025,"BAYSIDE","Serious assault",25.3,"FV"
2025,"BAYSIDE","Serious assault",51.4,"Non-FV"
2025,"BAYSIDE","Common assault",139.4,"FV"
2025,"BAYSIDE","Common assault",93.5,"Non-FV"
2025,"BAYSIDE","Stalking",13.1,"FV"
2025,"BAYSIDE","Stalking",11.2,"Non-FV"
2025,"BAYSIDE","Harassment and private nuisance",12.2,"FV"
2025,"BAYSIDE","Harassment and private nuisance",24.3,"Non-FV"
2025,"BAYSIDE","Threatening behaviour",22.4,"FV"
2025,"BAYSIDE","Threatening behaviour",23.4,"Non-FV"
2025,"GLEN EIRA","Serious assault",35.6,"FV"
2025,"GLEN EIRA","Serious assault",47.9,"Non-FV"
2025,"GLEN EIRA","Common assault",168.9,"FV"
2025,"GLEN EIRA","Common assault",125.3,"Non-FV"
2025,"GLEN EIRA","Stalking",17.8,"FV"
2025,"GLEN EIRA","Stalking",17.2,"Non-FV"
2025,"GLEN EIRA","Harassment and private nuisance",19,"FV"
2025,"GLEN EIRA","Harassment and private nuisance",19.6,"Non-FV"
2025,"GLEN EIRA","Threatening behaviour",15.4,"FV"
2025,"GLEN EIRA","Threatening behaviour",30.1,"Non-FV"
2025,"GREATER DANDENONG","Serious assault",180.6,"FV"
2025,"GREATER DANDENONG","Serious assault",174.1,"Non-FV"
2025,"GREATER DANDENONG","Common assault",385.6,"FV"
2025,"GREATER DANDENONG","Common assault",338.8,"Non-FV"
2025,"GREATER DANDENONG","Stalking",26.7,"FV"
2025,"GREATER DANDENONG","Stalking",21.3,"Non-FV"
2025,"GREATER DANDENONG","Harassment and private nuisance",39.7,"FV"
2025,"GREATER DANDENONG","Harassment and private nuisance",21.9,"Non-FV"
2025,"GREATER DANDENONG","Threatening behaviour",125.6,"FV"
2025,"GREATER DANDENONG","Threatening behaviour",88.2,"Non-FV"
2025,"HOBSONS BAY","Serious assault",122.8,"FV"
2025,"HOBSONS BAY","Serious assault",116.6,"Non-FV"
2025,"HOBSONS BAY","Common assault",157.9,"FV"
2025,"HOBSONS BAY","Common assault",165.2,"Non-FV"
2025,"HOBSONS BAY","Stalking",12.4,"FV"
2025,"HOBSONS BAY","Stalking",6.2,"Non-FV"
2025,"HOBSONS BAY","Harassment and private nuisance",12.4,"FV"
2025,"HOBSONS BAY","Harassment and private nuisance",8.3,"Non-FV"
2025,"HOBSONS BAY","Threatening behaviour",48.5,"FV"
2025,"HOBSONS BAY","Threatening behaviour",23.7,"Non-FV"
2025,"HINDMARSH","Serious assault",183.2,"FV"
2025,"HINDMARSH","Serious assault",55,"Non-FV"
2025,"HINDMARSH","Common assault",146.6,"FV"
2025,"HINDMARSH","Common assault",164.9,"Non-FV"
2025,"HINDMARSH","Stalking",18.3,"FV"
2025,"HINDMARSH","Harassment and private nuisance",18.3,"FV"
2025,"HINDMARSH","Threatening behaviour",55,"FV"
2025,"HORSHAM","Serious assault",327.8,"FV"
2025,"HORSHAM","Serious assault",225.1,"Non-FV"
2025,"HORSHAM","Common assault",513.8,"FV"
2025,"HORSHAM","Common assault",371.9,"Non-FV"
2025,"HORSHAM","Stalking",132.1,"FV"
2025,"HORSHAM","Stalking",97.9,"Non-FV"
2025,"HORSHAM","Harassment and private nuisance",39.1,"FV"
2025,"HORSHAM","Harassment and private nuisance",24.5,"Non-FV"
2025,"HORSHAM","Threatening behaviour",132.1,"FV"
2025,"HORSHAM","Threatening behaviour",97.9,"Non-FV"
2025,"WEST WIMMERA","Serious assault",52,"FV"
2025,"WEST WIMMERA","Serious assault",104,"Non-FV"
2025,"WEST WIMMERA","Common assault",130,"FV"
2025,"WEST WIMMERA","Common assault",78,"Non-FV"
2025,"WEST WIMMERA","Stalking",26,"FV"
2025,"WEST WIMMERA","Harassment and private nuisance",78,"FV"
2025,"WEST WIMMERA","Threatening behaviour",78,"FV"
2025,"WEST WIMMERA","Threatening behaviour",26,"Non-FV"
2025,"HUME","Serious assault",219.1,"FV"
2025,"HUME","Serious assault",128.5,"Non-FV"
2025,"HUME","Common assault",215.9,"FV"
2025,"HUME","Common assault",176.6,"Non-FV"
2025,"HUME","Stalking",35.7,"FV"
2025,"HUME","Stalking",14.3,"Non-FV"
2025,"HUME","Harassment and private nuisance",55,"FV"
2025,"HUME","Harassment and private nuisance",26,"Non-FV"
2025,"HUME","Threatening behaviour",89.6,"FV"
2025,"HUME","Threatening behaviour",47.5,"Non-FV"
2025,"KINGSTON","Serious assault",76.9,"FV"
2025,"KINGSTON","Serious assault",88.2,"Non-FV"
2025,"KINGSTON","Common assault",228.3,"FV"
2025,"KINGSTON","Common assault",163.9,"Non-FV"
2025,"KINGSTON","Stalking",13.7,"FV"
2025,"KINGSTON","Stalking",10.1,"Non-FV"
2025,"KINGSTON","Harassment and private nuisance",23.2,"FV"
2025,"KINGSTON","Harassment and private nuisance",20.3,"Non-FV"
2025,"KINGSTON","Threatening behaviour",37,"FV"
2025,"KINGSTON","Threatening behaviour",35.8,"Non-FV"
2025,"KNOX","Serious assault",67.1,"FV"
2025,"KNOX","Serious assault",62.8,"Non-FV"
2025,"KNOX","Common assault",193.9,"FV"
2025,"KNOX","Common assault",134.7,"Non-FV"
2025,"KNOX","Stalking",16.5,"FV"
2025,"KNOX","Stalking",11,"Non-FV"
2025,"KNOX","Harassment and private nuisance",12.8,"FV"
2025,"KNOX","Harassment and private nuisance",11,"Non-FV"
2025,"KNOX","Threatening behaviour",36,"FV"
2025,"KNOX","Threatening behaviour",28,"Non-FV"
2025,"LATROBE","Serious assault",312.2,"FV"
2025,"LATROBE","Serious assault",256.8,"Non-FV"
2025,"LATROBE","Common assault",637,"FV"
2025,"LATROBE","Common assault",439.3,"Non-FV"
2025,"LATROBE","Stalking",68,"FV"
2025,"LATROBE","Stalking",13.8,"Non-FV"
2025,"LATROBE","Harassment and private nuisance",52.9,"FV"
2025,"LATROBE","Harassment and private nuisance",27.7,"Non-FV"
2025,"LATROBE","Threatening behaviour",129.7,"FV"
2025,"LATROBE","Threatening behaviour",102,"Non-FV"
2025,"MACEDON RANGES","Serious assault",93.5,"FV"
2025,"MACEDON RANGES","Serious assault",56.8,"Non-FV"
2025,"MACEDON RANGES","Common assault",146.6,"FV"
2025,"MACEDON RANGES","Common assault",88,"Non-FV"
2025,"MACEDON RANGES","Stalking",18.3,"FV"
2025,"MACEDON RANGES","Stalking",11,"Non-FV"
2025,"MACEDON RANGES","Harassment and private nuisance",31.2,"FV"
2025,"MACEDON RANGES","Harassment and private nuisance",14.7,"Non-FV"
2025,"MACEDON RANGES","Threatening behaviour",29.3,"FV"
2025,"MACEDON RANGES","Threatening behaviour",31.2,"Non-FV"
2025,"MANNINGHAM","Serious assault",30.9,"FV"
2025,"MANNINGHAM","Serious assault",37.7,"Non-FV"
2025,"MANNINGHAM","Common assault",74.6,"FV"
2025,"MANNINGHAM","Common assault",71.6,"Non-FV"
2025,"MANNINGHAM","Stalking",12.1,"FV"
2025,"MANNINGHAM","Stalking",9.8,"Non-FV"
2025,"MANNINGHAM","Harassment and private nuisance",13.6,"FV"
2025,"MANNINGHAM","Harassment and private nuisance",11.3,"Non-FV"
2025,"MANNINGHAM","Threatening behaviour",19.6,"FV"
2025,"MANNINGHAM","Threatening behaviour",22.6,"Non-FV"
2025,"MARIBYRNONG","Serious assault",141.6,"FV"
2025,"MARIBYRNONG","Serious assault",192,"Non-FV"
2025,"MARIBYRNONG","Common assault",176.2,"FV"
2025,"MARIBYRNONG","Common assault",315.8,"Non-FV"
2025,"MARIBYRNONG","Stalking",24.1,"FV"
2025,"MARIBYRNONG","Stalking",26.2,"Non-FV"
2025,"MARIBYRNONG","Harassment and private nuisance",13.6,"FV"
2025,"MARIBYRNONG","Harassment and private nuisance",25.2,"Non-FV"
2025,"MARIBYRNONG","Threatening behaviour",32.5,"FV"
2025,"MARIBYRNONG","Threatening behaviour",55.6,"Non-FV"
2025,"MAROONDAH","Serious assault",88.2,"FV"
2025,"MAROONDAH","Serious assault",84,"Non-FV"
2025,"MAROONDAH","Common assault",254.6,"FV"
2025,"MAROONDAH","Common assault",188,"Non-FV"
2025,"MAROONDAH","Stalking",23.3,"FV"
2025,"MAROONDAH","Stalking",16.6,"Non-FV"
2025,"MAROONDAH","Harassment and private nuisance",20.8,"FV"
2025,"MAROONDAH","Harassment and private nuisance",17.5,"Non-FV"
2025,"MAROONDAH","Threatening behaviour",54.1,"FV"
2025,"MAROONDAH","Threatening behaviour",36.6,"Non-FV"
2025,"MELBOURNE","Serious assault",183.5,"FV"
2025,"MELBOURNE","Serious assault",453.3,"Non-FV"
2025,"MELBOURNE","Common assault",217.4,"FV"
2025,"MELBOURNE","Common assault",1014.5,"Non-FV"
2025,"MELBOURNE","Stalking",29.3,"FV"
2025,"MELBOURNE","Stalking",31.9,"Non-FV"
2025,"MELBOURNE","Harassment and private nuisance",47.8,"FV"
2025,"MELBOURNE","Harassment and private nuisance",45.2,"Non-FV"
2025,"MELBOURNE","Threatening behaviour",44.7,"FV"
2025,"MELBOURNE","Threatening behaviour",103.3,"Non-FV"
2025,"MELTON","Serious assault",164.5,"FV"
2025,"MELTON","Serious assault",88.3,"Non-FV"
2025,"MELTON","Common assault",231.3,"FV"
2025,"MELTON","Common assault",113.1,"Non-FV"
2025,"MELTON","Stalking",24.8,"FV"
2025,"MELTON","Stalking",18.4,"Non-FV"
2025,"MELTON","Harassment and private nuisance",44.1,"FV"
2025,"MELTON","Harassment and private nuisance",17.6,"Non-FV"
2025,"MELTON","Threatening behaviour",92.1,"FV"
2025,"MELTON","Threatening behaviour",36,"Non-FV"
2025,"MERRI-BEK","Serious assault",114.4,"FV"
2025,"MERRI-BEK","Serious assault",116,"Non-FV"
2025,"MERRI-BEK","Common assault",149.4,"FV"
2025,"MERRI-BEK","Common assault",183.8,"Non-FV"
2025,"MERRI-BEK","Stalking",24.9,"FV"
2025,"MERRI-BEK","Stalking",23.3,"Non-FV"
2025,"MERRI-BEK","Harassment and private nuisance",36,"FV"
2025,"MERRI-BEK","Harassment and private nuisance",21.7,"Non-FV"
2025,"MERRI-BEK","Threatening behaviour",42.9,"FV"
2025,"MERRI-BEK","Threatening behaviour",53.5,"Non-FV"
2025,"MILDURA","Serious assault",424.5,"FV"
2025,"MILDURA","Serious assault",169.1,"Non-FV"
2025,"MILDURA","Common assault",491.8,"FV"
2025,"MILDURA","Common assault",308.9,"Non-FV"
2025,"MILDURA","Stalking",53.5,"FV"
2025,"MILDURA","Stalking",22.4,"Non-FV"
2025,"MILDURA","Harassment and private nuisance",51.8,"FV"
2025,"MILDURA","Harassment and private nuisance",29.3,"Non-FV"
2025,"MILDURA","Threatening behaviour",145,"FV"
2025,"MILDURA","Threatening behaviour",51.8,"Non-FV"
2025,"MITCHELL","Serious assault",267.5,"FV"
2025,"MITCHELL","Serious assault",104.3,"Non-FV"
2025,"MITCHELL","Common assault",296.1,"FV"
2025,"MITCHELL","Common assault",227.1,"Non-FV"
2025,"MITCHELL","Stalking",48.8,"FV"
2025,"MITCHELL","Stalking",15.1,"Non-FV"
2025,"MITCHELL","Harassment and private nuisance",84.1,"FV"
2025,"MITCHELL","Harassment and private nuisance",20.2,"Non-FV"
2025,"MITCHELL","Threatening behaviour",131.2,"FV"
2025,"MITCHELL","Threatening behaviour",75.7,"Non-FV"
2025,"STRATHBOGIE","Serious assault",84.3,"FV"
2025,"STRATHBOGIE","Serious assault",84.3,"Non-FV"
2025,"STRATHBOGIE","Common assault",168.6,"FV"
2025,"STRATHBOGIE","Common assault",84.3,"Non-FV"
2025,"STRATHBOGIE","Stalking",8.4,"FV"
2025,"STRATHBOGIE","Harassment and private nuisance",25.3,"FV"
2025,"STRATHBOGIE","Threatening behaviour",59,"FV"
2025,"STRATHBOGIE","Threatening behaviour",8.4,"Non-FV"
2025,"MONASH","Serious assault",72.3,"FV"
2025,"MONASH","Serious assault",68,"Non-FV"
2025,"MONASH","Common assault",120.4,"FV"
2025,"MONASH","Common assault",154.9,"Non-FV"
2025,"MONASH","Stalking",8,"FV"
2025,"MONASH","Stalking",10.9,"Non-FV"
2025,"MONASH","Harassment and private nuisance",10.4,"FV"
2025,"MONASH","Harassment and private nuisance",13.7,"Non-FV"
2025,"MONASH","Threatening behaviour",25.5,"FV"
2025,"MONASH","Threatening behaviour",28.8,"Non-FV"
2025,"MOONEE VALLEY","Serious assault",106.8,"FV"
2025,"MOONEE VALLEY","Serious assault",70.9,"Non-FV"
2025,"MOONEE VALLEY","Common assault",130.4,"FV"
2025,"MOONEE VALLEY","Common assault",159.4,"Non-FV"
2025,"MOONEE VALLEY","Stalking",19.8,"FV"
2025,"MOONEE VALLEY","Stalking",15.3,"Non-FV"
2025,"MOONEE VALLEY","Harassment and private nuisance",22.1,"FV"
2025,"MOONEE VALLEY","Harassment and private nuisance",23.6,"Non-FV"
2025,"MOONEE VALLEY","Threatening behaviour",35.1,"FV"
2025,"MOONEE VALLEY","Threatening behaviour",32,"Non-FV"
2025,"GOLDEN PLAINS","Serious assault",52.1,"FV"
2025,"GOLDEN PLAINS","Serious assault",26,"Non-FV"
2025,"GOLDEN PLAINS","Common assault",119.1,"FV"
2025,"GOLDEN PLAINS","Common assault",37.2,"Non-FV"
2025,"GOLDEN PLAINS","Stalking",3.7,"FV"
2025,"GOLDEN PLAINS","Stalking",11.2,"Non-FV"
2025,"GOLDEN PLAINS","Harassment and private nuisance",7.4,"FV"
2025,"GOLDEN PLAINS","Harassment and private nuisance",7.4,"Non-FV"
2025,"GOLDEN PLAINS","Threatening behaviour",14.9,"FV"
2025,"GOLDEN PLAINS","Threatening behaviour",22.3,"Non-FV"
2025,"HEPBURN","Serious assault",94.3,"FV"
2025,"HEPBURN","Serious assault",58.9,"Non-FV"
2025,"HEPBURN","Common assault",82.5,"FV"
2025,"HEPBURN","Common assault",123.8,"Non-FV"
2025,"HEPBURN","Stalking",5.9,"Non-FV"
2025,"HEPBURN","Threatening behaviour",17.7,"FV"
2025,"HEPBURN","Threatening behaviour",11.8,"Non-FV"
2025,"MOORABOOL","Serious assault",248.4,"FV"
2025,"MOORABOOL","Serious assault",98.4,"Non-FV"
2025,"MOORABOOL","Common assault",243.5,"FV"
2025,"MOORABOOL","Common assault",113.1,"Non-FV"
2025,"MOORABOOL","Stalking",36.9,"FV"
2025,"MOORABOOL","Stalking",7.4,"Non-FV"
2025,"MOORABOOL","Harassment and private nuisance",63.9,"FV"
2025,"MOORABOOL","Harassment and private nuisance",142.6,"Non-FV"
2025,"MOORABOOL","Threatening behaviour",103.3,"FV"
2025,"MOORABOOL","Threatening behaviour",29.5,"Non-FV"
2025,"MORNINGTON PENINSULA","Serious assault",104.1,"FV"
2025,"MORNINGTON PENINSULA","Serious assault",102.9,"Non-FV"
2025,"MORNINGTON PENINSULA","Common assault",219.2,"FV"
2025,"MORNINGTON PENINSULA","Common assault",134.9,"Non-FV"
2025,"MORNINGTON PENINSULA","Stalking",24.4,"FV"
2025,"MORNINGTON PENINSULA","Stalking",12.2,"Non-FV"
2025,"MORNINGTON PENINSULA","Harassment and private nuisance",24.4,"FV"
2025,"MORNINGTON PENINSULA","Harassment and private nuisance",15.1,"Non-FV"
2025,"MORNINGTON PENINSULA","Threatening behaviour",40.7,"FV"
2025,"MORNINGTON PENINSULA","Threatening behaviour",37.2,"Non-FV"
2025,"ARARAT","Serious assault",359.1,"FV"
2025,"ARARAT","Serious assault",111.2,"Non-FV"
2025,"ARARAT","Common assault",547.3,"FV"
2025,"ARARAT","Common assault",316.4,"Non-FV"
2025,"ARARAT","Stalking",17.1,"FV"
2025,"ARARAT","Stalking",25.7,"Non-FV"
2025,"ARARAT","Harassment and private nuisance",51.3,"FV"
2025,"ARARAT","Harassment and private nuisance",77,"Non-FV"
2025,"ARARAT","Threatening behaviour",162.5,"FV"
2025,"ARARAT","Threatening behaviour",128.3,"Non-FV"
2025,"NORTHERN GRAMPIANS","Serious assault",195.7,"FV"
2025,"NORTHERN GRAMPIANS","Serious assault",263.7,"Non-FV"
2025,"NORTHERN GRAMPIANS","Common assault",553,"FV"
2025,"NORTHERN GRAMPIANS","Common assault",433.9,"Non-FV"
2025,"NORTHERN GRAMPIANS","Stalking",76.6,"FV"
2025,"NORTHERN GRAMPIANS","Stalking",34,"Non-FV"
2025,"NORTHERN GRAMPIANS","Harassment and private nuisance",25.5,"FV"
2025,"NORTHERN GRAMPIANS","Harassment and private nuisance",8.5,"Non-FV"
2025,"NORTHERN GRAMPIANS","Threatening behaviour",119.1,"FV"
2025,"NORTHERN GRAMPIANS","Threatening behaviour",110.6,"Non-FV"
2025,"YARRIAMBIACK","Serious assault",381.9,"FV"
2025,"YARRIAMBIACK","Serious assault",127.3,"Non-FV"
2025,"YARRIAMBIACK","Common assault",397.9,"FV"
2025,"YARRIAMBIACK","Common assault",143.2,"Non-FV"
2025,"YARRIAMBIACK","Stalking",47.7,"FV"
2025,"YARRIAMBIACK","Stalking",47.7,"Non-FV"
2025,"YARRIAMBIACK","Harassment and private nuisance",31.8,"FV"
2025,"YARRIAMBIACK","Harassment and private nuisance",31.8,"Non-FV"
2025,"YARRIAMBIACK","Threatening behaviour",95.5,"FV"
2025,"YARRIAMBIACK","Threatening behaviour",79.6,"Non-FV"
2025,"PORT PHILLIP","Serious assault",170,"FV"
2025,"PORT PHILLIP","Serious assault",202.2,"Non-FV"
2025,"PORT PHILLIP","Common assault",219.7,"FV"
2025,"PORT PHILLIP","Common assault",382.7,"Non-FV"
2025,"PORT PHILLIP","Stalking",43.6,"FV"
2025,"PORT PHILLIP","Stalking",32.3,"Non-FV"
2025,"PORT PHILLIP","Harassment and private nuisance",55.8,"FV"
2025,"PORT PHILLIP","Harassment and private nuisance",57.5,"Non-FV"
2025,"PORT PHILLIP","Threatening behaviour",47.1,"FV"
2025,"PORT PHILLIP","Threatening behaviour",64.5,"Non-FV"
2025,"GREATER SHEPPARTON","Serious assault",470.7,"FV"
2025,"GREATER SHEPPARTON","Serious assault",252.4,"Non-FV"
2025,"GREATER SHEPPARTON","Common assault",293.5,"FV"
2025,"GREATER SHEPPARTON","Common assault",287.8,"Non-FV"
2025,"GREATER SHEPPARTON","Stalking",61,"FV"
2025,"GREATER SHEPPARTON","Stalking",8.5,"Non-FV"
2025,"GREATER SHEPPARTON","Harassment and private nuisance",53.9,"FV"
2025,"GREATER SHEPPARTON","Harassment and private nuisance",9.9,"Non-FV"
2025,"GREATER SHEPPARTON","Threatening behaviour",117.7,"FV"
2025,"GREATER SHEPPARTON","Threatening behaviour",41.1,"Non-FV"
2025,"GLENELG","Serious assault",374.6,"FV"
2025,"GLENELG","Serious assault",224.8,"Non-FV"
2025,"GLENELG","Common assault",394.6,"FV"
2025,"GLENELG","Common assault",149.8,"Non-FV"
2025,"GLENELG","Stalking",20,"FV"
2025,"GLENELG","Stalking",15,"Non-FV"
2025,"GLENELG","Harassment and private nuisance",59.9,"FV"
2025,"GLENELG","Harassment and private nuisance",49.9,"Non-FV"
2025,"GLENELG","Threatening behaviour",164.8,"FV"
2025,"GLENELG","Threatening behaviour",144.8,"Non-FV"
2025,"SOUTHERN GRAMPIANS","Serious assault",211.7,"FV"
2025,"SOUTHERN GRAMPIANS","Serious assault",211.7,"Non-FV"
2025,"SOUTHERN GRAMPIANS","Common assault",223.7,"FV"
2025,"SOUTHERN GRAMPIANS","Common assault",235.8,"Non-FV"
2025,"SOUTHERN GRAMPIANS","Stalking",48.4,"FV"
2025,"SOUTHERN GRAMPIANS","Stalking",6,"Non-FV"
2025,"SOUTHERN GRAMPIANS","Harassment and private nuisance",108.9,"FV"
2025,"SOUTHERN GRAMPIANS","Harassment and private nuisance",36.3,"Non-FV"
2025,"SOUTHERN GRAMPIANS","Threatening behaviour",66.5,"FV"
2025,"SOUTHERN GRAMPIANS","Threatening behaviour",139.1,"Non-FV"
2025,"STONNINGTON","Serious assault",94.6,"FV"
2025,"STONNINGTON","Serious assault",175.3,"Non-FV"
2025,"STONNINGTON","Common assault",194.4,"FV"
2025,"STONNINGTON","Common assault",318.5,"Non-FV"
2025,"STONNINGTON","Stalking",20,"FV"
2025,"STONNINGTON","Stalking",23.4,"Non-FV"
2025,"STONNINGTON","Harassment and private nuisance",37.3,"FV"
2025,"STONNINGTON","Harassment and private nuisance",15.6,"Non-FV"
2025,"STONNINGTON","Threatening behaviour",20,"FV"
2025,"STONNINGTON","Threatening behaviour",56.4,"Non-FV"
2025,"COLAC OTWAY","Serious assault",326.8,"FV"
2025,"COLAC OTWAY","Serious assault",138.8,"Non-FV"
2025,"COLAC OTWAY","Common assault",250.7,"FV"
2025,"COLAC OTWAY","Common assault",120.9,"Non-FV"
2025,"COLAC OTWAY","Stalking",40.3,"FV"
2025,"COLAC OTWAY","Stalking",22.4,"Non-FV"
2025,"COLAC OTWAY","Harassment and private nuisance",67.1,"FV"
2025,"COLAC OTWAY","Harassment and private nuisance",4.5,"Non-FV"
2025,"COLAC OTWAY","Threatening behaviour",71.6,"FV"
2025,"COLAC OTWAY","Threatening behaviour",53.7,"Non-FV"
2025,"SURF COAST","Serious assault",88.8,"FV"
2025,"SURF COAST","Serious assault",46.9,"Non-FV"
2025,"SURF COAST","Common assault",101.1,"FV"
2025,"SURF COAST","Common assault",88.8,"Non-FV"
2025,"SURF COAST","Stalking",9.9,"FV"
2025,"SURF COAST","Stalking",19.7,"Non-FV"
2025,"SURF COAST","Harassment and private nuisance",27.1,"FV"
2025,"SURF COAST","Harassment and private nuisance",17.3,"Non-FV"
2025,"SURF COAST","Threatening behaviour",32.1,"FV"
2025,"SURF COAST","Threatening behaviour",27.1,"Non-FV"
2025,"BULOKE","Serious assault",51,"FV"
2025,"BULOKE","Serious assault",51,"Non-FV"
2025,"BULOKE","Common assault",85,"FV"
2025,"BULOKE","Common assault",136,"Non-FV"
2025,"BULOKE","Harassment and private nuisance",17,"FV"
2025,"BULOKE","Threatening behaviour",119,"FV"
2025,"GANNAWARRA","Serious assault",153.9,"FV"
2025,"GANNAWARRA","Serious assault",134.7,"Non-FV"
2025,"GANNAWARRA","Common assault",288.7,"FV"
2025,"GANNAWARRA","Common assault",125.1,"Non-FV"
2025,"GANNAWARRA","Stalking",9.6,"Non-FV"
2025,"GANNAWARRA","Harassment and private nuisance",28.9,"FV"
2025,"GANNAWARRA","Harassment and private nuisance",77,"Non-FV"
2025,"GANNAWARRA","Threatening behaviour",96.2,"FV"
2025,"GANNAWARRA","Threatening behaviour",86.6,"Non-FV"
2025,"SWAN HILL","Serious assault",318.9,"FV"
2025,"SWAN HILL","Serious assault",190.4,"Non-FV"
2025,"SWAN HILL","Common assault",318.9,"FV"
2025,"SWAN HILL","Common assault",276.1,"Non-FV"
2025,"SWAN HILL","Stalking",38.1,"FV"
2025,"SWAN HILL","Stalking",19,"Non-FV"
2025,"SWAN HILL","Harassment and private nuisance",57.1,"FV"
2025,"SWAN HILL","Harassment and private nuisance",14.3,"Non-FV"
2025,"SWAN HILL","Threatening behaviour",142.8,"FV"
2025,"SWAN HILL","Threatening behaviour",109.5,"Non-FV"
2025,"ALPINE","Serious assault",105.9,"FV"
2025,"ALPINE","Serious assault",60.5,"Non-FV"
2025,"ALPINE","Common assault",158.8,"FV"
2025,"ALPINE","Common assault",113.4,"Non-FV"
2025,"ALPINE","Stalking",7.6,"FV"
2025,"ALPINE","Harassment and private nuisance",15.1,"FV"
2025,"ALPINE","Threatening behaviour",45.4,"FV"
2025,"ALPINE","Threatening behaviour",22.7,"Non-FV"
2025,"MOIRA","Serious assault",326.3,"FV"
2025,"MOIRA","Serious assault",93.7,"Non-FV"
2025,"MOIRA","Common assault",245.5,"FV"
2025,"MOIRA","Common assault",138.9,"Non-FV"
2025,"MOIRA","Stalking",48.5,"FV"
2025,"MOIRA","Stalking",9.7,"Non-FV"
2025,"MOIRA","Harassment and private nuisance",61.4,"FV"
2025,"MOIRA","Harassment and private nuisance",35.5,"Non-FV"
2025,"MOIRA","Threatening behaviour",87.2,"FV"
2025,"MOIRA","Threatening behaviour",61.4,"Non-FV"
2025,"WANGARATTA","Serious assault",187.9,"FV"
2025,"WANGARATTA","Serious assault",151.6,"Non-FV"
2025,"WANGARATTA","Common assault",247.2,"FV"
2025,"WANGARATTA","Common assault",168.1,"Non-FV"
2025,"WANGARATTA","Stalking",29.7,"FV"
2025,"WANGARATTA","Stalking",6.6,"Non-FV"
2025,"WANGARATTA","Harassment and private nuisance",46.1,"FV"
2025,"WANGARATTA","Harassment and private nuisance",16.5,"Non-FV"
2025,"WANGARATTA","Threatening behaviour",82.4,"FV"
2025,"WANGARATTA","Threatening behaviour",52.7,"Non-FV"
2025,"CORANGAMITE","Serious assault",164.7,"FV"
2025,"CORANGAMITE","Serious assault",69.7,"Non-FV"
2025,"CORANGAMITE","Common assault",152.1,"FV"
2025,"CORANGAMITE","Common assault",101.4,"Non-FV"
2025,"CORANGAMITE","Stalking",25.3,"FV"
2025,"CORANGAMITE","Stalking",12.7,"Non-FV"
2025,"CORANGAMITE","Harassment and private nuisance",50.7,"FV"
2025,"CORANGAMITE","Harassment and private nuisance",12.7,"Non-FV"
2025,"CORANGAMITE","Threatening behaviour",57,"FV"
2025,"CORANGAMITE","Threatening behaviour",126.7,"Non-FV"
2025,"MOYNE","Serious assault",129.3,"FV"
2025,"MOYNE","Serious assault",61.8,"Non-FV"
2025,"MOYNE","Common assault",157.4,"FV"
2025,"MOYNE","Common assault",50.6,"Non-FV"
2025,"MOYNE","Stalking",33.7,"FV"
2025,"MOYNE","Stalking",28.1,"Non-FV"
2025,"MOYNE","Harassment and private nuisance",28.1,"FV"
2025,"MOYNE","Harassment and private nuisance",28.1,"Non-FV"
2025,"MOYNE","Threatening behaviour",73.1,"FV"
2025,"MOYNE","Threatening behaviour",22.5,"Non-FV"
2025,"WARRNAMBOOL","Serious assault",271.9,"FV"
2025,"WARRNAMBOOL","Serious assault",151.1,"Non-FV"
2025,"WARRNAMBOOL","Common assault",282.9,"FV"
2025,"WARRNAMBOOL","Common assault",211.5,"Non-FV"
2025,"WARRNAMBOOL","Stalking",52.2,"FV"
2025,"WARRNAMBOOL","Stalking",33,"Non-FV"
2025,"WARRNAMBOOL","Harassment and private nuisance",82.4,"FV"
2025,"WARRNAMBOOL","Harassment and private nuisance",24.7,"Non-FV"
2025,"WARRNAMBOOL","Threatening behaviour",87.9,"FV"
2025,"WARRNAMBOOL","Threatening behaviour",74.2,"Non-FV"
2025,"WELLINGTON","Serious assault",307,"FV"
2025,"WELLINGTON","Serious assault",196.2,"Non-FV"
2025,"WELLINGTON","Common assault",507.5,"FV"
2025,"WELLINGTON","Common assault",281.5,"Non-FV"
2025,"WELLINGTON","Stalking",51.2,"FV"
2025,"WELLINGTON","Stalking",46.9,"Non-FV"
2025,"WELLINGTON","Harassment and private nuisance",53.3,"FV"
2025,"WELLINGTON","Harassment and private nuisance",14.9,"Non-FV"
2025,"WELLINGTON","Threatening behaviour",127.9,"FV"
2025,"WELLINGTON","Threatening behaviour",125.8,"Non-FV"
2025,"WHITEHORSE","Serious assault",73.3,"FV"
2025,"WHITEHORSE","Serious assault",53.4,"Non-FV"
2025,"WHITEHORSE","Common assault",152.5,"FV"
2025,"WHITEHORSE","Common assault",126.1,"Non-FV"
2025,"WHITEHORSE","Stalking",9.2,"FV"
2025,"WHITEHORSE","Stalking",9.7,"Non-FV"
2025,"WHITEHORSE","Harassment and private nuisance",7.5,"FV"
2025,"WHITEHORSE","Harassment and private nuisance",36.1,"Non-FV"
2025,"WHITEHORSE","Threatening behaviour",28,"FV"
2025,"WHITEHORSE","Threatening behaviour",25.3,"Non-FV"
2025,"WHITTLESEA","Serious assault",103.9,"FV"
2025,"WHITTLESEA","Serious assault",87.4,"Non-FV"
2025,"WHITTLESEA","Common assault",228.2,"FV"
2025,"WHITTLESEA","Common assault",140,"Non-FV"
2025,"WHITTLESEA","Stalking",24.2,"FV"
2025,"WHITTLESEA","Stalking",12.7,"Non-FV"
2025,"WHITTLESEA","Harassment and private nuisance",44.5,"FV"
2025,"WHITTLESEA","Harassment and private nuisance",24.9,"Non-FV"
2025,"WHITTLESEA","Threatening behaviour",67.1,"FV"
2025,"WHITTLESEA","Threatening behaviour",36.4,"Non-FV"
2025,"INDIGO","Serious assault",72.6,"FV"
2025,"INDIGO","Serious assault",50.3,"Non-FV"
2025,"INDIGO","Common assault",139.7,"FV"
2025,"INDIGO","Common assault",83.8,"Non-FV"
2025,"INDIGO","Stalking",27.9,"FV"
2025,"INDIGO","Harassment and private nuisance",5.6,"FV"
2025,"INDIGO","Harassment and private nuisance",5.6,"Non-FV"
2025,"INDIGO","Threatening behaviour",11.2,"FV"
2025,"INDIGO","Threatening behaviour",27.9,"Non-FV"
2025,"TOWONG","Serious assault",48,"FV"
2025,"TOWONG","Serious assault",80,"Non-FV"
2025,"TOWONG","Common assault",159.9,"FV"
2025,"TOWONG","Common assault",96,"Non-FV"
2025,"TOWONG","Stalking",32,"FV"
2025,"TOWONG","Stalking",32,"Non-FV"
2025,"TOWONG","Harassment and private nuisance",32,"Non-FV"
2025,"TOWONG","Threatening behaviour",16,"FV"
2025,"TOWONG","Threatening behaviour",16,"Non-FV"
2025,"WODONGA","Serious assault",245.4,"FV"
2025,"WODONGA","Serious assault",120.5,"Non-FV"
2025,"WODONGA","Common assault",278.3,"FV"
2025,"WODONGA","Common assault",249.8,"Non-FV"
2025,"WODONGA","Stalking",21.9,"FV"
2025,"WODONGA","Harassment and private nuisance",48.2,"FV"
2025,"WODONGA","Harassment and private nuisance",17.5,"Non-FV"
2025,"WODONGA","Threatening behaviour",72.3,"FV"
2025,"WODONGA","Threatening behaviour",52.6,"Non-FV"
2025,"WYNDHAM","Serious assault",121.4,"FV"
2025,"WYNDHAM","Serious assault",92.5,"Non-FV"
2025,"WYNDHAM","Common assault",181.3,"FV"
2025,"WYNDHAM","Common assault",142,"Non-FV"
2025,"WYNDHAM","Stalking",18,"FV"
2025,"WYNDHAM","Stalking",8,"Non-FV"
2025,"WYNDHAM","Harassment and private nuisance",24.9,"FV"
2025,"WYNDHAM","Harassment and private nuisance",21.5,"Non-FV"
2025,"WYNDHAM","Threatening behaviour",51.8,"FV"
2025,"WYNDHAM","Threatening behaviour",30.6,"Non-FV"
2025,"YARRA","Serious assault",126.3,"FV"
2025,"YARRA","Serious assault",286.9,"Non-FV"
2025,"YARRA","Common assault",164.5,"FV"
2025,"YARRA","Common assault",534.7,"Non-FV"
2025,"YARRA","Stalking",22.5,"FV"
2025,"YARRA","Stalking",19.6,"Non-FV"
2025,"YARRA","Harassment and private nuisance",33.3,"FV"
2025,"YARRA","Harassment and private nuisance",19.6,"Non-FV"
2025,"YARRA","Threatening behaviour",43.1,"FV"
2025,"YARRA","Threatening behaviour",67.6,"Non-FV"
2025,"YARRA RANGES","Serious assault",88.9,"FV"
2025,"YARRA RANGES","Serious assault",67.1,"Non-FV"
2025,"YARRA RANGES","Common assault",235.6,"FV"
2025,"YARRA RANGES","Common assault",122.5,"Non-FV"
2025,"YARRA RANGES","Stalking",18.6,"FV"
2025,"YARRA RANGES","Stalking",17.4,"Non-FV"
2025,"YARRA RANGES","Harassment and private nuisance",25.5,"FV"
2025,"YARRA RANGES","Harassment and private nuisance",13.7,"Non-FV"
2025,"YARRA RANGES","Threatening behaviour",44.8,"FV"
2025,"YARRA RANGES","Threatening behaviour",31.1,"Non-FV"
2024,"BALLARAT","Serious assault",165.2,"FV"
2024,"BALLARAT","Serious assault",169.4,"Non-FV"
2024,"BALLARAT","Common assault",249.5,"FV"
2024,"BALLARAT","Common assault",185,"Non-FV"
2024,"BALLARAT","Stalking",27.3,"FV"
2024,"BALLARAT","Stalking",19,"Non-FV"
2024,"BALLARAT","Harassment and private nuisance",38.8,"FV"
2024,"BALLARAT","Harassment and private nuisance",6.6,"Non-FV"
2024,"BALLARAT","Threatening behaviour",52.9,"FV"
2024,"BALLARAT","Threatening behaviour",25.6,"Non-FV"
2024,"PYRENEES","Serious assault",50.3,"FV"
2024,"PYRENEES","Serious assault",37.7,"Non-FV"
2024,"PYRENEES","Common assault",50.3,"FV"
2024,"PYRENEES","Common assault",88,"Non-FV"
2024,"BANYULE","Serious assault",104.6,"FV"
2024,"BANYULE","Serious assault",96.3,"Non-FV"
2024,"BANYULE","Common assault",138,"FV"
2024,"BANYULE","Common assault",189.5,"Non-FV"
2024,"BANYULE","Stalking",15.2,"FV"
2024,"BANYULE","Stalking",15.9,"Non-FV"
2024,"BANYULE","Harassment and private nuisance",28.8,"FV"
2024,"BANYULE","Harassment and private nuisance",15.2,"Non-FV"
2024,"BANYULE","Threatening behaviour",40.9,"FV"
2024,"BANYULE","Threatening behaviour",49.3,"Non-FV"
2024,"NILLUMBIK","Serious assault",36.1,"FV"
2024,"NILLUMBIK","Serious assault",39.3,"Non-FV"
2024,"NILLUMBIK","Common assault",103.6,"FV"
2024,"NILLUMBIK","Common assault",86.4,"Non-FV"
2024,"NILLUMBIK","Stalking",11,"FV"
2024,"NILLUMBIK","Stalking",9.4,"Non-FV"
2024,"NILLUMBIK","Harassment and private nuisance",12.6,"FV"
2024,"NILLUMBIK","Harassment and private nuisance",17.3,"Non-FV"
2024,"NILLUMBIK","Threatening behaviour",18.8,"FV"
2024,"NILLUMBIK","Threatening behaviour",20.4,"Non-FV"
2024,"BASS COAST","Serious assault",213.5,"FV"
2024,"BASS COAST","Serious assault",135.5,"Non-FV"
2024,"BASS COAST","Common assault",383.4,"FV"
2024,"BASS COAST","Common assault",181.4,"Non-FV"
2024,"BASS COAST","Stalking",45.9,"FV"
2024,"BASS COAST","Stalking",32.1,"Non-FV"
2024,"BASS COAST","Harassment and private nuisance",64.3,"FV"
2024,"BASS COAST","Harassment and private nuisance",18.4,"Non-FV"
2024,"BASS COAST","Threatening behaviour",89.5,"FV"
2024,"BASS COAST","Threatening behaviour",52.8,"Non-FV"
2024,"SOUTH GIPPSLAND","Serious assault",167.6,"FV"
2024,"SOUTH GIPPSLAND","Serious assault",90.3,"Non-FV"
2024,"SOUTH GIPPSLAND","Common assault",274,"FV"
2024,"SOUTH GIPPSLAND","Common assault",174.1,"Non-FV"
2024,"SOUTH GIPPSLAND","Stalking",41.9,"FV"
2024,"SOUTH GIPPSLAND","Stalking",22.6,"Non-FV"
2024,"SOUTH GIPPSLAND","Harassment and private nuisance",45.1,"FV"
2024,"SOUTH GIPPSLAND","Harassment and private nuisance",16.1,"Non-FV"
2024,"SOUTH GIPPSLAND","Threatening behaviour",80.6,"FV"
2024,"SOUTH GIPPSLAND","Threatening behaviour",38.7,"Non-FV"
2024,"BAW BAW","Serious assault",211.6,"FV"
2024,"BAW BAW","Serious assault",96.9,"Non-FV"
2024,"BAW BAW","Common assault",369.9,"FV"
2024,"BAW BAW","Common assault",198.7,"Non-FV"
2024,"BAW BAW","Stalking",29.1,"FV"
2024,"BAW BAW","Stalking",11.3,"Non-FV"
2024,"BAW BAW","Harassment and private nuisance",58.2,"FV"
2024,"BAW BAW","Harassment and private nuisance",16.2,"Non-FV"
2024,"BAW BAW","Threatening behaviour",96.9,"FV"
2024,"BAW BAW","Threatening behaviour",43.6,"Non-FV"
2024,"BENALLA","Serious assault",232.3,"FV"
2024,"BENALLA","Serious assault",88.8,"Non-FV"
2024,"BENALLA","Common assault",287,"FV"
2024,"BENALLA","Common assault",170.8,"Non-FV"
2024,"BENALLA","Stalking",20.5,"FV"
2024,"BENALLA","Stalking",13.7,"Non-FV"
2024,"BENALLA","Harassment and private nuisance",54.7,"FV"
2024,"BENALLA","Harassment and private nuisance",20.5,"Non-FV"
2024,"BENALLA","Threatening behaviour",95.7,"FV"
2024,"BENALLA","Threatening behaviour",54.7,"Non-FV"
2024,"MANSFIELD","Serious assault",92.7,"FV"
2024,"MANSFIELD","Serious assault",74.2,"Non-FV"
2024,"MANSFIELD","Common assault",157.7,"FV"
2024,"MANSFIELD","Common assault",185.5,"Non-FV"
2024,"MANSFIELD","Stalking",9.3,"FV"
2024,"MANSFIELD","Stalking",55.6,"Non-FV"
2024,"MANSFIELD","Harassment and private nuisance",9.3,"FV"
2024,"MANSFIELD","Harassment and private nuisance",46.4,"Non-FV"
2024,"MANSFIELD","Threatening behaviour",92.7,"FV"
2024,"MANSFIELD","Threatening behaviour",55.6,"Non-FV"
2024,"MURRINDINDI","Serious assault",83.3,"FV"
2024,"MURRINDINDI","Serious assault",83.3,"Non-FV"
2024,"MURRINDINDI","Common assault",198.7,"FV"
2024,"MURRINDINDI","Common assault",160.2,"Non-FV"
2024,"MURRINDINDI","Stalking",12.8,"FV"
2024,"MURRINDINDI","Harassment and private nuisance",25.6,"FV"
2024,"MURRINDINDI","Harassment and private nuisance",12.8,"Non-FV"
2024,"MURRINDINDI","Threatening behaviour",32,"FV"
2024,"MURRINDINDI","Threatening behaviour",44.9,"Non-FV"
2024,"GREATER BENDIGO","Serious assault",170.1,"FV"
2024,"GREATER BENDIGO","Serious assault",157.4,"Non-FV"
2024,"GREATER BENDIGO","Common assault",228.9,"FV"
2024,"GREATER BENDIGO","Common assault",214.6,"Non-FV"
2024,"GREATER BENDIGO","Stalking",14.3,"FV"
2024,"GREATER BENDIGO","Stalking",8.7,"Non-FV"
2024,"GREATER BENDIGO","Harassment and private nuisance",27,"FV"
2024,"GREATER BENDIGO","Harassment and private nuisance",8.7,"Non-FV"
2024,"GREATER BENDIGO","Threatening behaviour",97.8,"FV"
2024,"GREATER BENDIGO","Threatening behaviour",40.5,"Non-FV"
2024,"BOROONDARA","Serious assault",34.8,"FV"
2024,"BOROONDARA","Serious assault",41,"Non-FV"
2024,"BOROONDARA","Common assault",124.7,"FV"
2024,"BOROONDARA","Common assault",100.6,"Non-FV"
2024,"BOROONDARA","Stalking",13.5,"FV"
2024,"BOROONDARA","Stalking",15.2,"Non-FV"
2024,"BOROONDARA","Harassment and private nuisance",13.5,"FV"
2024,"BOROONDARA","Harassment and private nuisance",17.4,"Non-FV"
2024,"BOROONDARA","Threatening behaviour",12.9,"FV"
2024,"BOROONDARA","Threatening behaviour",30.9,"Non-FV"
2024,"BRIMBANK","Serious assault",135.8,"FV"
2024,"BRIMBANK","Serious assault",141.8,"Non-FV"
2024,"BRIMBANK","Common assault",243.2,"FV"
2024,"BRIMBANK","Common assault",185.7,"Non-FV"
2024,"BRIMBANK","Stalking",19.2,"FV"
2024,"BRIMBANK","Stalking",6.1,"Non-FV"
2024,"BRIMBANK","Harassment and private nuisance",31.8,"FV"
2024,"BRIMBANK","Harassment and private nuisance",12.1,"Non-FV"
2024,"BRIMBANK","Threatening behaviour",80.7,"FV"
2024,"BRIMBANK","Threatening behaviour",61.1,"Non-FV"
2024,"CAMPASPE","Serious assault",138.9,"FV"
2024,"CAMPASPE","Serious assault",138.9,"Non-FV"
2024,"CAMPASPE","Common assault",251.6,"FV"
2024,"CAMPASPE","Common assault",207.1,"Non-FV"
2024,"CAMPASPE","Stalking",18.3,"FV"
2024,"CAMPASPE","Stalking",7.9,"Non-FV"
2024,"CAMPASPE","Harassment and private nuisance",49.8,"FV"
2024,"CAMPASPE","Harassment and private nuisance",15.7,"Non-FV"
2024,"CAMPASPE","Threatening behaviour",78.6,"FV"
2024,"CAMPASPE","Threatening behaviour",41.9,"Non-FV"
2024,"CARDINIA","Serious assault",89,"FV"
2024,"CARDINIA","Serious assault",77.5,"Non-FV"
2024,"CARDINIA","Common assault",256.2,"FV"
2024,"CARDINIA","Common assault",123.5,"Non-FV"
2024,"CARDINIA","Stalking",41.4,"FV"
2024,"CARDINIA","Stalking",18.4,"Non-FV"
2024,"CARDINIA","Harassment and private nuisance",39.9,"FV"
2024,"CARDINIA","Harassment and private nuisance",14.6,"Non-FV"
2024,"CARDINIA","Threatening behaviour",50.6,"FV"
2024,"CARDINIA","Threatening behaviour",33.7,"Non-FV"
2024,"CASEY","Serious assault",107.8,"FV"
2024,"CASEY","Serious assault",81.4,"Non-FV"
2024,"CASEY","Common assault",301.7,"FV"
2024,"CASEY","Common assault",147,"Non-FV"
2024,"CASEY","Stalking",34,"FV"
2024,"CASEY","Stalking",13.1,"Non-FV"
2024,"CASEY","Harassment and private nuisance",36.5,"FV"
2024,"CASEY","Harassment and private nuisance",19.2,"Non-FV"
2024,"CASEY","Threatening behaviour",81.9,"FV"
2024,"CASEY","Threatening behaviour",40.7,"Non-FV"
2024,"CENTRAL GOLDFIELDS","Serious assault",218.9,"FV"
2024,"CENTRAL GOLDFIELDS","Serious assault",211.6,"Non-FV"
2024,"CENTRAL GOLDFIELDS","Common assault",335.7,"FV"
2024,"CENTRAL GOLDFIELDS","Common assault",211.6,"Non-FV"
2024,"CENTRAL GOLDFIELDS","Stalking",36.5,"FV"
2024,"CENTRAL GOLDFIELDS","Stalking",7.3,"Non-FV"
2024,"CENTRAL GOLDFIELDS","Harassment and private nuisance",80.3,"FV"
2024,"CENTRAL GOLDFIELDS","Harassment and private nuisance",14.6,"Non-FV"
2024,"CENTRAL GOLDFIELDS","Threatening behaviour",65.7,"FV"
2024,"CENTRAL GOLDFIELDS","Threatening behaviour",58.4,"Non-FV"
2024,"LODDON","Serious assault",180.5,"FV"
2024,"LODDON","Serious assault",12.9,"Non-FV"
2024,"LODDON","Common assault",90.3,"FV"
2024,"LODDON","Common assault",180.5,"Non-FV"
2024,"LODDON","Stalking",38.7,"FV"
2024,"LODDON","Threatening behaviour",64.5,"FV"
2024,"LODDON","Threatening behaviour",38.7,"Non-FV"
2024,"MOUNT ALEXANDER","Serious assault",81.7,"FV"
2024,"MOUNT ALEXANDER","Serious assault",91.4,"Non-FV"
2024,"MOUNT ALEXANDER","Common assault",125,"FV"
2024,"MOUNT ALEXANDER","Common assault",96.2,"Non-FV"
2024,"MOUNT ALEXANDER","Harassment and private nuisance",14.4,"FV"
2024,"MOUNT ALEXANDER","Harassment and private nuisance",9.6,"Non-FV"
2024,"MOUNT ALEXANDER","Threatening behaviour",24,"FV"
2024,"MOUNT ALEXANDER","Threatening behaviour",28.8,"Non-FV"
2024,"DAREBIN","Serious assault",92.5,"FV"
2024,"DAREBIN","Serious assault",119.4,"Non-FV"
2024,"DAREBIN","Common assault",148.2,"FV"
2024,"DAREBIN","Common assault",205.7,"Non-FV"
2024,"DAREBIN","Stalking",25.6,"FV"
2024,"DAREBIN","Stalking",6.3,"Non-FV"
2024,"DAREBIN","Harassment and private nuisance",26.9,"FV"
2024,"DAREBIN","Harassment and private nuisance",20.6,"Non-FV"
2024,"DAREBIN","Threatening behaviour",54.4,"FV"
2024,"DAREBIN","Threatening behaviour",49.4,"Non-FV"
2024,"EAST GIPPSLAND","Serious assault",234.7,"FV"
2024,"EAST GIPPSLAND","Serious assault",178.1,"Non-FV"
2024,"EAST GIPPSLAND","Common assault",688,"FV"
2024,"EAST GIPPSLAND","Common assault",289.3,"Non-FV"
2024,"EAST GIPPSLAND","Stalking",44.5,"FV"
2024,"EAST GIPPSLAND","Stalking",30.4,"Non-FV"
2024,"EAST GIPPSLAND","Harassment and private nuisance",56.7,"FV"
2024,"EAST GIPPSLAND","Harassment and private nuisance",14.2,"Non-FV"
2024,"EAST GIPPSLAND","Threatening behaviour",131.5,"FV"
2024,"EAST GIPPSLAND","Threatening behaviour",95.1,"Non-FV"
2024,"FRANKSTON","Serious assault",131.4,"FV"
2024,"FRANKSTON","Serious assault",127.9,"Non-FV"
2024,"FRANKSTON","Common assault",350.6,"FV"
2024,"FRANKSTON","Common assault",309.1,"Non-FV"
2024,"FRANKSTON","Stalking",33.2,"FV"
2024,"FRANKSTON","Stalking",15.2,"Non-FV"
2024,"FRANKSTON","Harassment and private nuisance",56,"FV"
2024,"FRANKSTON","Harassment and private nuisance",21.4,"Non-FV"
2024,"FRANKSTON","Threatening behaviour",84.4,"FV"
2024,"FRANKSTON","Threatening behaviour",60.2,"Non-FV"
2024,"GREATER GEELONG","Serious assault",140.9,"FV"
2024,"GREATER GEELONG","Serious assault",151.3,"Non-FV"
2024,"GREATER GEELONG","Common assault",244.9,"FV"
2024,"GREATER GEELONG","Common assault",169.2,"Non-FV"
2024,"GREATER GEELONG","Stalking",23.8,"FV"
2024,"GREATER GEELONG","Stalking",11.7,"Non-FV"
2024,"GREATER GEELONG","Harassment and private nuisance",32.8,"FV"
2024,"GREATER GEELONG","Harassment and private nuisance",13.8,"Non-FV"
2024,"GREATER GEELONG","Threatening behaviour",60.4,"FV"
2024,"GREATER GEELONG","Threatening behaviour",47.7,"Non-FV"
2024,"QUEENSCLIFFE","Serious assault",30.3,"FV"
2024,"QUEENSCLIFFE","Serious assault",30.3,"Non-FV"
2024,"QUEENSCLIFFE","Common assault",60.6,"FV"
2024,"QUEENSCLIFFE","Stalking",30.3,"FV"
2024,"BAYSIDE","Serious assault",44.3,"FV"
2024,"BAYSIDE","Serious assault",41.5,"Non-FV"
2024,"BAYSIDE","Common assault",135.7,"FV"
2024,"BAYSIDE","Common assault",77.3,"Non-FV"
2024,"BAYSIDE","Stalking",13.2,"FV"
2024,"BAYSIDE","Stalking",7.5,"Non-FV"
2024,"BAYSIDE","Harassment and private nuisance",15.1,"FV"
2024,"BAYSIDE","Harassment and private nuisance",15.1,"Non-FV"
2024,"BAYSIDE","Threatening behaviour",19.8,"FV"
2024,"BAYSIDE","Threatening behaviour",31.1,"Non-FV"
2024,"GLEN EIRA","Serious assault",32.3,"FV"
2024,"GLEN EIRA","Serious assault",28.6,"Non-FV"
2024,"GLEN EIRA","Common assault",199.3,"FV"
2024,"GLEN EIRA","Common assault",131.6,"Non-FV"
2024,"GLEN EIRA","Stalking",8.7,"FV"
2024,"GLEN EIRA","Stalking",10.6,"Non-FV"
2024,"GLEN EIRA","Harassment and private nuisance",14.3,"FV"
2024,"GLEN EIRA","Harassment and private nuisance",17.4,"Non-FV"
2024,"GLEN EIRA","Threatening behaviour",23,"FV"
2024,"GLEN EIRA","Threatening behaviour",19.9,"Non-FV"
2024,"GREATER DANDENONG","Serious assault",121.9,"FV"
2024,"GREATER DANDENONG","Serious assault",175.1,"Non-FV"
2024,"GREATER DANDENONG","Common assault",359.8,"FV"
2024,"GREATER DANDENONG","Common assault",341.3,"Non-FV"
2024,"GREATER DANDENONG","Stalking",23.3,"FV"
2024,"GREATER DANDENONG","Stalking",14.9,"Non-FV"
2024,"GREATER DANDENONG","Harassment and private nuisance",20.9,"FV"
2024,"GREATER DANDENONG","Harassment and private nuisance",11.4,"Non-FV"
2024,"GREATER DANDENONG","Threatening behaviour",107.6,"FV"
2024,"GREATER DANDENONG","Threatening behaviour",64.6,"Non-FV"
2024,"HOBSONS BAY","Serious assault",119.2,"FV"
2024,"HOBSONS BAY","Serious assault",124.4,"Non-FV"
2024,"HOBSONS BAY","Common assault",140.1,"FV"
2024,"HOBSONS BAY","Common assault",142.2,"Non-FV"
2024,"HOBSONS BAY","Stalking",20.9,"FV"
2024,"HOBSONS BAY","Stalking",12.5,"Non-FV"
2024,"HOBSONS BAY","Harassment and private nuisance",25.1,"FV"
2024,"HOBSONS BAY","Harassment and private nuisance",5.2,"Non-FV"
2024,"HOBSONS BAY","Threatening behaviour",35.6,"FV"
2024,"HOBSONS BAY","Threatening behaviour",37.6,"Non-FV"
2024,"HINDMARSH","Serious assault",109.8,"FV"
2024,"HINDMARSH","Serious assault",109.8,"Non-FV"
2024,"HINDMARSH","Common assault",146.4,"FV"
2024,"HINDMARSH","Common assault",73.2,"Non-FV"
2024,"HINDMARSH","Stalking",36.6,"FV"
2024,"HINDMARSH","Stalking",54.9,"Non-FV"
2024,"HINDMARSH","Harassment and private nuisance",36.6,"FV"
2024,"HINDMARSH","Harassment and private nuisance",91.5,"Non-FV"
2024,"HINDMARSH","Threatening behaviour",36.6,"FV"
2024,"HINDMARSH","Threatening behaviour",73.2,"Non-FV"
2024,"HORSHAM","Serious assault",299.4,"FV"
2024,"HORSHAM","Serious assault",220.8,"Non-FV"
2024,"HORSHAM","Common assault",667.5,"FV"
2024,"HORSHAM","Common assault",294.5,"Non-FV"
2024,"HORSHAM","Stalking",68.7,"FV"
2024,"HORSHAM","Stalking",19.6,"Non-FV"
2024,"HORSHAM","Harassment and private nuisance",44.2,"FV"
2024,"HORSHAM","Harassment and private nuisance",9.8,"Non-FV"
2024,"HORSHAM","Threatening behaviour",98.2,"FV"
2024,"HORSHAM","Threatening behaviour",108,"Non-FV"
2024,"WEST WIMMERA","Serious assault",255.6,"FV"
2024,"WEST WIMMERA","Serious assault",153.3,"Non-FV"
2024,"WEST WIMMERA","Common assault",230,"FV"
2024,"WEST WIMMERA","Common assault",127.8,"Non-FV"
2024,"WEST WIMMERA","Stalking",51.1,"FV"
2024,"WEST WIMMERA","Harassment and private nuisance",51.1,"FV"
2024,"WEST WIMMERA","Threatening behaviour",204.4,"FV"
2024,"WEST WIMMERA","Threatening behaviour",102.2,"Non-FV"
2024,"HUME","Serious assault",152,"FV"
2024,"HUME","Serious assault",96.8,"Non-FV"
2024,"HUME","Common assault",239.2,"FV"
2024,"HUME","Common assault",168.9,"Non-FV"
2024,"HUME","Stalking",28.3,"FV"
2024,"HUME","Stalking",15.5,"Non-FV"
2024,"HUME","Harassment and private nuisance",53.7,"FV"
2024,"HUME","Harassment and private nuisance",19.1,"Non-FV"
2024,"HUME","Threatening behaviour",84.3,"FV"
2024,"HUME","Threatening behaviour",46,"Non-FV"
2024,"KINGSTON","Serious assault",64.3,"FV"
2024,"KINGSTON","Serious assault",80.5,"Non-FV"
2024,"KINGSTON","Common assault",228.2,"FV"
2024,"KINGSTON","Common assault",154.9,"Non-FV"
2024,"KINGSTON","Stalking",15,"FV"
2024,"KINGSTON","Stalking",16.8,"Non-FV"
2024,"KINGSTON","Harassment and private nuisance",16.8,"FV"
2024,"KINGSTON","Harassment and private nuisance",23.4,"Non-FV"
2024,"KINGSTON","Threatening behaviour",48.6,"FV"
2024,"KINGSTON","Threatening behaviour",30.6,"Non-FV"
2024,"KNOX","Serious assault",58.8,"FV"
2024,"KNOX","Serious assault",63.7,"Non-FV"
2024,"KNOX","Common assault",172.1,"FV"
2024,"KNOX","Common assault",119.4,"Non-FV"
2024,"KNOX","Stalking",18.4,"FV"
2024,"KNOX","Stalking",42.9,"Non-FV"
2024,"KNOX","Harassment and private nuisance",25.1,"FV"
2024,"KNOX","Harassment and private nuisance",49.6,"Non-FV"
2024,"KNOX","Threatening behaviour",43.5,"FV"
2024,"KNOX","Threatening behaviour",28.8,"Non-FV"
2024,"LATROBE","Serious assault",284.1,"FV"
2024,"LATROBE","Serious assault",230.8,"Non-FV"
2024,"LATROBE","Common assault",720.4,"FV"
2024,"LATROBE","Common assault",379.2,"Non-FV"
2024,"LATROBE","Stalking",50.7,"FV"
2024,"LATROBE","Stalking",22.8,"Non-FV"
2024,"LATROBE","Harassment and private nuisance",72.3,"FV"
2024,"LATROBE","Harassment and private nuisance",10.1,"Non-FV"
2024,"LATROBE","Threatening behaviour",159.8,"FV"
2024,"LATROBE","Threatening behaviour",88.8,"Non-FV"
2024,"MACEDON RANGES","Serious assault",68.9,"FV"
2024,"MACEDON RANGES","Serious assault",61.4,"Non-FV"
2024,"MACEDON RANGES","Common assault",147,"FV"
2024,"MACEDON RANGES","Common assault",83.7,"Non-FV"
2024,"MACEDON RANGES","Stalking",11.2,"FV"
2024,"MACEDON RANGES","Stalking",14.9,"Non-FV"
2024,"MACEDON RANGES","Harassment and private nuisance",33.5,"FV"
2024,"MACEDON RANGES","Harassment and private nuisance",3.7,"Non-FV"
2024,"MACEDON RANGES","Threatening behaviour",46.5,"FV"
2024,"MACEDON RANGES","Threatening behaviour",22.3,"Non-FV"
2024,"MANNINGHAM","Serious assault",44,"FV"
2024,"MANNINGHAM","Serious assault",31.9,"Non-FV"
2024,"MANNINGHAM","Common assault",186.7,"FV"
2024,"MANNINGHAM","Common assault",75.9,"Non-FV"
2024,"MANNINGHAM","Stalking",13.7,"FV"
2024,"MANNINGHAM","Stalking",10.6,"Non-FV"
2024,"MANNINGHAM","Harassment and private nuisance",11.4,"FV"
2024,"MANNINGHAM","Harassment and private nuisance",7.6,"Non-FV"
2024,"MANNINGHAM","Threatening behaviour",28.8,"FV"
2024,"MANNINGHAM","Threatening behaviour",22.8,"Non-FV"
2024,"MARIBYRNONG","Serious assault",98.7,"FV"
2024,"MARIBYRNONG","Serious assault",216.4,"Non-FV"
2024,"MARIBYRNONG","Common assault",148.5,"FV"
2024,"MARIBYRNONG","Common assault",346.9,"Non-FV"
2024,"MARIBYRNONG","Stalking",18,"FV"
2024,"MARIBYRNONG","Stalking",20.2,"Non-FV"
2024,"MARIBYRNONG","Harassment and private nuisance",14.9,"FV"
2024,"MARIBYRNONG","Harassment and private nuisance",18,"Non-FV"
2024,"MARIBYRNONG","Threatening behaviour",36.1,"FV"
2024,"MARIBYRNONG","Threatening behaviour",47.7,"Non-FV"
2024,"MAROONDAH","Serious assault",72.9,"FV"
2024,"MAROONDAH","Serious assault",80.4,"Non-FV"
2024,"MAROONDAH","Common assault",208.6,"FV"
2024,"MAROONDAH","Common assault",157.5,"Non-FV"
2024,"MAROONDAH","Stalking",15.9,"FV"
2024,"MAROONDAH","Stalking",12.6,"Non-FV"
2024,"MAROONDAH","Harassment and private nuisance",27.6,"FV"
2024,"MAROONDAH","Harassment and private nuisance",16.8,"Non-FV"
2024,"MAROONDAH","Threatening behaviour",33.5,"FV"
2024,"MAROONDAH","Threatening behaviour",33.5,"Non-FV"
2024,"MELBOURNE","Serious assault",133.1,"FV"
2024,"MELBOURNE","Serious assault",427.2,"Non-FV"
2024,"MELBOURNE","Common assault",216,"FV"
2024,"MELBOURNE","Common assault",931.5,"Non-FV"
2024,"MELBOURNE","Stalking",38,"FV"
2024,"MELBOURNE","Stalking",39.6,"Non-FV"
2024,"MELBOURNE","Harassment and private nuisance",33.8,"FV"
2024,"MELBOURNE","Harassment and private nuisance",46.5,"Non-FV"
2024,"MELBOURNE","Threatening behaviour",47.5,"FV"
2024,"MELBOURNE","Threatening behaviour",105.6,"Non-FV"
2024,"MELTON","Serious assault",156.6,"FV"
2024,"MELTON","Serious assault",87.4,"Non-FV"
2024,"MELTON","Common assault",234,"FV"
2024,"MELTON","Common assault",112,"Non-FV"
2024,"MELTON","Stalking",24.1,"FV"
2024,"MELTON","Stalking",7.7,"Non-FV"
2024,"MELTON","Harassment and private nuisance",41,"FV"
2024,"MELTON","Harassment and private nuisance",14.1,"Non-FV"
2024,"MELTON","Threatening behaviour",76,"FV"
2024,"MELTON","Threatening behaviour",40.1,"Non-FV"
2024,"MERRI-BEK","Serious assault",98.1,"FV"
2024,"MERRI-BEK","Serious assault",108.3,"Non-FV"
2024,"MERRI-BEK","Common assault",143.7,"FV"
2024,"MERRI-BEK","Common assault",183.9,"Non-FV"
2024,"MERRI-BEK","Stalking",18.8,"FV"
2024,"MERRI-BEK","Stalking",24.1,"Non-FV"
2024,"MERRI-BEK","Harassment and private nuisance",32.2,"FV"
2024,"MERRI-BEK","Harassment and private nuisance",41.3,"Non-FV"
2024,"MERRI-BEK","Threatening behaviour",48.8,"FV"
2024,"MERRI-BEK","Threatening behaviour",54.1,"Non-FV"
2024,"MILDURA","Serious assault",232.5,"FV"
2024,"MILDURA","Serious assault",159.7,"Non-FV"
2024,"MILDURA","Common assault",527.5,"FV"
2024,"MILDURA","Common assault",345.3,"Non-FV"
2024,"MILDURA","Stalking",64.2,"FV"
2024,"MILDURA","Stalking",31.2,"Non-FV"
2024,"MILDURA","Harassment and private nuisance",55.5,"FV"
2024,"MILDURA","Harassment and private nuisance",10.4,"Non-FV"
2024,"MILDURA","Threatening behaviour",114.5,"FV"
2024,"MILDURA","Threatening behaviour",62.5,"Non-FV"
2024,"MITCHELL","Serious assault",180.9,"FV"
2024,"MITCHELL","Serious assault",152.5,"Non-FV"
2024,"MITCHELL","Common assault",282,"FV"
2024,"MITCHELL","Common assault",235.9,"Non-FV"
2024,"MITCHELL","Stalking",67.4,"FV"
2024,"MITCHELL","Stalking",24.8,"Non-FV"
2024,"MITCHELL","Harassment and private nuisance",115.3,"FV"
2024,"MITCHELL","Harassment and private nuisance",35.5,"Non-FV"
2024,"MITCHELL","Threatening behaviour",133,"FV"
2024,"MITCHELL","Threatening behaviour",86.9,"Non-FV"
2024,"STRATHBOGIE","Serious assault",93.7,"FV"
2024,"STRATHBOGIE","Serious assault",85.2,"Non-FV"
2024,"STRATHBOGIE","Common assault",161.9,"FV"
2024,"STRATHBOGIE","Common assault",85.2,"Non-FV"
2024,"STRATHBOGIE","Stalking",25.6,"FV"
2024,"STRATHBOGIE","Stalking",17,"Non-FV"
2024,"STRATHBOGIE","Harassment and private nuisance",76.7,"FV"
2024,"STRATHBOGIE","Harassment and private nuisance",8.5,"Non-FV"
2024,"STRATHBOGIE","Threatening behaviour",85.2,"FV"
2024,"STRATHBOGIE","Threatening behaviour",42.6,"Non-FV"
2024,"MONASH","Serious assault",61.2,"FV"
2024,"MONASH","Serious assault",54.5,"Non-FV"
2024,"MONASH","Common assault",185.9,"FV"
2024,"MONASH","Common assault",173,"Non-FV"
2024,"MONASH","Stalking",15.8,"FV"
2024,"MONASH","Stalking",15.8,"Non-FV"
2024,"MONASH","Harassment and private nuisance",13.9,"FV"
2024,"MONASH","Harassment and private nuisance",12.9,"Non-FV"
2024,"MONASH","Threatening behaviour",25.3,"FV"
2024,"MONASH","Threatening behaviour",23.4,"Non-FV"
2024,"MOONEE VALLEY","Serious assault",105.6,"FV"
2024,"MOONEE VALLEY","Serious assault",96.4,"Non-FV"
2024,"MOONEE VALLEY","Common assault",133.4,"FV"
2024,"MOONEE VALLEY","Common assault",120.2,"Non-FV"
2024,"MOONEE VALLEY","Stalking",17.7,"FV"
2024,"MOONEE VALLEY","Stalking",24.7,"Non-FV"
2024,"MOONEE VALLEY","Harassment and private nuisance",38.5,"FV"
2024,"MOONEE VALLEY","Harassment and private nuisance",37,"Non-FV"
2024,"MOONEE VALLEY","Threatening behaviour",40.9,"FV"
2024,"MOONEE VALLEY","Threatening behaviour",31.6,"Non-FV"
2024,"GOLDEN PLAINS","Serious assault",45.6,"FV"
2024,"GOLDEN PLAINS","Serious assault",38,"Non-FV"
2024,"GOLDEN PLAINS","Common assault",106.3,"FV"
2024,"GOLDEN PLAINS","Common assault",34.2,"Non-FV"
2024,"GOLDEN PLAINS","Stalking",7.6,"FV"
2024,"GOLDEN PLAINS","Harassment and private nuisance",7.6,"FV"
2024,"GOLDEN PLAINS","Harassment and private nuisance",3.8,"Non-FV"
2024,"GOLDEN PLAINS","Threatening behaviour",26.6,"FV"
2024,"GOLDEN PLAINS","Threatening behaviour",15.2,"Non-FV"
2024,"HEPBURN","Serious assault",59.4,"FV"
2024,"HEPBURN","Serious assault",59.4,"Non-FV"
2024,"HEPBURN","Common assault",95.1,"FV"
2024,"HEPBURN","Common assault",107,"Non-FV"
2024,"HEPBURN","Stalking",17.8,"FV"
2024,"HEPBURN","Stalking",5.9,"Non-FV"
2024,"HEPBURN","Harassment and private nuisance",17.8,"FV"
2024,"HEPBURN","Threatening behaviour",35.7,"FV"
2024,"HEPBURN","Threatening behaviour",35.7,"Non-FV"
2024,"MOORABOOL","Serious assault",125.6,"FV"
2024,"MOORABOOL","Serious assault",138.1,"Non-FV"
2024,"MOORABOOL","Common assault",185.9,"FV"
2024,"MOORABOOL","Common assault",143.2,"Non-FV"
2024,"MOORABOOL","Stalking",5,"FV"
2024,"MOORABOOL","Stalking",2.5,"Non-FV"
2024,"MOORABOOL","Harassment and private nuisance",45.2,"FV"
2024,"MOORABOOL","Harassment and private nuisance",15.1,"Non-FV"
2024,"MOORABOOL","Threatening behaviour",85.4,"FV"
2024,"MOORABOOL","Threatening behaviour",40.2,"Non-FV"
2024,"MORNINGTON PENINSULA","Serious assault",84.6,"FV"
2024,"MORNINGTON PENINSULA","Serious assault",94.5,"Non-FV"
2024,"MORNINGTON PENINSULA","Common assault",207.6,"FV"
2024,"MORNINGTON PENINSULA","Common assault",118.4,"Non-FV"
2024,"MORNINGTON PENINSULA","Stalking",20.4,"FV"
2024,"MORNINGTON PENINSULA","Stalking",16.9,"Non-FV"
2024,"MORNINGTON PENINSULA","Harassment and private nuisance",15.2,"FV"
2024,"MORNINGTON PENINSULA","Harassment and private nuisance",16.3,"Non-FV"
2024,"MORNINGTON PENINSULA","Threatening behaviour",48.4,"FV"
2024,"MORNINGTON PENINSULA","Threatening behaviour",28.6,"Non-FV"
2024,"ARARAT","Serious assault",213.9,"FV"
2024,"ARARAT","Serious assault",102.7,"Non-FV"
2024,"ARARAT","Common assault",385.1,"FV"
2024,"ARARAT","Common assault",231,"Non-FV"
2024,"ARARAT","Stalking",42.8,"FV"
2024,"ARARAT","Stalking",8.6,"Non-FV"
2024,"ARARAT","Harassment and private nuisance",59.9,"FV"
2024,"ARARAT","Harassment and private nuisance",25.7,"Non-FV"
2024,"ARARAT","Threatening behaviour",213.9,"FV"
2024,"ARARAT","Threatening behaviour",102.7,"Non-FV"
2024,"NORTHERN GRAMPIANS","Serious assault",194.8,"FV"
2024,"NORTHERN GRAMPIANS","Serious assault",144,"Non-FV"
2024,"NORTHERN GRAMPIANS","Common assault",457.3,"FV"
2024,"NORTHERN GRAMPIANS","Common assault",364.2,"Non-FV"
2024,"NORTHERN GRAMPIANS","Stalking",93.2,"FV"
2024,"NORTHERN GRAMPIANS","Stalking",93.2,"Non-FV"
2024,"NORTHERN GRAMPIANS","Harassment and private nuisance",135.5,"FV"
2024,"NORTHERN GRAMPIANS","Harassment and private nuisance",84.7,"Non-FV"
2024,"NORTHERN GRAMPIANS","Threatening behaviour",127,"FV"
2024,"NORTHERN GRAMPIANS","Threatening behaviour",144,"Non-FV"
2024,"YARRIAMBIACK","Serious assault",283.6,"FV"
2024,"YARRIAMBIACK","Serious assault",126.1,"Non-FV"
2024,"YARRIAMBIACK","Common assault",520,"FV"
2024,"YARRIAMBIACK","Common assault",141.8,"Non-FV"
2024,"YARRIAMBIACK","Stalking",31.5,"FV"
2024,"YARRIAMBIACK","Stalking",31.5,"Non-FV"
2024,"YARRIAMBIACK","Harassment and private nuisance",78.8,"FV"
2024,"YARRIAMBIACK","Harassment and private nuisance",15.8,"Non-FV"
2024,"YARRIAMBIACK","Threatening behaviour",78.8,"FV"
2024,"YARRIAMBIACK","Threatening behaviour",63,"Non-FV"
2024,"PORT PHILLIP","Serious assault",95,"FV"
2024,"PORT PHILLIP","Serious assault",218.3,"Non-FV"
2024,"PORT PHILLIP","Common assault",221.9,"FV"
2024,"PORT PHILLIP","Common assault",342.6,"Non-FV"
2024,"PORT PHILLIP","Stalking",39.9,"FV"
2024,"PORT PHILLIP","Stalking",22.2,"Non-FV"
2024,"PORT PHILLIP","Harassment and private nuisance",55,"FV"
2024,"PORT PHILLIP","Harassment and private nuisance",26.6,"Non-FV"
2024,"PORT PHILLIP","Threatening behaviour",42.6,"FV"
2024,"PORT PHILLIP","Threatening behaviour",59.5,"Non-FV"
2024,"GREATER SHEPPARTON","Serious assault",437.9,"FV"
2024,"GREATER SHEPPARTON","Serious assault",240.4,"Non-FV"
2024,"GREATER SHEPPARTON","Common assault",294.8,"FV"
2024,"GREATER SHEPPARTON","Common assault",229,"Non-FV"
2024,"GREATER SHEPPARTON","Stalking",32.9,"FV"
2024,"GREATER SHEPPARTON","Stalking",7.2,"Non-FV"
2024,"GREATER SHEPPARTON","Harassment and private nuisance",58.7,"FV"
2024,"GREATER SHEPPARTON","Harassment and private nuisance",18.6,"Non-FV"
2024,"GREATER SHEPPARTON","Threatening behaviour",100.2,"FV"
2024,"GREATER SHEPPARTON","Threatening behaviour",67.3,"Non-FV"
2024,"GLENELG","Serious assault",219.9,"FV"
2024,"GLENELG","Serious assault",110,"Non-FV"
2024,"GLENELG","Common assault",324.9,"FV"
2024,"GLENELG","Common assault",144.9,"Non-FV"
2024,"GLENELG","Stalking",85,"FV"
2024,"GLENELG","Stalking",25,"Non-FV"
2024,"GLENELG","Harassment and private nuisance",55,"FV"
2024,"GLENELG","Harassment and private nuisance",20,"Non-FV"
2024,"GLENELG","Threatening behaviour",65,"FV"
2024,"GLENELG","Threatening behaviour",80,"Non-FV"
2024,"SOUTHERN GRAMPIANS","Serious assault",205.7,"FV"
2024,"SOUTHERN GRAMPIANS","Serious assault",139.2,"Non-FV"
2024,"SOUTHERN GRAMPIANS","Common assault",266.3,"FV"
2024,"SOUTHERN GRAMPIANS","Common assault",236,"Non-FV"
2024,"SOUTHERN GRAMPIANS","Stalking",78.7,"FV"
2024,"SOUTHERN GRAMPIANS","Stalking",36.3,"Non-FV"
2024,"SOUTHERN GRAMPIANS","Harassment and private nuisance",60.5,"FV"
2024,"SOUTHERN GRAMPIANS","Threatening behaviour",157.3,"FV"
2024,"SOUTHERN GRAMPIANS","Threatening behaviour",72.6,"Non-FV"
2024,"STONNINGTON","Serious assault",84.2,"FV"
2024,"STONNINGTON","Serious assault",185.9,"Non-FV"
2024,"STONNINGTON","Common assault",165.7,"FV"
2024,"STONNINGTON","Common assault",296.4,"Non-FV"
2024,"STONNINGTON","Stalking",25.4,"FV"
2024,"STONNINGTON","Stalking",26.3,"Non-FV"
2024,"STONNINGTON","Harassment and private nuisance",20.2,"FV"
2024,"STONNINGTON","Harassment and private nuisance",22.8,"Non-FV"
2024,"STONNINGTON","Threatening behaviour",20.2,"FV"
2024,"STONNINGTON","Threatening behaviour",43,"Non-FV"
2024,"COLAC OTWAY","Serious assault",183.9,"FV"
2024,"COLAC OTWAY","Serious assault",103.1,"Non-FV"
2024,"COLAC OTWAY","Common assault",304.9,"FV"
2024,"COLAC OTWAY","Common assault",165.9,"Non-FV"
2024,"COLAC OTWAY","Stalking",22.4,"FV"
2024,"COLAC OTWAY","Stalking",17.9,"Non-FV"
2024,"COLAC OTWAY","Harassment and private nuisance",40.4,"FV"
2024,"COLAC OTWAY","Harassment and private nuisance",26.9,"Non-FV"
2024,"COLAC OTWAY","Threatening behaviour",85.2,"FV"
2024,"COLAC OTWAY","Threatening behaviour",67.3,"Non-FV"
2024,"SURF COAST","Serious assault",27.5,"FV"
2024,"SURF COAST","Serious assault",40.1,"Non-FV"
2024,"SURF COAST","Common assault",92.7,"FV"
2024,"SURF COAST","Common assault",75.1,"Non-FV"
2024,"SURF COAST","Stalking",22.5,"FV"
2024,"SURF COAST","Stalking",15,"Non-FV"
2024,"SURF COAST","Harassment and private nuisance",5,"FV"
2024,"SURF COAST","Harassment and private nuisance",12.5,"Non-FV"
2024,"SURF COAST","Threatening behaviour",10,"FV"
2024,"SURF COAST","Threatening behaviour",25,"Non-FV"
2024,"BULOKE","Serious assault",83.9,"FV"
2024,"BULOKE","Serious assault",50.4,"Non-FV"
2024,"BULOKE","Common assault",134.3,"FV"
2024,"BULOKE","Common assault",151.1,"Non-FV"
2024,"BULOKE","Stalking",16.8,"Non-FV"
2024,"BULOKE","Harassment and private nuisance",16.8,"Non-FV"
2024,"BULOKE","Threatening behaviour",16.8,"FV"
2024,"BULOKE","Threatening behaviour",50.4,"Non-FV"
2024,"GANNAWARRA","Serious assault",115.3,"FV"
2024,"GANNAWARRA","Serious assault",182.6,"Non-FV"
2024,"GANNAWARRA","Common assault",278.7,"FV"
2024,"GANNAWARRA","Common assault",115.3,"Non-FV"
2024,"GANNAWARRA","Stalking",38.4,"FV"
2024,"GANNAWARRA","Stalking",48.1,"Non-FV"
2024,"GANNAWARRA","Harassment and private nuisance",28.8,"FV"
2024,"GANNAWARRA","Harassment and private nuisance",28.8,"Non-FV"
2024,"GANNAWARRA","Threatening behaviour",76.9,"FV"
2024,"GANNAWARRA","Threatening behaviour",76.9,"Non-FV"
2024,"SWAN HILL","Serious assault",327.1,"FV"
2024,"SWAN HILL","Serious assault",260.7,"Non-FV"
2024,"SWAN HILL","Common assault",497.8,"FV"
2024,"SWAN HILL","Common assault",312.9,"Non-FV"
2024,"SWAN HILL","Stalking",71.1,"FV"
2024,"SWAN HILL","Stalking",4.7,"Non-FV"
2024,"SWAN HILL","Harassment and private nuisance",28.4,"FV"
2024,"SWAN HILL","Harassment and private nuisance",33.2,"Non-FV"
2024,"SWAN HILL","Threatening behaviour",123.3,"FV"
2024,"SWAN HILL","Threatening behaviour",123.3,"Non-FV"
2024,"ALPINE","Serious assault",60.6,"FV"
2024,"ALPINE","Serious assault",30.3,"Non-FV"
2024,"ALPINE","Common assault",128.8,"FV"
2024,"ALPINE","Common assault",53,"Non-FV"
2024,"ALPINE","Stalking",7.6,"FV"
2024,"ALPINE","Stalking",7.6,"Non-FV"
2024,"ALPINE","Harassment and private nuisance",7.6,"Non-FV"
2024,"ALPINE","Threatening behaviour",7.6,"FV"
2024,"ALPINE","Threatening behaviour",30.3,"Non-FV"
2024,"MOIRA","Serious assault",210.8,"FV"
2024,"MOIRA","Serious assault",129.7,"Non-FV"
2024,"MOIRA","Common assault",188.1,"FV"
2024,"MOIRA","Common assault",178.4,"Non-FV"
2024,"MOIRA","Stalking",61.6,"FV"
2024,"MOIRA","Stalking",13,"Non-FV"
2024,"MOIRA","Harassment and private nuisance",71.3,"FV"
2024,"MOIRA","Harassment and private nuisance",9.7,"Non-FV"
2024,"MOIRA","Threatening behaviour",74.6,"FV"
2024,"MOIRA","Threatening behaviour",68.1,"Non-FV"
2024,"WANGARATTA","Serious assault",126,"FV"
2024,"WANGARATTA","Serious assault",139.2,"Non-FV"
2024,"WANGARATTA","Common assault",271.8,"FV"
2024,"WANGARATTA","Common assault",192.3,"Non-FV"
2024,"WANGARATTA","Stalking",36.5,"FV"
2024,"WANGARATTA","Stalking",26.5,"Non-FV"
2024,"WANGARATTA","Harassment and private nuisance",19.9,"FV"
2024,"WANGARATTA","Harassment and private nuisance",19.9,"Non-FV"
2024,"WANGARATTA","Threatening behaviour",102.8,"FV"
2024,"WANGARATTA","Threatening behaviour",33.1,"Non-FV"
2024,"CORANGAMITE","Serious assault",145.1,"FV"
2024,"CORANGAMITE","Serious assault",88.4,"Non-FV"
2024,"CORANGAMITE","Common assault",227.2,"FV"
2024,"CORANGAMITE","Common assault",88.4,"Non-FV"
2024,"CORANGAMITE","Stalking",6.3,"FV"
2024,"CORANGAMITE","Stalking",6.3,"Non-FV"
2024,"CORANGAMITE","Harassment and private nuisance",18.9,"FV"
2024,"CORANGAMITE","Harassment and private nuisance",18.9,"Non-FV"
2024,"CORANGAMITE","Threatening behaviour",50.5,"FV"
2024,"CORANGAMITE","Threatening behaviour",50.5,"Non-FV"
2024,"MOYNE","Serious assault",96,"FV"
2024,"MOYNE","Serious assault",39.5,"Non-FV"
2024,"MOYNE","Common assault",169.3,"FV"
2024,"MOYNE","Common assault",79,"Non-FV"
2024,"MOYNE","Stalking",11.3,"Non-FV"
2024,"MOYNE","Harassment and private nuisance",5.6,"FV"
2024,"MOYNE","Harassment and private nuisance",16.9,"Non-FV"
2024,"MOYNE","Threatening behaviour",45.2,"FV"
2024,"MOYNE","Threatening behaviour",39.5,"Non-FV"
2024,"WARRNAMBOOL","Serious assault",166,"FV"
2024,"WARRNAMBOOL","Serious assault",124.5,"Non-FV"
2024,"WARRNAMBOOL","Common assault",323.7,"FV"
2024,"WARRNAMBOOL","Common assault",215.8,"Non-FV"
2024,"WARRNAMBOOL","Stalking",69.2,"FV"
2024,"WARRNAMBOOL","Stalking",36,"Non-FV"
2024,"WARRNAMBOOL","Harassment and private nuisance",55.3,"FV"
2024,"WARRNAMBOOL","Harassment and private nuisance",58.1,"Non-FV"
2024,"WARRNAMBOOL","Threatening behaviour",60.9,"FV"
2024,"WARRNAMBOOL","Threatening behaviour",80.2,"Non-FV"
2024,"WELLINGTON","Serious assault",165.5,"FV"
2024,"WELLINGTON","Serious assault",152.6,"Non-FV"
2024,"WELLINGTON","Common assault",515.8,"FV"
2024,"WELLINGTON","Common assault",309.5,"Non-FV"
2024,"WELLINGTON","Stalking",70.9,"FV"
2024,"WELLINGTON","Stalking",30.1,"Non-FV"
2024,"WELLINGTON","Harassment and private nuisance",68.8,"FV"
2024,"WELLINGTON","Harassment and private nuisance",8.6,"Non-FV"
2024,"WELLINGTON","Threatening behaviour",131.1,"FV"
2024,"WELLINGTON","Threatening behaviour",113.9,"Non-FV"
2024,"WHITEHORSE","Serious assault",55.1,"FV"
2024,"WHITEHORSE","Serious assault",48.5,"Non-FV"
2024,"WHITEHORSE","Common assault",195.1,"FV"
2024,"WHITEHORSE","Common assault",115,"Non-FV"
2024,"WHITEHORSE","Stalking",12,"FV"
2024,"WHITEHORSE","Stalking",5.5,"Non-FV"
2024,"WHITEHORSE","Harassment and private nuisance",13.1,"FV"
2024,"WHITEHORSE","Harassment and private nuisance",17.4,"Non-FV"
2024,"WHITEHORSE","Threatening behaviour",27.8,"FV"
2024,"WHITEHORSE","Threatening behaviour",21.8,"Non-FV"
2024,"WHITTLESEA","Serious assault",88.5,"FV"
2024,"WHITTLESEA","Serious assault",70.7,"Non-FV"
2024,"WHITTLESEA","Common assault",222,"FV"
2024,"WHITTLESEA","Common assault",120.1,"Non-FV"
2024,"WHITTLESEA","Stalking",27.3,"FV"
2024,"WHITTLESEA","Stalking",10.7,"Non-FV"
2024,"WHITTLESEA","Harassment and private nuisance",45,"FV"
2024,"WHITTLESEA","Harassment and private nuisance",21.7,"Non-FV"
2024,"WHITTLESEA","Threatening behaviour",67.1,"FV"
2024,"WHITTLESEA","Threatening behaviour",46.2,"Non-FV"
2024,"INDIGO","Serious assault",45,"FV"
2024,"INDIGO","Serious assault",11.2,"Non-FV"
2024,"INDIGO","Common assault",78.7,"FV"
2024,"INDIGO","Common assault",56.2,"Non-FV"
2024,"INDIGO","Stalking",22.5,"FV"
2024,"INDIGO","Stalking",5.6,"Non-FV"
2024,"INDIGO","Harassment and private nuisance",56.2,"FV"
2024,"INDIGO","Harassment and private nuisance",5.6,"Non-FV"
2024,"INDIGO","Threatening behaviour",16.9,"FV"
2024,"INDIGO","Threatening behaviour",28.1,"Non-FV"
2024,"TOWONG","Serious assault",48.1,"Non-FV"
2024,"TOWONG","Common assault",224.5,"FV"
2024,"TOWONG","Common assault",112.2,"Non-FV"
2024,"TOWONG","Stalking",48.1,"FV"
2024,"TOWONG","Stalking",32.1,"Non-FV"
2024,"TOWONG","Harassment and private nuisance",16,"FV"
2024,"TOWONG","Harassment and private nuisance",16,"Non-FV"
2024,"TOWONG","Threatening behaviour",16,"FV"
2024,"TOWONG","Threatening behaviour",32.1,"Non-FV"
2024,"WODONGA","Serious assault",174,"FV"
2024,"WODONGA","Serious assault",156.2,"Non-FV"
2024,"WODONGA","Common assault",254.3,"FV"
2024,"WODONGA","Common assault",254.3,"Non-FV"
2024,"WODONGA","Stalking",37.9,"FV"
2024,"WODONGA","Stalking",33.5,"Non-FV"
2024,"WODONGA","Harassment and private nuisance",60.2,"FV"
2024,"WODONGA","Harassment and private nuisance",6.7,"Non-FV"
2024,"WODONGA","Threatening behaviour",75.9,"FV"
2024,"WODONGA","Threatening behaviour",46.8,"Non-FV"
2024,"WYNDHAM","Serious assault",125.8,"FV"
2024,"WYNDHAM","Serious assault",89,"Non-FV"
2024,"WYNDHAM","Common assault",210.1,"FV"
2024,"WYNDHAM","Common assault",127.3,"Non-FV"
2024,"WYNDHAM","Stalking",16.3,"FV"
2024,"WYNDHAM","Stalking",9.2,"Non-FV"
2024,"WYNDHAM","Harassment and private nuisance",32,"FV"
2024,"WYNDHAM","Harassment and private nuisance",10.7,"Non-FV"
2024,"WYNDHAM","Threatening behaviour",73.3,"FV"
2024,"WYNDHAM","Threatening behaviour",24.9,"Non-FV"
2024,"YARRA","Serious assault",124.1,"FV"
2024,"YARRA","Serious assault",237.3,"Non-FV"
2024,"YARRA","Common assault",161.9,"FV"
2024,"YARRA","Common assault",403.2,"Non-FV"
2024,"YARRA","Stalking",19.9,"FV"
2024,"YARRA","Stalking",18.9,"Non-FV"
2024,"YARRA","Harassment and private nuisance",25.8,"FV"
2024,"YARRA","Harassment and private nuisance",20.9,"Non-FV"
2024,"YARRA","Threatening behaviour",43.7,"FV"
2024,"YARRA","Threatening behaviour",81.4,"Non-FV"
2024,"YARRA RANGES","Serious assault",74.9,"FV"
2024,"YARRA RANGES","Serious assault",62.4,"Non-FV"
2024,"YARRA RANGES","Common assault",209.8,"FV"
2024,"YARRA RANGES","Common assault",113,"Non-FV"
2024,"YARRA RANGES","Stalking",16.2,"FV"
2024,"YARRA RANGES","Stalking",13.7,"Non-FV"
2024,"YARRA RANGES","Harassment and private nuisance",22.5,"FV"
2024,"YARRA RANGES","Harassment and private nuisance",14.4,"Non-FV"
2024,"YARRA RANGES","Threatening behaviour",40,"FV"
2024,"YARRA RANGES","Threatening behaviour",35.6,"Non-FV"
2023,"BALLARAT","Serious assault",122.8,"FV"
2023,"BALLARAT","Serious assault",121.9,"Non-FV"
2023,"BALLARAT","Common assault",214.2,"FV"
2023,"BALLARAT","Common assault",185.4,"Non-FV"
2023,"BALLARAT","Stalking",21.2,"FV"
2023,"BALLARAT","Stalking",7.6,"Non-FV"
2023,"BALLARAT","Harassment and private nuisance",24.6,"FV"
2023,"BALLARAT","Harassment and private nuisance",8.5,"Non-FV"
2023,"BALLARAT","Threatening behaviour",37.2,"FV"
2023,"BALLARAT","Threatening behaviour",29.6,"Non-FV"
2023,"PYRENEES","Serious assault",64.2,"FV"
2023,"PYRENEES","Serious assault",115.6,"Non-FV"
2023,"PYRENEES","Common assault",141.3,"FV"
2023,"PYRENEES","Common assault",77.1,"Non-FV"
2023,"PYRENEES","Threatening behaviour",77.1,"Non-FV"
2023,"BANYULE","Serious assault",47.1,"FV"
2023,"BANYULE","Serious assault",82.6,"Non-FV"
2023,"BANYULE","Common assault",111.9,"FV"
2023,"BANYULE","Common assault",151.2,"Non-FV"
2023,"BANYULE","Stalking",27.8,"FV"
2023,"BANYULE","Stalking",13.9,"Non-FV"
2023,"BANYULE","Harassment and private nuisance",20.1,"FV"
2023,"BANYULE","Harassment and private nuisance",12.3,"Non-FV"
2023,"BANYULE","Threatening behaviour",44,"FV"
2023,"BANYULE","Threatening behaviour",37.8,"Non-FV"
2023,"NILLUMBIK","Serious assault",34.8,"FV"
2023,"NILLUMBIK","Serious assault",53.7,"Non-FV"
2023,"NILLUMBIK","Common assault",83.8,"FV"
2023,"NILLUMBIK","Common assault",83.8,"Non-FV"
2023,"NILLUMBIK","Stalking",11.1,"FV"
2023,"NILLUMBIK","Stalking",7.9,"Non-FV"
2023,"NILLUMBIK","Harassment and private nuisance",12.6,"FV"
2023,"NILLUMBIK","Harassment and private nuisance",23.7,"Non-FV"
2023,"NILLUMBIK","Threatening behaviour",22.1,"FV"
2023,"NILLUMBIK","Threatening behaviour",22.1,"Non-FV"
2023,"BASS COAST","Serious assault",187.2,"FV"
2023,"BASS COAST","Serious assault",166.2,"Non-FV"
2023,"BASS COAST","Common assault",351,"FV"
2023,"BASS COAST","Common assault",154.5,"Non-FV"
2023,"BASS COAST","Stalking",39.8,"FV"
2023,"BASS COAST","Stalking",18.7,"Non-FV"
2023,"BASS COAST","Harassment and private nuisance",37.4,"FV"
2023,"BASS COAST","Harassment and private nuisance",21.1,"Non-FV"
2023,"BASS COAST","Threatening behaviour",74.9,"FV"
2023,"BASS COAST","Threatening behaviour",60.8,"Non-FV"
2023,"SOUTH GIPPSLAND","Serious assault",217.4,"FV"
2023,"SOUTH GIPPSLAND","Serious assault",87.6,"Non-FV"
2023,"SOUTH GIPPSLAND","Common assault",314.7,"FV"
2023,"SOUTH GIPPSLAND","Common assault",116.8,"Non-FV"
2023,"SOUTH GIPPSLAND","Stalking",32.4,"FV"
2023,"SOUTH GIPPSLAND","Stalking",16.2,"Non-FV"
2023,"SOUTH GIPPSLAND","Harassment and private nuisance",26,"FV"
2023,"SOUTH GIPPSLAND","Harassment and private nuisance",9.7,"Non-FV"
2023,"SOUTH GIPPSLAND","Threatening behaviour",94.1,"FV"
2023,"SOUTH GIPPSLAND","Threatening behaviour",45.4,"Non-FV"
2023,"BAW BAW","Serious assault",146.8,"FV"
2023,"BAW BAW","Serious assault",160,"Non-FV"
2023,"BAW BAW","Common assault",270.5,"FV"
2023,"BAW BAW","Common assault",225.9,"Non-FV"
2023,"BAW BAW","Stalking",34.6,"FV"
2023,"BAW BAW","Stalking",36.3,"Non-FV"
2023,"BAW BAW","Harassment and private nuisance",36.3,"FV"
2023,"BAW BAW","Harassment and private nuisance",11.5,"Non-FV"
2023,"BAW BAW","Threatening behaviour",59.4,"FV"
2023,"BAW BAW","Threatening behaviour",67.6,"Non-FV"
2023,"BENALLA","Serious assault",261.5,"FV"
2023,"BENALLA","Serious assault",165.2,"Non-FV"
2023,"BENALLA","Common assault",289.1,"FV"
2023,"BENALLA","Common assault",261.5,"Non-FV"
2023,"BENALLA","Stalking",34.4,"FV"
2023,"BENALLA","Stalking",6.9,"Non-FV"
2023,"BENALLA","Harassment and private nuisance",48.2,"FV"
2023,"BENALLA","Harassment and private nuisance",20.6,"Non-FV"
2023,"BENALLA","Threatening behaviour",117,"FV"
2023,"BENALLA","Threatening behaviour",55.1,"Non-FV"
2023,"MANSFIELD","Serious assault",47.4,"FV"
2023,"MANSFIELD","Serious assault",66.4,"Non-FV"
2023,"MANSFIELD","Common assault",142.2,"FV"
2023,"MANSFIELD","Common assault",132.8,"Non-FV"
2023,"MANSFIELD","Stalking",19,"FV"
2023,"MANSFIELD","Stalking",47.4,"Non-FV"
2023,"MANSFIELD","Harassment and private nuisance",9.5,"FV"
2023,"MANSFIELD","Harassment and private nuisance",9.5,"Non-FV"
2023,"MANSFIELD","Threatening behaviour",19,"FV"
2023,"MURRINDINDI","Serious assault",58.1,"FV"
2023,"MURRINDINDI","Serious assault",58.1,"Non-FV"
2023,"MURRINDINDI","Common assault",232.5,"FV"
2023,"MURRINDINDI","Common assault",148.6,"Non-FV"
2023,"MURRINDINDI","Stalking",12.9,"FV"
2023,"MURRINDINDI","Stalking",32.3,"Non-FV"
2023,"MURRINDINDI","Harassment and private nuisance",25.8,"FV"
2023,"MURRINDINDI","Harassment and private nuisance",12.9,"Non-FV"
2023,"MURRINDINDI","Threatening behaviour",45.2,"FV"
2023,"MURRINDINDI","Threatening behaviour",38.8,"Non-FV"
2023,"GREATER BENDIGO","Serious assault",148.2,"FV"
2023,"GREATER BENDIGO","Serious assault",156.3,"Non-FV"
2023,"GREATER BENDIGO","Common assault",261.8,"FV"
2023,"GREATER BENDIGO","Common assault",201.4,"Non-FV"
2023,"GREATER BENDIGO","Stalking",10.5,"FV"
2023,"GREATER BENDIGO","Stalking",24.2,"Non-FV"
2023,"GREATER BENDIGO","Harassment and private nuisance",25.8,"FV"
2023,"GREATER BENDIGO","Harassment and private nuisance",9.7,"Non-FV"
2023,"GREATER BENDIGO","Threatening behaviour",49.9,"FV"
2023,"GREATER BENDIGO","Threatening behaviour",38.7,"Non-FV"
2023,"BOROONDARA","Serious assault",34.4,"FV"
2023,"BOROONDARA","Serious assault",52.1,"Non-FV"
2023,"BOROONDARA","Common assault",104.2,"FV"
2023,"BOROONDARA","Common assault",104.8,"Non-FV"
2023,"BOROONDARA","Stalking",10.9,"FV"
2023,"BOROONDARA","Stalking",14.9,"Non-FV"
2023,"BOROONDARA","Harassment and private nuisance",13.7,"FV"
2023,"BOROONDARA","Harassment and private nuisance",13.2,"Non-FV"
2023,"BOROONDARA","Threatening behaviour",17.2,"FV"
2023,"BOROONDARA","Threatening behaviour",18.3,"Non-FV"
2023,"BRIMBANK","Serious assault",106.6,"FV"
2023,"BRIMBANK","Serious assault",135.7,"Non-FV"
2023,"BRIMBANK","Common assault",252,"FV"
2023,"BRIMBANK","Common assault",212.7,"Non-FV"
2023,"BRIMBANK","Stalking",17.3,"FV"
2023,"BRIMBANK","Stalking",9.7,"Non-FV"
2023,"BRIMBANK","Harassment and private nuisance",35.7,"FV"
2023,"BRIMBANK","Harassment and private nuisance",9.2,"Non-FV"
2023,"BRIMBANK","Threatening behaviour",81.6,"FV"
2023,"BRIMBANK","Threatening behaviour",49,"Non-FV"
2023,"CAMPASPE","Serious assault",78.3,"FV"
2023,"CAMPASPE","Serious assault",193.2,"Non-FV"
2023,"CAMPASPE","Common assault",240.2,"FV"
2023,"CAMPASPE","Common assault",211.5,"Non-FV"
2023,"CAMPASPE","Stalking",10.4,"FV"
2023,"CAMPASPE","Stalking",28.7,"Non-FV"
2023,"CAMPASPE","Harassment and private nuisance",67.9,"FV"
2023,"CAMPASPE","Harassment and private nuisance",5.2,"Non-FV"
2023,"CAMPASPE","Threatening behaviour",44.4,"FV"
2023,"CAMPASPE","Threatening behaviour",36.6,"Non-FV"
2023,"CARDINIA","Serious assault",96.9,"FV"
2023,"CARDINIA","Serious assault",72.5,"Non-FV"
2023,"CARDINIA","Common assault",235.6,"FV"
2023,"CARDINIA","Common assault",131.6,"Non-FV"
2023,"CARDINIA","Stalking",22.1,"FV"
2023,"CARDINIA","Stalking",15.8,"Non-FV"
2023,"CARDINIA","Harassment and private nuisance",37,"FV"
2023,"CARDINIA","Harassment and private nuisance",15.8,"Non-FV"
2023,"CARDINIA","Threatening behaviour",52,"FV"
2023,"CARDINIA","Threatening behaviour",31.5,"Non-FV"
2023,"CASEY","Serious assault",92.1,"FV"
2023,"CASEY","Serious assault",75,"Non-FV"
2023,"CASEY","Common assault",292.3,"FV"
2023,"CASEY","Common assault",149,"Non-FV"
2023,"CASEY","Stalking",27,"FV"
2023,"CASEY","Stalking",14.3,"Non-FV"
2023,"CASEY","Harassment and private nuisance",28.8,"FV"
2023,"CASEY","Harassment and private nuisance",10.7,"Non-FV"
2023,"CASEY","Threatening behaviour",73.2,"FV"
2023,"CASEY","Threatening behaviour",33.9,"Non-FV"
2023,"CENTRAL GOLDFIELDS","Serious assault",191.5,"FV"
2023,"CENTRAL GOLDFIELDS","Serious assault",103.1,"Non-FV"
2023,"CENTRAL GOLDFIELDS","Common assault",272.6,"FV"
2023,"CENTRAL GOLDFIELDS","Common assault",250.5,"Non-FV"
2023,"CENTRAL GOLDFIELDS","Stalking",29.5,"FV"
2023,"CENTRAL GOLDFIELDS","Stalking",7.4,"Non-FV"
2023,"CENTRAL GOLDFIELDS","Harassment and private nuisance",14.7,"FV"
2023,"CENTRAL GOLDFIELDS","Threatening behaviour",81,"FV"
2023,"CENTRAL GOLDFIELDS","Threatening behaviour",51.6,"Non-FV"
2023,"LODDON","Serious assault",154.9,"FV"
2023,"LODDON","Serious assault",51.6,"Non-FV"
2023,"LODDON","Common assault",167.8,"FV"
2023,"LODDON","Common assault",64.5,"Non-FV"
2023,"LODDON","Harassment and private nuisance",12.9,"FV"
2023,"LODDON","Harassment and private nuisance",12.9,"Non-FV"
2023,"LODDON","Threatening behaviour",116.2,"FV"
2023,"LODDON","Threatening behaviour",25.8,"Non-FV"
2023,"MOUNT ALEXANDER","Serious assault",63.2,"FV"
2023,"MOUNT ALEXANDER","Serious assault",29.2,"Non-FV"
2023,"MOUNT ALEXANDER","Common assault",160.4,"FV"
2023,"MOUNT ALEXANDER","Common assault",97.2,"Non-FV"
2023,"MOUNT ALEXANDER","Stalking",14.6,"FV"
2023,"MOUNT ALEXANDER","Harassment and private nuisance",14.6,"FV"
2023,"MOUNT ALEXANDER","Harassment and private nuisance",14.6,"Non-FV"
2023,"MOUNT ALEXANDER","Threatening behaviour",29.2,"FV"
2023,"MOUNT ALEXANDER","Threatening behaviour",24.3,"Non-FV"
2023,"DAREBIN","Serious assault",83.5,"FV"
2023,"DAREBIN","Serious assault",131,"Non-FV"
2023,"DAREBIN","Common assault",161.2,"FV"
2023,"DAREBIN","Common assault",193.9,"Non-FV"
2023,"DAREBIN","Stalking",22.5,"FV"
2023,"DAREBIN","Stalking",12.8,"Non-FV"
2023,"DAREBIN","Harassment and private nuisance",20.6,"FV"
2023,"DAREBIN","Harassment and private nuisance",14.8,"Non-FV"
2023,"DAREBIN","Threatening behaviour",55.2,"FV"
2023,"DAREBIN","Threatening behaviour",62.3,"Non-FV"
2023,"EAST GIPPSLAND","Serious assault",274.5,"FV"
2023,"EAST GIPPSLAND","Serious assault",164.7,"Non-FV"
2023,"EAST GIPPSLAND","Common assault",518.5,"FV"
2023,"EAST GIPPSLAND","Common assault",311.1,"Non-FV"
2023,"EAST GIPPSLAND","Stalking",69.1,"FV"
2023,"EAST GIPPSLAND","Stalking",26.4,"Non-FV"
2023,"EAST GIPPSLAND","Harassment and private nuisance",34.6,"FV"
2023,"EAST GIPPSLAND","Harassment and private nuisance",8.1,"Non-FV"
2023,"EAST GIPPSLAND","Threatening behaviour",117.9,"FV"
2023,"EAST GIPPSLAND","Threatening behaviour",67.1,"Non-FV"
2023,"FRANKSTON","Serious assault",116.2,"FV"
2023,"FRANKSTON","Serious assault",130.9,"Non-FV"
2023,"FRANKSTON","Common assault",291.3,"FV"
2023,"FRANKSTON","Common assault",276.6,"Non-FV"
2023,"FRANKSTON","Stalking",35.7,"FV"
2023,"FRANKSTON","Stalking",23.8,"Non-FV"
2023,"FRANKSTON","Harassment and private nuisance",37.1,"FV"
2023,"FRANKSTON","Harassment and private nuisance",35.7,"Non-FV"
2023,"FRANKSTON","Threatening behaviour",74.9,"FV"
2023,"FRANKSTON","Threatening behaviour",53.2,"Non-FV"
2023,"GREATER GEELONG","Serious assault",115.6,"FV"
2023,"GREATER GEELONG","Serious assault",122.4,"Non-FV"
2023,"GREATER GEELONG","Common assault",223.8,"FV"
2023,"GREATER GEELONG","Common assault",153.8,"Non-FV"
2023,"GREATER GEELONG","Stalking",15.6,"FV"
2023,"GREATER GEELONG","Stalking",9.2,"Non-FV"
2023,"GREATER GEELONG","Harassment and private nuisance",33.6,"FV"
2023,"GREATER GEELONG","Harassment and private nuisance",13.8,"Non-FV"
2023,"GREATER GEELONG","Threatening behaviour",48.4,"FV"
2023,"GREATER GEELONG","Threatening behaviour",41.4,"Non-FV"
2023,"QUEENSCLIFFE","Common assault",92.6,"FV"
2023,"BAYSIDE","Serious assault",24.9,"FV"
2023,"BAYSIDE","Serious assault",47.9,"Non-FV"
2023,"BAYSIDE","Common assault",161.1,"FV"
2023,"BAYSIDE","Common assault",98.7,"Non-FV"
2023,"BAYSIDE","Stalking",11.5,"FV"
2023,"BAYSIDE","Stalking",9.6,"Non-FV"
2023,"BAYSIDE","Harassment and private nuisance",13.4,"FV"
2023,"BAYSIDE","Harassment and private nuisance",16.3,"Non-FV"
2023,"BAYSIDE","Threatening behaviour",25.9,"FV"
2023,"BAYSIDE","Threatening behaviour",24.9,"Non-FV"
2023,"GLEN EIRA","Serious assault",27.4,"FV"
2023,"GLEN EIRA","Serious assault",33.1,"Non-FV"
2023,"GLEN EIRA","Common assault",160,"FV"
2023,"GLEN EIRA","Common assault",108.4,"Non-FV"
2023,"GLEN EIRA","Stalking",8.9,"FV"
2023,"GLEN EIRA","Stalking",6.4,"Non-FV"
2023,"GLEN EIRA","Harassment and private nuisance",8.9,"FV"
2023,"GLEN EIRA","Harassment and private nuisance",11.5,"Non-FV"
2023,"GLEN EIRA","Threatening behaviour",26.1,"FV"
2023,"GLEN EIRA","Threatening behaviour",14,"Non-FV"
2023,"GREATER DANDENONG","Serious assault",97.7,"FV"
2023,"GREATER DANDENONG","Serious assault",172.1,"Non-FV"
2023,"GREATER DANDENONG","Common assault",349.2,"FV"
2023,"GREATER DANDENONG","Common assault",327.8,"Non-FV"
2023,"GREATER DANDENONG","Stalking",28.1,"FV"
2023,"GREATER DANDENONG","Stalking",23.2,"Non-FV"
2023,"GREATER DANDENONG","Harassment and private nuisance",34.2,"FV"
2023,"GREATER DANDENONG","Harassment and private nuisance",20.1,"Non-FV"
2023,"GREATER DANDENONG","Threatening behaviour",95.2,"FV"
2023,"GREATER DANDENONG","Threatening behaviour",67.1,"Non-FV"
2023,"HOBSONS BAY","Serious assault",85.3,"FV"
2023,"HOBSONS BAY","Serious assault",139.7,"Non-FV"
2023,"HOBSONS BAY","Common assault",149.3,"FV"
2023,"HOBSONS BAY","Common assault",136.5,"Non-FV"
2023,"HOBSONS BAY","Stalking",9.6,"FV"
2023,"HOBSONS BAY","Stalking",9.6,"Non-FV"
2023,"HOBSONS BAY","Harassment and private nuisance",23.5,"FV"
2023,"HOBSONS BAY","Harassment and private nuisance",2.1,"Non-FV"
2023,"HOBSONS BAY","Threatening behaviour",41.6,"FV"
2023,"HOBSONS BAY","Threatening behaviour",21.3,"Non-FV"
2023,"HINDMARSH","Serious assault",125.9,"FV"
2023,"HINDMARSH","Serious assault",54,"Non-FV"
2023,"HINDMARSH","Common assault",197.9,"FV"
2023,"HINDMARSH","Common assault",143.9,"Non-FV"
2023,"HINDMARSH","Stalking",18,"FV"
2023,"HINDMARSH","Stalking",36,"Non-FV"
2023,"HINDMARSH","Threatening behaviour",89.9,"FV"
2023,"HINDMARSH","Threatening behaviour",72,"Non-FV"
2023,"HORSHAM","Serious assault",241.2,"FV"
2023,"HORSHAM","Serious assault",241.2,"Non-FV"
2023,"HORSHAM","Common assault",610.5,"FV"
2023,"HORSHAM","Common assault",275.7,"Non-FV"
2023,"HORSHAM","Stalking",64,"FV"
2023,"HORSHAM","Stalking",49.2,"Non-FV"
2023,"HORSHAM","Harassment and private nuisance",59.1,"FV"
2023,"HORSHAM","Harassment and private nuisance",14.8,"Non-FV"
2023,"HORSHAM","Threatening behaviour",98.5,"FV"
2023,"HORSHAM","Threatening behaviour",64,"Non-FV"
2023,"WEST WIMMERA","Serious assault",152.6,"FV"
2023,"WEST WIMMERA","Common assault",254.3,"FV"
2023,"WEST WIMMERA","Common assault",127.2,"Non-FV"
2023,"WEST WIMMERA","Threatening behaviour",50.9,"FV"
2023,"WEST WIMMERA","Threatening behaviour",50.9,"Non-FV"
2023,"HUME","Serious assault",128.3,"FV"
2023,"HUME","Serious assault",112.3,"Non-FV"
2023,"HUME","Common assault",256.9,"FV"
2023,"HUME","Common assault",159.5,"Non-FV"
2023,"HUME","Stalking",27,"FV"
2023,"HUME","Stalking",12.2,"Non-FV"
2023,"HUME","Harassment and private nuisance",47.2,"FV"
2023,"HUME","Harassment and private nuisance",21.7,"Non-FV"
2023,"HUME","Threatening behaviour",70.4,"FV"
2023,"HUME","Threatening behaviour",49.9,"Non-FV"
2023,"KINGSTON","Serious assault",69.6,"FV"
2023,"KINGSTON","Serious assault",70.2,"Non-FV"
2023,"KINGSTON","Common assault",215.6,"FV"
2023,"KINGSTON","Common assault",180.2,"Non-FV"
2023,"KINGSTON","Stalking",17.1,"FV"
2023,"KINGSTON","Stalking",31.1,"Non-FV"
2023,"KINGSTON","Harassment and private nuisance",26.9,"FV"
2023,"KINGSTON","Harassment and private nuisance",21.4,"Non-FV"
2023,"KINGSTON","Threatening behaviour",36,"FV"
2023,"KINGSTON","Threatening behaviour",26.9,"Non-FV"
2023,"KNOX","Serious assault",60,"FV"
2023,"KNOX","Serious assault",71.1,"Non-FV"
2023,"KNOX","Common assault",235.5,"FV"
2023,"KNOX","Common assault",139.7,"Non-FV"
2023,"KNOX","Stalking",11.7,"FV"
2023,"KNOX","Stalking",18.5,"Non-FV"
2023,"KNOX","Harassment and private nuisance",19.8,"FV"
2023,"KNOX","Harassment and private nuisance",8.7,"Non-FV"
2023,"KNOX","Threatening behaviour",45.7,"FV"
2023,"KNOX","Threatening behaviour",30.9,"Non-FV"
2023,"LATROBE","Serious assault",222.7,"FV"
2023,"LATROBE","Serious assault",243.1,"Non-FV"
2023,"LATROBE","Common assault",587.4,"FV"
2023,"LATROBE","Common assault",348.1,"Non-FV"
2023,"LATROBE","Stalking",89.6,"FV"
2023,"LATROBE","Stalking",58.9,"Non-FV"
2023,"LATROBE","Harassment and private nuisance",81.9,"FV"
2023,"LATROBE","Harassment and private nuisance",23,"Non-FV"
2023,"LATROBE","Threatening behaviour",110,"FV"
2023,"LATROBE","Threatening behaviour",78.1,"Non-FV"
2023,"MACEDON RANGES","Serious assault",43.5,"FV"
2023,"MACEDON RANGES","Serious assault",41.6,"Non-FV"
2023,"MACEDON RANGES","Common assault",149.3,"FV"
2023,"MACEDON RANGES","Common assault",77.5,"Non-FV"
2023,"MACEDON RANGES","Stalking",17,"FV"
2023,"MACEDON RANGES","Stalking",11.3,"Non-FV"
2023,"MACEDON RANGES","Harassment and private nuisance",18.9,"FV"
2023,"MACEDON RANGES","Harassment and private nuisance",28.3,"Non-FV"
2023,"MACEDON RANGES","Threatening behaviour",39.7,"FV"
2023,"MACEDON RANGES","Threatening behaviour",32.1,"Non-FV"
2023,"MANNINGHAM","Serious assault",50.9,"FV"
2023,"MANNINGHAM","Serious assault",37.1,"Non-FV"
2023,"MANNINGHAM","Common assault",149,"FV"
2023,"MANNINGHAM","Common assault",71.8,"Non-FV"
2023,"MANNINGHAM","Stalking",11.6,"FV"
2023,"MANNINGHAM","Stalking",16.2,"Non-FV"
2023,"MANNINGHAM","Harassment and private nuisance",10,"FV"
2023,"MANNINGHAM","Harassment and private nuisance",14.7,"Non-FV"
2023,"MANNINGHAM","Threatening behaviour",27,"FV"
2023,"MANNINGHAM","Threatening behaviour",25.5,"Non-FV"
2023,"MARIBYRNONG","Serious assault",101.3,"FV"
2023,"MARIBYRNONG","Serious assault",192.9,"Non-FV"
2023,"MARIBYRNONG","Common assault",162.4,"FV"
2023,"MARIBYRNONG","Common assault",293.1,"Non-FV"
2023,"MARIBYRNONG","Stalking",17.4,"FV"
2023,"MARIBYRNONG","Stalking",9.8,"Non-FV"
2023,"MARIBYRNONG","Harassment and private nuisance",20.7,"FV"
2023,"MARIBYRNONG","Harassment and private nuisance",4.4,"Non-FV"
2023,"MARIBYRNONG","Threatening behaviour",40.3,"FV"
2023,"MARIBYRNONG","Threatening behaviour",46.9,"Non-FV"
2023,"MAROONDAH","Serious assault",64.7,"FV"
2023,"MAROONDAH","Serious assault",74.9,"Non-FV"
2023,"MAROONDAH","Common assault",238.4,"FV"
2023,"MAROONDAH","Common assault",168.6,"Non-FV"
2023,"MAROONDAH","Stalking",16.2,"FV"
2023,"MAROONDAH","Stalking",6,"Non-FV"
2023,"MAROONDAH","Harassment and private nuisance",24.7,"FV"
2023,"MAROONDAH","Harassment and private nuisance",12.8,"Non-FV"
2023,"MAROONDAH","Threatening behaviour",40,"FV"
2023,"MAROONDAH","Threatening behaviour",29.8,"Non-FV"
2023,"MELBOURNE","Serious assault",120.4,"FV"
2023,"MELBOURNE","Serious assault",465.7,"Non-FV"
2023,"MELBOURNE","Common assault",241.9,"FV"
2023,"MELBOURNE","Common assault",885.9,"Non-FV"
2023,"MELBOURNE","Stalking",29.8,"FV"
2023,"MELBOURNE","Stalking",42.2,"Non-FV"
2023,"MELBOURNE","Harassment and private nuisance",47.8,"FV"
2023,"MELBOURNE","Harassment and private nuisance",46.7,"Non-FV"
2023,"MELBOURNE","Threatening behaviour",50.1,"FV"
2023,"MELBOURNE","Threatening behaviour",117,"Non-FV"
2023,"MELTON","Serious assault",127.7,"FV"
2023,"MELTON","Serious assault",78.1,"Non-FV"
2023,"MELTON","Common assault",239.8,"FV"
2023,"MELTON","Common assault",97.6,"Non-FV"
2023,"MELTON","Stalking",21.8,"FV"
2023,"MELTON","Stalking",13.6,"Non-FV"
2023,"MELTON","Harassment and private nuisance",43.2,"FV"
2023,"MELTON","Harassment and private nuisance",16.5,"Non-FV"
2023,"MELTON","Threatening behaviour",79.6,"FV"
2023,"MELTON","Threatening behaviour",34,"Non-FV"
2023,"MERRI-BEK","Serious assault",99.3,"FV"
2023,"MERRI-BEK","Serious assault",125.2,"Non-FV"
2023,"MERRI-BEK","Common assault",163.3,"FV"
2023,"MERRI-BEK","Common assault",173.8,"Non-FV"
2023,"MERRI-BEK","Stalking",17.7,"FV"
2023,"MERRI-BEK","Stalking",18.8,"Non-FV"
2023,"MERRI-BEK","Harassment and private nuisance",27.6,"FV"
2023,"MERRI-BEK","Harassment and private nuisance",24.3,"Non-FV"
2023,"MERRI-BEK","Threatening behaviour",45.8,"FV"
2023,"MERRI-BEK","Threatening behaviour",56.8,"Non-FV"
2023,"MILDURA","Serious assault",248.5,"FV"
2023,"MILDURA","Serious assault",198.1,"Non-FV"
2023,"MILDURA","Common assault",545.6,"FV"
2023,"MILDURA","Common assault",319.7,"Non-FV"
2023,"MILDURA","Stalking",29.5,"FV"
2023,"MILDURA","Stalking",31.3,"Non-FV"
2023,"MILDURA","Harassment and private nuisance",48.7,"FV"
2023,"MILDURA","Harassment and private nuisance",22.6,"Non-FV"
2023,"MILDURA","Threatening behaviour",128.6,"FV"
2023,"MILDURA","Threatening behaviour",71.2,"Non-FV"
2023,"MITCHELL","Serious assault",156.4,"FV"
2023,"MITCHELL","Serious assault",106.1,"Non-FV"
2023,"MITCHELL","Common assault",351.9,"FV"
2023,"MITCHELL","Common assault",162,"Non-FV"
2023,"MITCHELL","Stalking",65.2,"FV"
2023,"MITCHELL","Stalking",16.8,"Non-FV"
2023,"MITCHELL","Harassment and private nuisance",102.4,"FV"
2023,"MITCHELL","Harassment and private nuisance",39.1,"Non-FV"
2023,"MITCHELL","Threatening behaviour",128.5,"FV"
2023,"MITCHELL","Threatening behaviour",68.9,"Non-FV"
2023,"STRATHBOGIE","Serious assault",129.5,"FV"
2023,"STRATHBOGIE","Serious assault",51.8,"Non-FV"
2023,"STRATHBOGIE","Common assault",198.6,"FV"
2023,"STRATHBOGIE","Common assault",146.8,"Non-FV"
2023,"STRATHBOGIE","Stalking",17.3,"FV"
2023,"STRATHBOGIE","Stalking",17.3,"Non-FV"
2023,"STRATHBOGIE","Harassment and private nuisance",17.3,"FV"
2023,"STRATHBOGIE","Harassment and private nuisance",8.6,"Non-FV"
2023,"STRATHBOGIE","Threatening behaviour",25.9,"FV"
2023,"STRATHBOGIE","Threatening behaviour",17.3,"Non-FV"
2023,"MONASH","Serious assault",66.3,"FV"
2023,"MONASH","Serious assault",60.4,"Non-FV"
2023,"MONASH","Common assault",189,"FV"
2023,"MONASH","Common assault",122.2,"Non-FV"
2023,"MONASH","Stalking",11.8,"FV"
2023,"MONASH","Stalking",11.3,"Non-FV"
2023,"MONASH","Harassment and private nuisance",12.8,"FV"
2023,"MONASH","Harassment and private nuisance",9.3,"Non-FV"
2023,"MONASH","Threatening behaviour",24.5,"FV"
2023,"MONASH","Threatening behaviour",24.1,"Non-FV"
2023,"MOONEE VALLEY","Serious assault",72.7,"FV"
2023,"MOONEE VALLEY","Serious assault",89.3,"Non-FV"
2023,"MOONEE VALLEY","Common assault",138.3,"FV"
2023,"MOONEE VALLEY","Common assault",160.5,"Non-FV"
2023,"MOONEE VALLEY","Stalking",19,"FV"
2023,"MOONEE VALLEY","Stalking",11.9,"Non-FV"
2023,"MOONEE VALLEY","Harassment and private nuisance",40.3,"FV"
2023,"MOONEE VALLEY","Harassment and private nuisance",23.7,"Non-FV"
2023,"MOONEE VALLEY","Threatening behaviour",37.9,"FV"
2023,"MOONEE VALLEY","Threatening behaviour",34,"Non-FV"
2023,"GOLDEN PLAINS","Serious assault",81.4,"FV"
2023,"GOLDEN PLAINS","Serious assault",19.4,"Non-FV"
2023,"GOLDEN PLAINS","Common assault",100.7,"FV"
2023,"GOLDEN PLAINS","Common assault",38.7,"Non-FV"
2023,"GOLDEN PLAINS","Stalking",7.7,"FV"
2023,"GOLDEN PLAINS","Stalking",15.5,"Non-FV"
2023,"GOLDEN PLAINS","Harassment and private nuisance",3.9,"Non-FV"
2023,"GOLDEN PLAINS","Threatening behaviour",23.2,"FV"
2023,"GOLDEN PLAINS","Threatening behaviour",23.2,"Non-FV"
2023,"HEPBURN","Serious assault",84,"FV"
2023,"HEPBURN","Serious assault",72,"Non-FV"
2023,"HEPBURN","Common assault",126,"FV"
2023,"HEPBURN","Common assault",48,"Non-FV"
2023,"HEPBURN","Stalking",12,"FV"
2023,"HEPBURN","Stalking",6,"Non-FV"
2023,"HEPBURN","Harassment and private nuisance",6,"FV"
2023,"HEPBURN","Harassment and private nuisance",6,"Non-FV"
2023,"HEPBURN","Threatening behaviour",6,"FV"
2023,"HEPBURN","Threatening behaviour",24,"Non-FV"
2023,"MOORABOOL","Serious assault",104.9,"FV"
2023,"MOORABOOL","Serious assault",89.6,"Non-FV"
2023,"MOORABOOL","Common assault",176.5,"FV"
2023,"MOORABOOL","Common assault",115.1,"Non-FV"
2023,"MOORABOOL","Stalking",33.3,"FV"
2023,"MOORABOOL","Stalking",15.4,"Non-FV"
2023,"MOORABOOL","Harassment and private nuisance",56.3,"FV"
2023,"MOORABOOL","Harassment and private nuisance",15.4,"Non-FV"
2023,"MOORABOOL","Threatening behaviour",84.4,"FV"
2023,"MOORABOOL","Threatening behaviour",33.3,"Non-FV"
2023,"MORNINGTON PENINSULA","Serious assault",72.8,"FV"
2023,"MORNINGTON PENINSULA","Serious assault",93.4,"Non-FV"
2023,"MORNINGTON PENINSULA","Common assault",174.5,"FV"
2023,"MORNINGTON PENINSULA","Common assault",126.3,"Non-FV"
2023,"MORNINGTON PENINSULA","Stalking",15.3,"FV"
2023,"MORNINGTON PENINSULA","Stalking",14.1,"Non-FV"
2023,"MORNINGTON PENINSULA","Harassment and private nuisance",16.4,"FV"
2023,"MORNINGTON PENINSULA","Harassment and private nuisance",7.6,"Non-FV"
2023,"MORNINGTON PENINSULA","Threatening behaviour",35.8,"FV"
2023,"MORNINGTON PENINSULA","Threatening behaviour",32.3,"Non-FV"
2023,"ARARAT","Serious assault",179.7,"FV"
2023,"ARARAT","Serious assault",222.5,"Non-FV"
2023,"ARARAT","Common assault",436.5,"FV"
2023,"ARARAT","Common assault",308.1,"Non-FV"
2023,"ARARAT","Stalking",42.8,"FV"
2023,"ARARAT","Stalking",17.1,"Non-FV"
2023,"ARARAT","Harassment and private nuisance",85.6,"FV"
2023,"ARARAT","Harassment and private nuisance",8.6,"Non-FV"
2023,"ARARAT","Threatening behaviour",42.8,"FV"
2023,"ARARAT","Threatening behaviour",102.7,"Non-FV"
2023,"NORTHERN GRAMPIANS","Serious assault",210.5,"FV"
2023,"NORTHERN GRAMPIANS","Serious assault",109.4,"Non-FV"
2023,"NORTHERN GRAMPIANS","Common assault",555.6,"FV"
2023,"NORTHERN GRAMPIANS","Common assault",378.9,"Non-FV"
2023,"NORTHERN GRAMPIANS","Stalking",50.5,"FV"
2023,"NORTHERN GRAMPIANS","Stalking",16.8,"Non-FV"
2023,"NORTHERN GRAMPIANS","Harassment and private nuisance",25.3,"FV"
2023,"NORTHERN GRAMPIANS","Harassment and private nuisance",50.5,"Non-FV"
2023,"NORTHERN GRAMPIANS","Threatening behaviour",92.6,"FV"
2023,"NORTHERN GRAMPIANS","Threatening behaviour",42.1,"Non-FV"
2023,"YARRIAMBIACK","Serious assault",281.8,"FV"
2023,"YARRIAMBIACK","Serious assault",109.6,"Non-FV"
2023,"YARRIAMBIACK","Common assault",313.1,"FV"
2023,"YARRIAMBIACK","Common assault",187.9,"Non-FV"
2023,"YARRIAMBIACK","Stalking",31.3,"FV"
2023,"YARRIAMBIACK","Stalking",78.3,"Non-FV"
2023,"YARRIAMBIACK","Harassment and private nuisance",15.7,"FV"
2023,"YARRIAMBIACK","Harassment and private nuisance",31.3,"Non-FV"
2023,"YARRIAMBIACK","Threatening behaviour",15.7,"Non-FV"
2023,"PORT PHILLIP","Serious assault",97.6,"FV"
2023,"PORT PHILLIP","Serious assault",208.1,"Non-FV"
2023,"PORT PHILLIP","Common assault",238.2,"FV"
2023,"PORT PHILLIP","Common assault",334.9,"Non-FV"
2023,"PORT PHILLIP","Stalking",28.3,"FV"
2023,"PORT PHILLIP","Stalking",13.7,"Non-FV"
2023,"PORT PHILLIP","Harassment and private nuisance",39.2,"FV"
2023,"PORT PHILLIP","Harassment and private nuisance",22.8,"Non-FV"
2023,"PORT PHILLIP","Threatening behaviour",41.1,"FV"
2023,"PORT PHILLIP","Threatening behaviour",63.9,"Non-FV"
2023,"GREATER SHEPPARTON","Serious assault",374.6,"FV"
2023,"GREATER SHEPPARTON","Serious assault",237.2,"Non-FV"
2023,"GREATER SHEPPARTON","Common assault",131.6,"FV"
2023,"GREATER SHEPPARTON","Common assault",227.1,"Non-FV"
2023,"GREATER SHEPPARTON","Stalking",37.6,"FV"
2023,"GREATER SHEPPARTON","Stalking",10.1,"Non-FV"
2023,"GREATER SHEPPARTON","Harassment and private nuisance",56.4,"FV"
2023,"GREATER SHEPPARTON","Harassment and private nuisance",11.6,"Non-FV"
2023,"GREATER SHEPPARTON","Threatening behaviour",83.9,"FV"
2023,"GREATER SHEPPARTON","Threatening behaviour",69.4,"Non-FV"
2023,"GLENELG","Serious assault",164.8,"FV"
2023,"GLENELG","Serious assault",104.9,"Non-FV"
2023,"GLENELG","Common assault",429.5,"FV"
2023,"GLENELG","Common assault",174.8,"Non-FV"
2023,"GLENELG","Stalking",15,"FV"
2023,"GLENELG","Stalking",10,"Non-FV"
2023,"GLENELG","Harassment and private nuisance",25,"FV"
2023,"GLENELG","Harassment and private nuisance",15,"Non-FV"
2023,"GLENELG","Threatening behaviour",74.9,"FV"
2023,"GLENELG","Threatening behaviour",104.9,"Non-FV"
2023,"SOUTHERN GRAMPIANS","Serious assault",157.9,"FV"
2023,"SOUTHERN GRAMPIANS","Serious assault",200.4,"Non-FV"
2023,"SOUTHERN GRAMPIANS","Common assault",261.1,"FV"
2023,"SOUTHERN GRAMPIANS","Common assault",170,"Non-FV"
2023,"SOUTHERN GRAMPIANS","Stalking",30.4,"FV"
2023,"SOUTHERN GRAMPIANS","Stalking",24.3,"Non-FV"
2023,"SOUTHERN GRAMPIANS","Harassment and private nuisance",48.6,"FV"
2023,"SOUTHERN GRAMPIANS","Harassment and private nuisance",30.4,"Non-FV"
2023,"SOUTHERN GRAMPIANS","Threatening behaviour",145.7,"FV"
2023,"SOUTHERN GRAMPIANS","Threatening behaviour",157.9,"Non-FV"
2023,"STONNINGTON","Serious assault",69.1,"FV"
2023,"STONNINGTON","Serious assault",201.9,"Non-FV"
2023,"STONNINGTON","Common assault",167.8,"FV"
2023,"STONNINGTON","Common assault",258.5,"Non-FV"
2023,"STONNINGTON","Stalking",36.8,"FV"
2023,"STONNINGTON","Stalking",25.1,"Non-FV"
2023,"STONNINGTON","Harassment and private nuisance",21.5,"FV"
2023,"STONNINGTON","Harassment and private nuisance",26.9,"Non-FV"
2023,"STONNINGTON","Threatening behaviour",30.5,"FV"
2023,"STONNINGTON","Threatening behaviour",28.7,"Non-FV"
2023,"COLAC OTWAY","Serious assault",143.7,"FV"
2023,"COLAC OTWAY","Serious assault",161.6,"Non-FV"
2023,"COLAC OTWAY","Common assault",229,"FV"
2023,"COLAC OTWAY","Common assault",125.7,"Non-FV"
2023,"COLAC OTWAY","Stalking",35.9,"FV"
2023,"COLAC OTWAY","Stalking",4.5,"Non-FV"
2023,"COLAC OTWAY","Harassment and private nuisance",40.4,"FV"
2023,"COLAC OTWAY","Harassment and private nuisance",22.4,"Non-FV"
2023,"COLAC OTWAY","Threatening behaviour",49.4,"FV"
2023,"COLAC OTWAY","Threatening behaviour",58.4,"Non-FV"
2023,"SURF COAST","Serious assault",48.4,"FV"
2023,"SURF COAST","Serious assault",45.8,"Non-FV"
2023,"SURF COAST","Common assault",66.2,"FV"
2023,"SURF COAST","Common assault",84,"Non-FV"
2023,"SURF COAST","Stalking",33.1,"FV"
2023,"SURF COAST","Stalking",22.9,"Non-FV"
2023,"SURF COAST","Harassment and private nuisance",5.1,"FV"
2023,"SURF COAST","Harassment and private nuisance",2.5,"Non-FV"
2023,"SURF COAST","Threatening behaviour",5.1,"FV"
2023,"SURF COAST","Threatening behaviour",17.8,"Non-FV"
2023,"BULOKE","Serious assault",99.4,"FV"
2023,"BULOKE","Serious assault",66.2,"Non-FV"
2023,"BULOKE","Common assault",198.7,"FV"
2023,"BULOKE","Common assault",182.1,"Non-FV"
2023,"BULOKE","Threatening behaviour",49.7,"FV"
2023,"BULOKE","Threatening behaviour",49.7,"Non-FV"
2023,"GANNAWARRA","Serious assault",239.9,"FV"
2023,"GANNAWARRA","Serious assault",153.6,"Non-FV"
2023,"GANNAWARRA","Common assault",249.5,"FV"
2023,"GANNAWARRA","Common assault",182.4,"Non-FV"
2023,"GANNAWARRA","Stalking",19.2,"Non-FV"
2023,"GANNAWARRA","Harassment and private nuisance",57.6,"FV"
2023,"GANNAWARRA","Threatening behaviour",67.2,"FV"
2023,"GANNAWARRA","Threatening behaviour",76.8,"Non-FV"
2023,"SWAN HILL","Serious assault",311.2,"FV"
2023,"SWAN HILL","Serious assault",249.9,"Non-FV"
2023,"SWAN HILL","Common assault",466.8,"FV"
2023,"SWAN HILL","Common assault",301.7,"Non-FV"
2023,"SWAN HILL","Stalking",18.9,"FV"
2023,"SWAN HILL","Stalking",28.3,"Non-FV"
2023,"SWAN HILL","Harassment and private nuisance",56.6,"FV"
2023,"SWAN HILL","Harassment and private nuisance",33,"Non-FV"
2023,"SWAN HILL","Threatening behaviour",122.6,"FV"
2023,"SWAN HILL","Threatening behaviour",165,"Non-FV"
2023,"ALPINE","Serious assault",151.7,"FV"
2023,"ALPINE","Serious assault",53.1,"Non-FV"
2023,"ALPINE","Common assault",151.7,"FV"
2023,"ALPINE","Common assault",129,"Non-FV"
2023,"ALPINE","Stalking",15.2,"Non-FV"
2023,"ALPINE","Harassment and private nuisance",7.6,"FV"
2023,"ALPINE","Harassment and private nuisance",7.6,"Non-FV"
2023,"ALPINE","Threatening behaviour",15.2,"FV"
2023,"ALPINE","Threatening behaviour",7.6,"Non-FV"
2023,"MOIRA","Serious assault",182,"FV"
2023,"MOIRA","Serious assault",110.5,"Non-FV"
2023,"MOIRA","Common assault",318.5,"FV"
2023,"MOIRA","Common assault",152.7,"Non-FV"
2023,"MOIRA","Stalking",42.2,"FV"
2023,"MOIRA","Stalking",6.5,"Non-FV"
2023,"MOIRA","Harassment and private nuisance",26,"FV"
2023,"MOIRA","Harassment and private nuisance",3.2,"Non-FV"
2023,"MOIRA","Threatening behaviour",52,"FV"
2023,"MOIRA","Threatening behaviour",78,"Non-FV"
2023,"WANGARATTA","Serious assault",143.3,"FV"
2023,"WANGARATTA","Serious assault",83.3,"Non-FV"
2023,"WANGARATTA","Common assault",270,"FV"
2023,"WANGARATTA","Common assault",186.7,"Non-FV"
2023,"WANGARATTA","Stalking",23.3,"FV"
2023,"WANGARATTA","Stalking",26.7,"Non-FV"
2023,"WANGARATTA","Harassment and private nuisance",53.3,"FV"
2023,"WANGARATTA","Harassment and private nuisance",13.3,"Non-FV"
2023,"WANGARATTA","Threatening behaviour",66.7,"FV"
2023,"WANGARATTA","Threatening behaviour",53.3,"Non-FV"
2023,"CORANGAMITE","Serious assault",100.3,"FV"
2023,"CORANGAMITE","Serious assault",62.7,"Non-FV"
2023,"CORANGAMITE","Common assault",175.6,"FV"
2023,"CORANGAMITE","Common assault",75.2,"Non-FV"
2023,"CORANGAMITE","Stalking",12.5,"FV"
2023,"CORANGAMITE","Stalking",12.5,"Non-FV"
2023,"CORANGAMITE","Harassment and private nuisance",6.3,"FV"
2023,"CORANGAMITE","Threatening behaviour",75.2,"FV"
2023,"CORANGAMITE","Threatening behaviour",75.2,"Non-FV"
2023,"MOYNE","Serious assault",62.5,"FV"
2023,"MOYNE","Serious assault",34.1,"Non-FV"
2023,"MOYNE","Common assault",164.7,"FV"
2023,"MOYNE","Common assault",79.5,"Non-FV"
2023,"MOYNE","Stalking",11.4,"FV"
2023,"MOYNE","Stalking",22.7,"Non-FV"
2023,"MOYNE","Harassment and private nuisance",28.4,"FV"
2023,"MOYNE","Harassment and private nuisance",5.7,"Non-FV"
2023,"MOYNE","Threatening behaviour",11.4,"FV"
2023,"MOYNE","Threatening behaviour",39.8,"Non-FV"
2023,"WARRNAMBOOL","Serious assault",114.2,"FV"
2023,"WARRNAMBOOL","Serious assault",136.5,"Non-FV"
2023,"WARRNAMBOOL","Common assault",350.9,"FV"
2023,"WARRNAMBOOL","Common assault",253.4,"Non-FV"
2023,"WARRNAMBOOL","Stalking",47.3,"FV"
2023,"WARRNAMBOOL","Stalking",13.9,"Non-FV"
2023,"WARRNAMBOOL","Harassment and private nuisance",64.1,"FV"
2023,"WARRNAMBOOL","Harassment and private nuisance",52.9,"Non-FV"
2023,"WARRNAMBOOL","Threatening behaviour",89.1,"FV"
2023,"WARRNAMBOOL","Threatening behaviour",52.9,"Non-FV"
2023,"WELLINGTON","Serious assault",167,"FV"
2023,"WELLINGTON","Serious assault",130.1,"Non-FV"
2023,"WELLINGTON","Common assault",498.7,"FV"
2023,"WELLINGTON","Common assault",279.7,"Non-FV"
2023,"WELLINGTON","Stalking",71.6,"FV"
2023,"WELLINGTON","Stalking",19.5,"Non-FV"
2023,"WELLINGTON","Harassment and private nuisance",71.6,"FV"
2023,"WELLINGTON","Harassment and private nuisance",10.8,"Non-FV"
2023,"WELLINGTON","Threatening behaviour",110.6,"FV"
2023,"WELLINGTON","Threatening behaviour",80.2,"Non-FV"
2023,"WHITEHORSE","Serious assault",40.3,"FV"
2023,"WHITEHORSE","Serious assault",52,"Non-FV"
2023,"WHITEHORSE","Common assault",153.3,"FV"
2023,"WHITEHORSE","Common assault",111.9,"Non-FV"
2023,"WHITEHORSE","Stalking",12.9,"FV"
2023,"WHITEHORSE","Stalking",11.8,"Non-FV"
2023,"WHITEHORSE","Harassment and private nuisance",15.7,"FV"
2023,"WHITEHORSE","Harassment and private nuisance",7.8,"Non-FV"
2023,"WHITEHORSE","Threatening behaviour",31.9,"FV"
2023,"WHITEHORSE","Threatening behaviour",24.1,"Non-FV"
2023,"WHITTLESEA","Serious assault",79.2,"FV"
2023,"WHITTLESEA","Serious assault",73.1,"Non-FV"
2023,"WHITTLESEA","Common assault",206.1,"FV"
2023,"WHITTLESEA","Common assault",122.9,"Non-FV"
2023,"WHITTLESEA","Stalking",26.5,"FV"
2023,"WHITTLESEA","Stalking",16.3,"Non-FV"
2023,"WHITTLESEA","Harassment and private nuisance",42,"FV"
2023,"WHITTLESEA","Harassment and private nuisance",18.4,"Non-FV"
2023,"WHITTLESEA","Threatening behaviour",58,"FV"
2023,"WHITTLESEA","Threatening behaviour",42,"Non-FV"
2023,"INDIGO","Serious assault",56.6,"FV"
2023,"INDIGO","Serious assault",45.3,"Non-FV"
2023,"INDIGO","Common assault",113.3,"FV"
2023,"INDIGO","Common assault",101.9,"Non-FV"
2023,"INDIGO","Harassment and private nuisance",11.3,"FV"
2023,"INDIGO","Harassment and private nuisance",5.7,"Non-FV"
2023,"INDIGO","Threatening behaviour",51,"FV"
2023,"INDIGO","Threatening behaviour",11.3,"Non-FV"
2023,"TOWONG","Serious assault",128.1,"FV"
2023,"TOWONG","Serious assault",80.1,"Non-FV"
2023,"TOWONG","Common assault",240.3,"FV"
2023,"TOWONG","Common assault",176.2,"Non-FV"
2023,"TOWONG","Stalking",16,"Non-FV"
2023,"TOWONG","Threatening behaviour",16,"FV"
2023,"TOWONG","Threatening behaviour",48.1,"Non-FV"
2023,"WODONGA","Serious assault",153.6,"FV"
2023,"WODONGA","Serious assault",119.7,"Non-FV"
2023,"WODONGA","Common assault",248.5,"FV"
2023,"WODONGA","Common assault",248.5,"Non-FV"
2023,"WODONGA","Stalking",24.8,"FV"
2023,"WODONGA","Stalking",15.8,"Non-FV"
2023,"WODONGA","Harassment and private nuisance",33.9,"FV"
2023,"WODONGA","Harassment and private nuisance",18.1,"Non-FV"
2023,"WODONGA","Threatening behaviour",61,"FV"
2023,"WODONGA","Threatening behaviour",85.8,"Non-FV"
2023,"WYNDHAM","Serious assault",132.7,"FV"
2023,"WYNDHAM","Serious assault",106.5,"Non-FV"
2023,"WYNDHAM","Common assault",237.6,"FV"
2023,"WYNDHAM","Common assault",119.1,"Non-FV"
2023,"WYNDHAM","Stalking",11.7,"FV"
2023,"WYNDHAM","Stalking",8.3,"Non-FV"
2023,"WYNDHAM","Harassment and private nuisance",25.9,"FV"
2023,"WYNDHAM","Harassment and private nuisance",13.6,"Non-FV"
2023,"WYNDHAM","Threatening behaviour",58,"FV"
2023,"WYNDHAM","Threatening behaviour",35.5,"Non-FV"
2023,"YARRA","Serious assault",121,"FV"
2023,"YARRA","Serious assault",284.1,"Non-FV"
2023,"YARRA","Common assault",188.7,"FV"
2023,"YARRA","Common assault",383.6,"Non-FV"
2023,"YARRA","Stalking",16.4,"FV"
2023,"YARRA","Stalking",19.5,"Non-FV"
2023,"YARRA","Harassment and private nuisance",28.7,"FV"
2023,"YARRA","Harassment and private nuisance",28.7,"Non-FV"
2023,"YARRA","Threatening behaviour",44.1,"FV"
2023,"YARRA","Threatening behaviour",69.7,"Non-FV"
2023,"YARRA RANGES","Serious assault",49.2,"FV"
2023,"YARRA RANGES","Serious assault",75,"Non-FV"
2023,"YARRA RANGES","Common assault",255.2,"FV"
2023,"YARRA RANGES","Common assault",113.4,"Non-FV"
2023,"YARRA RANGES","Stalking",15.8,"FV"
2023,"YARRA RANGES","Stalking",11.3,"Non-FV"
2023,"YARRA RANGES","Harassment and private nuisance",29.6,"FV"
2023,"YARRA RANGES","Harassment and private nuisance",17.6,"Non-FV"
2023,"YARRA RANGES","Threatening behaviour",43.5,"FV"
2023,"YARRA RANGES","Threatening behaviour",37.8,"Non-FV"
2022,"BALLARAT","Serious assault",124.1,"FV"
2022,"BALLARAT","Serious assault",119.8,"Non-FV"
2022,"BALLARAT","Common assault",231,"FV"
2022,"BALLARAT","Common assault",159.5,"Non-FV"
2022,"BALLARAT","Stalking",25,"FV"
2022,"BALLARAT","Stalking",7.8,"Non-FV"
2022,"BALLARAT","Harassment and private nuisance",26.7,"FV"
2022,"BALLARAT","Harassment and private nuisance",6.9,"Non-FV"
2022,"BALLARAT","Threatening behaviour",48.3,"FV"
2022,"BALLARAT","Threatening behaviour",33.6,"Non-FV"
2022,"PYRENEES","Serious assault",78.4,"FV"
2022,"PYRENEES","Serious assault",52.3,"Non-FV"
2022,"PYRENEES","Common assault",143.7,"FV"
2022,"PYRENEES","Common assault",65.3,"Non-FV"
2022,"PYRENEES","Stalking",26.1,"FV"
2022,"PYRENEES","Stalking",13.1,"Non-FV"
2022,"PYRENEES","Harassment and private nuisance",13.1,"FV"
2022,"PYRENEES","Threatening behaviour",13.1,"FV"
2022,"PYRENEES","Threatening behaviour",13.1,"Non-FV"
2022,"BANYULE","Serious assault",67.5,"FV"
2022,"BANYULE","Serious assault",87.9,"Non-FV"
2022,"BANYULE","Common assault",135.8,"FV"
2022,"BANYULE","Common assault",162.4,"Non-FV"
2022,"BANYULE","Stalking",17.3,"FV"
2022,"BANYULE","Stalking",14.1,"Non-FV"
2022,"BANYULE","Harassment and private nuisance",27.5,"FV"
2022,"BANYULE","Harassment and private nuisance",24.3,"Non-FV"
2022,"BANYULE","Threatening behaviour",45.5,"FV"
2022,"BANYULE","Threatening behaviour",47.1,"Non-FV"
2022,"NILLUMBIK","Serious assault",38.1,"FV"
2022,"NILLUMBIK","Serious assault",52.3,"Non-FV"
2022,"NILLUMBIK","Common assault",96.7,"FV"
2022,"NILLUMBIK","Common assault",84,"Non-FV"
2022,"NILLUMBIK","Stalking",11.1,"FV"
2022,"NILLUMBIK","Stalking",3.2,"Non-FV"
2022,"NILLUMBIK","Harassment and private nuisance",19,"FV"
2022,"NILLUMBIK","Harassment and private nuisance",14.3,"Non-FV"
2022,"NILLUMBIK","Threatening behaviour",15.9,"FV"
2022,"NILLUMBIK","Threatening behaviour",25.4,"Non-FV"
2022,"BASS COAST","Serious assault",179.4,"FV"
2022,"BASS COAST","Serious assault",179.4,"Non-FV"
2022,"BASS COAST","Common assault",368.3,"FV"
2022,"BASS COAST","Common assault",160.2,"Non-FV"
2022,"BASS COAST","Stalking",93.3,"FV"
2022,"BASS COAST","Stalking",26.3,"Non-FV"
2022,"BASS COAST","Harassment and private nuisance",67,"FV"
2022,"BASS COAST","Harassment and private nuisance",28.7,"Non-FV"
2022,"BASS COAST","Threatening behaviour",136.3,"FV"
2022,"BASS COAST","Threatening behaviour",71.7,"Non-FV"
2022,"SOUTH GIPPSLAND","Serious assault",175.8,"FV"
2022,"SOUTH GIPPSLAND","Serious assault",101,"Non-FV"
2022,"SOUTH GIPPSLAND","Common assault",299.6,"FV"
2022,"SOUTH GIPPSLAND","Common assault",74.9,"Non-FV"
2022,"SOUTH GIPPSLAND","Stalking",84.7,"FV"
2022,"SOUTH GIPPSLAND","Stalking",13,"Non-FV"
2022,"SOUTH GIPPSLAND","Harassment and private nuisance",35.8,"FV"
2022,"SOUTH GIPPSLAND","Harassment and private nuisance",6.5,"Non-FV"
2022,"SOUTH GIPPSLAND","Threatening behaviour",81.4,"FV"
2022,"SOUTH GIPPSLAND","Threatening behaviour",35.8,"Non-FV"
2022,"BAW BAW","Serious assault",131.6,"FV"
2022,"BAW BAW","Serious assault",124.8,"Non-FV"
2022,"BAW BAW","Common assault",303.7,"FV"
2022,"BAW BAW","Common assault",200.8,"Non-FV"
2022,"BAW BAW","Stalking",40.5,"FV"
2022,"BAW BAW","Stalking",18.6,"Non-FV"
2022,"BAW BAW","Harassment and private nuisance",48.9,"FV"
2022,"BAW BAW","Harassment and private nuisance",16.9,"Non-FV"
2022,"BAW BAW","Threatening behaviour",52.3,"FV"
2022,"BAW BAW","Threatening behaviour",52.3,"Non-FV"
2022,"BENALLA","Serious assault",110.6,"FV"
2022,"BENALLA","Serious assault",165.9,"Non-FV"
2022,"BENALLA","Common assault",331.9,"FV"
2022,"BENALLA","Common assault",228.2,"Non-FV"
2022,"BENALLA","Stalking",13.8,"FV"
2022,"BENALLA","Stalking",55.3,"Non-FV"
2022,"BENALLA","Harassment and private nuisance",89.9,"FV"
2022,"BENALLA","Harassment and private nuisance",48.4,"Non-FV"
2022,"BENALLA","Threatening behaviour",41.5,"FV"
2022,"BENALLA","Threatening behaviour",83,"Non-FV"
2022,"MANSFIELD","Serious assault",58,"FV"
2022,"MANSFIELD","Serious assault",48.4,"Non-FV"
2022,"MANSFIELD","Common assault",135.4,"FV"
2022,"MANSFIELD","Common assault",96.7,"Non-FV"
2022,"MANSFIELD","Stalking",19.3,"FV"
2022,"MANSFIELD","Harassment and private nuisance",203.1,"FV"
2022,"MANSFIELD","Threatening behaviour",58,"FV"
2022,"MANSFIELD","Threatening behaviour",38.7,"Non-FV"
2022,"MURRINDINDI","Serious assault",84.7,"FV"
2022,"MURRINDINDI","Serious assault",52.1,"Non-FV"
2022,"MURRINDINDI","Common assault",254,"FV"
2022,"MURRINDINDI","Common assault",188.9,"Non-FV"
2022,"MURRINDINDI","Stalking",26.1,"FV"
2022,"MURRINDINDI","Harassment and private nuisance",45.6,"FV"
2022,"MURRINDINDI","Harassment and private nuisance",13,"Non-FV"
2022,"MURRINDINDI","Threatening behaviour",65.1,"FV"
2022,"MURRINDINDI","Threatening behaviour",52.1,"Non-FV"
2022,"GREATER BENDIGO","Serious assault",159.7,"FV"
2022,"GREATER BENDIGO","Serious assault",131.2,"Non-FV"
2022,"GREATER BENDIGO","Common assault",255.1,"FV"
2022,"GREATER BENDIGO","Common assault",227.4,"Non-FV"
2022,"GREATER BENDIGO","Stalking",16.3,"FV"
2022,"GREATER BENDIGO","Stalking",14.7,"Non-FV"
2022,"GREATER BENDIGO","Harassment and private nuisance",28.5,"FV"
2022,"GREATER BENDIGO","Harassment and private nuisance",9,"Non-FV"
2022,"GREATER BENDIGO","Threatening behaviour",61.1,"FV"
2022,"GREATER BENDIGO","Threatening behaviour",42.4,"Non-FV"
2022,"BOROONDARA","Serious assault",33.6,"FV"
2022,"BOROONDARA","Serious assault",47.2,"Non-FV"
2022,"BOROONDARA","Common assault",132.6,"FV"
2022,"BOROONDARA","Common assault",77.2,"Non-FV"
2022,"BOROONDARA","Stalking",8.3,"FV"
2022,"BOROONDARA","Stalking",6.5,"Non-FV"
2022,"BOROONDARA","Harassment and private nuisance",14.7,"FV"
2022,"BOROONDARA","Harassment and private nuisance",11.2,"Non-FV"
2022,"BOROONDARA","Threatening behaviour",19.5,"FV"
2022,"BOROONDARA","Threatening behaviour",17.1,"Non-FV"
2022,"BRIMBANK","Serious assault",124.1,"FV"
2022,"BRIMBANK","Serious assault",137,"Non-FV"
2022,"BRIMBANK","Common assault",265.3,"FV"
2022,"BRIMBANK","Common assault",173.2,"Non-FV"
2022,"BRIMBANK","Stalking",24.3,"FV"
2022,"BRIMBANK","Stalking",10.3,"Non-FV"
2022,"BRIMBANK","Harassment and private nuisance",35.2,"FV"
2022,"BRIMBANK","Harassment and private nuisance",14.5,"Non-FV"
2022,"BRIMBANK","Threatening behaviour",84.3,"FV"
2022,"BRIMBANK","Threatening behaviour",51.7,"Non-FV"
2022,"CAMPASPE","Serious assault",158.2,"FV"
2022,"CAMPASPE","Serious assault",194.5,"Non-FV"
2022,"CAMPASPE","Common assault",274.9,"FV"
2022,"CAMPASPE","Common assault",155.6,"Non-FV"
2022,"CAMPASPE","Stalking",36.3,"FV"
2022,"CAMPASPE","Stalking",2.6,"Non-FV"
2022,"CAMPASPE","Harassment and private nuisance",41.5,"FV"
2022,"CAMPASPE","Harassment and private nuisance",5.2,"Non-FV"
2022,"CAMPASPE","Threatening behaviour",57.1,"FV"
2022,"CAMPASPE","Threatening behaviour",54.5,"Non-FV"
2022,"CARDINIA","Serious assault",79.6,"FV"
2022,"CARDINIA","Serious assault",69.8,"Non-FV"
2022,"CARDINIA","Common assault",263.8,"FV"
2022,"CARDINIA","Common assault",121,"Non-FV"
2022,"CARDINIA","Stalking",26,"FV"
2022,"CARDINIA","Stalking",4.9,"Non-FV"
2022,"CARDINIA","Harassment and private nuisance",40.6,"FV"
2022,"CARDINIA","Harassment and private nuisance",16.2,"Non-FV"
2022,"CARDINIA","Threatening behaviour",77.1,"FV"
2022,"CARDINIA","Threatening behaviour",29.2,"Non-FV"
2022,"CASEY","Serious assault",93.6,"FV"
2022,"CASEY","Serious assault",75.2,"Non-FV"
2022,"CASEY","Common assault",289.9,"FV"
2022,"CASEY","Common assault",139.5,"Non-FV"
2022,"CASEY","Stalking",25.1,"FV"
2022,"CASEY","Stalking",11.1,"Non-FV"
2022,"CASEY","Harassment and private nuisance",36.9,"FV"
2022,"CASEY","Harassment and private nuisance",12.7,"Non-FV"
2022,"CASEY","Threatening behaviour",84.7,"FV"
2022,"CASEY","Threatening behaviour",35.6,"Non-FV"
2022,"CENTRAL GOLDFIELDS","Serious assault",184.9,"FV"
2022,"CENTRAL GOLDFIELDS","Serious assault",229.3,"Non-FV"
2022,"CENTRAL GOLDFIELDS","Common assault",384.6,"FV"
2022,"CENTRAL GOLDFIELDS","Common assault",318,"Non-FV"
2022,"CENTRAL GOLDFIELDS","Stalking",37,"FV"
2022,"CENTRAL GOLDFIELDS","Stalking",14.8,"Non-FV"
2022,"CENTRAL GOLDFIELDS","Harassment and private nuisance",51.8,"FV"
2022,"CENTRAL GOLDFIELDS","Harassment and private nuisance",14.8,"Non-FV"
2022,"CENTRAL GOLDFIELDS","Threatening behaviour",81.4,"FV"
2022,"CENTRAL GOLDFIELDS","Threatening behaviour",125.7,"Non-FV"
2022,"LODDON","Serious assault",103.2,"FV"
2022,"LODDON","Serious assault",64.5,"Non-FV"
2022,"LODDON","Common assault",258.1,"FV"
2022,"LODDON","Common assault",154.8,"Non-FV"
2022,"LODDON","Stalking",25.8,"FV"
2022,"LODDON","Harassment and private nuisance",12.9,"FV"
2022,"LODDON","Harassment and private nuisance",12.9,"Non-FV"
2022,"LODDON","Threatening behaviour",64.5,"FV"
2022,"LODDON","Threatening behaviour",38.7,"Non-FV"
2022,"MOUNT ALEXANDER","Serious assault",49.2,"FV"
2022,"MOUNT ALEXANDER","Serious assault",68.9,"Non-FV"
2022,"MOUNT ALEXANDER","Common assault",103.3,"FV"
2022,"MOUNT ALEXANDER","Common assault",157.4,"Non-FV"
2022,"MOUNT ALEXANDER","Stalking",4.9,"FV"
2022,"MOUNT ALEXANDER","Stalking",14.8,"Non-FV"
2022,"MOUNT ALEXANDER","Harassment and private nuisance",14.8,"FV"
2022,"MOUNT ALEXANDER","Harassment and private nuisance",4.9,"Non-FV"
2022,"MOUNT ALEXANDER","Threatening behaviour",24.6,"FV"
2022,"MOUNT ALEXANDER","Threatening behaviour",49.2,"Non-FV"
2022,"DAREBIN","Serious assault",87,"FV"
2022,"DAREBIN","Serious assault",112.2,"Non-FV"
2022,"DAREBIN","Common assault",191.9,"FV"
2022,"DAREBIN","Common assault",177.3,"Non-FV"
2022,"DAREBIN","Stalking",17.3,"FV"
2022,"DAREBIN","Stalking",24.6,"Non-FV"
2022,"DAREBIN","Harassment and private nuisance",37.2,"FV"
2022,"DAREBIN","Harassment and private nuisance",13.3,"Non-FV"
2022,"DAREBIN","Threatening behaviour",37.2,"FV"
2022,"DAREBIN","Threatening behaviour",73,"Non-FV"
2022,"EAST GIPPSLAND","Serious assault",188,"FV"
2022,"EAST GIPPSLAND","Serious assault",161.4,"Non-FV"
2022,"EAST GIPPSLAND","Common assault",467.9,"FV"
2022,"EAST GIPPSLAND","Common assault",279.9,"Non-FV"
2022,"EAST GIPPSLAND","Stalking",22.5,"FV"
2022,"EAST GIPPSLAND","Stalking",14.3,"Non-FV"
2022,"EAST GIPPSLAND","Harassment and private nuisance",47,"FV"
2022,"EAST GIPPSLAND","Harassment and private nuisance",2,"Non-FV"
2022,"EAST GIPPSLAND","Threatening behaviour",96,"FV"
2022,"EAST GIPPSLAND","Threatening behaviour",85.8,"Non-FV"
2022,"FRANKSTON","Serious assault",108.4,"FV"
2022,"FRANKSTON","Serious assault",140.3,"Non-FV"
2022,"FRANKSTON","Common assault",329.4,"FV"
2022,"FRANKSTON","Common assault",213.9,"Non-FV"
2022,"FRANKSTON","Stalking",31.9,"FV"
2022,"FRANKSTON","Stalking",23.4,"Non-FV"
2022,"FRANKSTON","Harassment and private nuisance",39,"FV"
2022,"FRANKSTON","Harassment and private nuisance",14.9,"Non-FV"
2022,"FRANKSTON","Threatening behaviour",63.8,"FV"
2022,"FRANKSTON","Threatening behaviour",56.7,"Non-FV"
2022,"GREATER GEELONG","Serious assault",123.3,"FV"
2022,"GREATER GEELONG","Serious assault",148.2,"Non-FV"
2022,"GREATER GEELONG","Common assault",246.9,"FV"
2022,"GREATER GEELONG","Common assault",167,"Non-FV"
2022,"GREATER GEELONG","Stalking",19.5,"FV"
2022,"GREATER GEELONG","Stalking",16.6,"Non-FV"
2022,"GREATER GEELONG","Harassment and private nuisance",34.7,"FV"
2022,"GREATER GEELONG","Harassment and private nuisance",20.2,"Non-FV"
2022,"GREATER GEELONG","Threatening behaviour",53.1,"FV"
2022,"GREATER GEELONG","Threatening behaviour",50.3,"Non-FV"
2022,"QUEENSCLIFFE","Serious assault",93.1,"FV"
2022,"QUEENSCLIFFE","Serious assault",62.1,"Non-FV"
2022,"QUEENSCLIFFE","Common assault",31,"FV"
2022,"QUEENSCLIFFE","Common assault",62.1,"Non-FV"
2022,"QUEENSCLIFFE","Stalking",31,"FV"
2022,"BAYSIDE","Serious assault",28.4,"FV"
2022,"BAYSIDE","Serious assault",58.7,"Non-FV"
2022,"BAYSIDE","Common assault",179,"FV"
2022,"BAYSIDE","Common assault",80.2,"Non-FV"
2022,"BAYSIDE","Stalking",10.8,"FV"
2022,"BAYSIDE","Stalking",8.8,"Non-FV"
2022,"BAYSIDE","Harassment and private nuisance",18.6,"FV"
2022,"BAYSIDE","Harassment and private nuisance",10.8,"Non-FV"
2022,"BAYSIDE","Threatening behaviour",30.3,"FV"
2022,"BAYSIDE","Threatening behaviour",23.5,"Non-FV"
2022,"GLEN EIRA","Serious assault",38.2,"FV"
2022,"GLEN EIRA","Serious assault",36.9,"Non-FV"
2022,"GLEN EIRA","Common assault",190.4,"FV"
2022,"GLEN EIRA","Common assault",99.5,"Non-FV"
2022,"GLEN EIRA","Stalking",11.9,"FV"
2022,"GLEN EIRA","Stalking",16.5,"Non-FV"
2022,"GLEN EIRA","Harassment and private nuisance",15.8,"FV"
2022,"GLEN EIRA","Harassment and private nuisance",10.5,"Non-FV"
2022,"GLEN EIRA","Threatening behaviour",21.7,"FV"
2022,"GLEN EIRA","Threatening behaviour",21.1,"Non-FV"
2022,"GREATER DANDENONG","Serious assault",109.2,"FV"
2022,"GREATER DANDENONG","Serious assault",195.2,"Non-FV"
2022,"GREATER DANDENONG","Common assault",367.2,"FV"
2022,"GREATER DANDENONG","Common assault",311.4,"Non-FV"
2022,"GREATER DANDENONG","Stalking",17.6,"FV"
2022,"GREATER DANDENONG","Stalking",15.7,"Non-FV"
2022,"GREATER DANDENONG","Harassment and private nuisance",26.4,"FV"
2022,"GREATER DANDENONG","Harassment and private nuisance",13.2,"Non-FV"
2022,"GREATER DANDENONG","Threatening behaviour",96.7,"FV"
2022,"GREATER DANDENONG","Threatening behaviour",84.1,"Non-FV"
2022,"HOBSONS BAY","Serious assault",92.5,"FV"
2022,"HOBSONS BAY","Serious assault",95.8,"Non-FV"
2022,"HOBSONS BAY","Common assault",177.4,"FV"
2022,"HOBSONS BAY","Common assault",154.6,"Non-FV"
2022,"HOBSONS BAY","Stalking",14.2,"FV"
2022,"HOBSONS BAY","Stalking",9.8,"Non-FV"
2022,"HOBSONS BAY","Harassment and private nuisance",20.7,"FV"
2022,"HOBSONS BAY","Harassment and private nuisance",5.4,"Non-FV"
2022,"HOBSONS BAY","Threatening behaviour",47.9,"FV"
2022,"HOBSONS BAY","Threatening behaviour",39.2,"Non-FV"
2022,"HINDMARSH","Serious assault",107.1,"FV"
2022,"HINDMARSH","Serious assault",178.5,"Non-FV"
2022,"HINDMARSH","Common assault",267.8,"FV"
2022,"HINDMARSH","Common assault",125,"Non-FV"
2022,"HINDMARSH","Stalking",17.9,"FV"
2022,"HINDMARSH","Harassment and private nuisance",35.7,"Non-FV"
2022,"HINDMARSH","Threatening behaviour",17.9,"FV"
2022,"HINDMARSH","Threatening behaviour",53.6,"Non-FV"
2022,"HORSHAM","Serious assault",245.7,"FV"
2022,"HORSHAM","Serious assault",285,"Non-FV"
2022,"HORSHAM","Common assault",398.1,"FV"
2022,"HORSHAM","Common assault",265.4,"Non-FV"
2022,"HORSHAM","Stalking",44.2,"FV"
2022,"HORSHAM","Stalking",19.7,"Non-FV"
2022,"HORSHAM","Harassment and private nuisance",44.2,"FV"
2022,"HORSHAM","Harassment and private nuisance",9.8,"Non-FV"
2022,"HORSHAM","Threatening behaviour",78.6,"FV"
2022,"HORSHAM","Threatening behaviour",103.2,"Non-FV"
2022,"WEST WIMMERA","Serious assault",25.4,"FV"
2022,"WEST WIMMERA","Serious assault",50.7,"Non-FV"
2022,"WEST WIMMERA","Common assault",76.1,"FV"
2022,"WEST WIMMERA","Common assault",126.8,"Non-FV"
2022,"WEST WIMMERA","Stalking",101.4,"Non-FV"
2022,"WEST WIMMERA","Threatening behaviour",25.4,"FV"
2022,"WEST WIMMERA","Threatening behaviour",25.4,"Non-FV"
2022,"HUME","Serious assault",137.1,"FV"
2022,"HUME","Serious assault",113,"Non-FV"
2022,"HUME","Common assault",242.5,"FV"
2022,"HUME","Common assault",154,"Non-FV"
2022,"HUME","Stalking",33.2,"FV"
2022,"HUME","Stalking",19,"Non-FV"
2022,"HUME","Harassment and private nuisance",47.8,"FV"
2022,"HUME","Harassment and private nuisance",18.6,"Non-FV"
2022,"HUME","Threatening behaviour",86.1,"FV"
2022,"HUME","Threatening behaviour",44.6,"Non-FV"
2022,"KINGSTON","Serious assault",71.8,"FV"
2022,"KINGSTON","Serious assault",78.7,"Non-FV"
2022,"KINGSTON","Common assault",238.6,"FV"
2022,"KINGSTON","Common assault",161.1,"Non-FV"
2022,"KINGSTON","Stalking",26.2,"FV"
2022,"KINGSTON","Stalking",16.2,"Non-FV"
2022,"KINGSTON","Harassment and private nuisance",36.2,"FV"
2022,"KINGSTON","Harassment and private nuisance",9.4,"Non-FV"
2022,"KINGSTON","Threatening behaviour",49.3,"FV"
2022,"KINGSTON","Threatening behaviour",28.1,"Non-FV"
2022,"KNOX","Serious assault",63.9,"FV"
2022,"KNOX","Serious assault",60.8,"Non-FV"
2022,"KNOX","Common assault",221.9,"FV"
2022,"KNOX","Common assault",137.3,"Non-FV"
2022,"KNOX","Stalking",21.3,"FV"
2022,"KNOX","Stalking",8.8,"Non-FV"
2022,"KNOX","Harassment and private nuisance",23.8,"FV"
2022,"KNOX","Harassment and private nuisance",10.7,"Non-FV"
2022,"KNOX","Threatening behaviour",43.2,"FV"
2022,"KNOX","Threatening behaviour",27.6,"Non-FV"
2022,"LATROBE","Serious assault",287,"FV"
2022,"LATROBE","Serious assault",266.4,"Non-FV"
2022,"LATROBE","Common assault",584.3,"FV"
2022,"LATROBE","Common assault",284.4,"Non-FV"
2022,"LATROBE","Stalking",55.3,"FV"
2022,"LATROBE","Stalking",29.6,"Non-FV"
2022,"LATROBE","Harassment and private nuisance",79.8,"FV"
2022,"LATROBE","Harassment and private nuisance",29.6,"Non-FV"
2022,"LATROBE","Threatening behaviour",128.7,"FV"
2022,"LATROBE","Threatening behaviour",103,"Non-FV"
2022,"MACEDON RANGES","Serious assault",55.6,"FV"
2022,"MACEDON RANGES","Serious assault",51.7,"Non-FV"
2022,"MACEDON RANGES","Common assault",162.8,"FV"
2022,"MACEDON RANGES","Common assault",84.3,"Non-FV"
2022,"MACEDON RANGES","Stalking",9.6,"FV"
2022,"MACEDON RANGES","Stalking",24.9,"Non-FV"
2022,"MACEDON RANGES","Harassment and private nuisance",15.3,"FV"
2022,"MACEDON RANGES","Harassment and private nuisance",17.2,"Non-FV"
2022,"MACEDON RANGES","Threatening behaviour",28.7,"FV"
2022,"MACEDON RANGES","Threatening behaviour",23,"Non-FV"
2022,"MANNINGHAM","Serious assault",42.7,"FV"
2022,"MANNINGHAM","Serious assault",36.3,"Non-FV"
2022,"MANNINGHAM","Common assault",162.8,"FV"
2022,"MANNINGHAM","Common assault",66.4,"Non-FV"
2022,"MANNINGHAM","Stalking",11.9,"FV"
2022,"MANNINGHAM","Stalking",7.9,"Non-FV"
2022,"MANNINGHAM","Harassment and private nuisance",12.6,"FV"
2022,"MANNINGHAM","Harassment and private nuisance",10.3,"Non-FV"
2022,"MANNINGHAM","Threatening behaviour",24.5,"FV"
2022,"MANNINGHAM","Threatening behaviour",19,"Non-FV"
2022,"MARIBYRNONG","Serious assault",103.9,"FV"
2022,"MARIBYRNONG","Serious assault",164.4,"Non-FV"
2022,"MARIBYRNONG","Common assault",181.5,"FV"
2022,"MARIBYRNONG","Common assault",226,"Non-FV"
2022,"MARIBYRNONG","Stalking",16,"FV"
2022,"MARIBYRNONG","Stalking",26.3,"Non-FV"
2022,"MARIBYRNONG","Harassment and private nuisance",21.7,"FV"
2022,"MARIBYRNONG","Harassment and private nuisance",18.3,"Non-FV"
2022,"MARIBYRNONG","Threatening behaviour",51.4,"FV"
2022,"MARIBYRNONG","Threatening behaviour",61.6,"Non-FV"
2022,"MAROONDAH","Serious assault",60.5,"FV"
2022,"MAROONDAH","Serious assault",104.5,"Non-FV"
2022,"MAROONDAH","Common assault",237.6,"FV"
2022,"MAROONDAH","Common assault",166.7,"Non-FV"
2022,"MAROONDAH","Stalking",18.1,"FV"
2022,"MAROONDAH","Stalking",29.4,"Non-FV"
2022,"MAROONDAH","Harassment and private nuisance",17.3,"FV"
2022,"MAROONDAH","Harassment and private nuisance",9.5,"Non-FV"
2022,"MAROONDAH","Threatening behaviour",56.2,"FV"
2022,"MAROONDAH","Threatening behaviour",36.3,"Non-FV"
2022,"MELBOURNE","Serious assault",175.9,"FV"
2022,"MELBOURNE","Serious assault",477.1,"Non-FV"
2022,"MELBOURNE","Common assault",280.1,"FV"
2022,"MELBOURNE","Common assault",883.8,"Non-FV"
2022,"MELBOURNE","Stalking",52.4,"FV"
2022,"MELBOURNE","Stalking",38.7,"Non-FV"
2022,"MELBOURNE","Harassment and private nuisance",47.4,"FV"
2022,"MELBOURNE","Harassment and private nuisance",33.1,"Non-FV"
2022,"MELBOURNE","Threatening behaviour",66.1,"FV"
2022,"MELBOURNE","Threatening behaviour",106.7,"Non-FV"
2022,"MELTON","Serious assault",134.5,"FV"
2022,"MELTON","Serious assault",108.6,"Non-FV"
2022,"MELTON","Common assault",279.4,"FV"
2022,"MELTON","Common assault",128.3,"Non-FV"
2022,"MELTON","Stalking",25.4,"FV"
2022,"MELTON","Stalking",8.8,"Non-FV"
2022,"MELTON","Harassment and private nuisance",53.8,"FV"
2022,"MELTON","Harassment and private nuisance",19.1,"Non-FV"
2022,"MELTON","Threatening behaviour",88.5,"FV"
2022,"MELTON","Threatening behaviour",37.3,"Non-FV"
2022,"MERRI-BEK","Serious assault",78.3,"FV"
2022,"MERRI-BEK","Serious assault",89.8,"Non-FV"
2022,"MERRI-BEK","Common assault",177.8,"FV"
2022,"MERRI-BEK","Common assault",168.7,"Non-FV"
2022,"MERRI-BEK","Stalking",25.7,"FV"
2022,"MERRI-BEK","Stalking",14.3,"Non-FV"
2022,"MERRI-BEK","Harassment and private nuisance",70.3,"FV"
2022,"MERRI-BEK","Harassment and private nuisance",11.4,"Non-FV"
2022,"MERRI-BEK","Threatening behaviour",52,"FV"
2022,"MERRI-BEK","Threatening behaviour",56.6,"Non-FV"
2022,"MILDURA","Serious assault",255,"FV"
2022,"MILDURA","Serious assault",239.3,"Non-FV"
2022,"MILDURA","Common assault",534.5,"FV"
2022,"MILDURA","Common assault",319.7,"Non-FV"
2022,"MILDURA","Stalking",47.2,"FV"
2022,"MILDURA","Stalking",21,"Non-FV"
2022,"MILDURA","Harassment and private nuisance",66.4,"FV"
2022,"MILDURA","Harassment and private nuisance",15.7,"Non-FV"
2022,"MILDURA","Threatening behaviour",115.3,"FV"
2022,"MILDURA","Threatening behaviour",71.6,"Non-FV"
2022,"MITCHELL","Serious assault",170.3,"FV"
2022,"MITCHELL","Serious assault",94.8,"Non-FV"
2022,"MITCHELL","Common assault",385,"FV"
2022,"MITCHELL","Common assault",170.3,"Non-FV"
2022,"MITCHELL","Stalking",34.8,"FV"
2022,"MITCHELL","Stalking",42.6,"Non-FV"
2022,"MITCHELL","Harassment and private nuisance",71.6,"FV"
2022,"MITCHELL","Harassment and private nuisance",42.6,"Non-FV"
2022,"MITCHELL","Threatening behaviour",61.9,"FV"
2022,"MITCHELL","Threatening behaviour",89,"Non-FV"
2022,"STRATHBOGIE","Serious assault",69.5,"FV"
2022,"STRATHBOGIE","Serious assault",34.7,"Non-FV"
2022,"STRATHBOGIE","Common assault",217.1,"FV"
2022,"STRATHBOGIE","Common assault",78.2,"Non-FV"
2022,"STRATHBOGIE","Stalking",60.8,"FV"
2022,"STRATHBOGIE","Stalking",8.7,"Non-FV"
2022,"STRATHBOGIE","Harassment and private nuisance",112.9,"FV"
2022,"STRATHBOGIE","Harassment and private nuisance",26.1,"Non-FV"
2022,"STRATHBOGIE","Threatening behaviour",26.1,"FV"
2022,"STRATHBOGIE","Threatening behaviour",34.7,"Non-FV"
2022,"MONASH","Serious assault",58.9,"FV"
2022,"MONASH","Serious assault",63.6,"Non-FV"
2022,"MONASH","Common assault",220.9,"FV"
2022,"MONASH","Common assault",126.6,"Non-FV"
2022,"MONASH","Stalking",16.9,"FV"
2022,"MONASH","Stalking",13.3,"Non-FV"
2022,"MONASH","Harassment and private nuisance",15.9,"FV"
2022,"MONASH","Harassment and private nuisance",8.7,"Non-FV"
2022,"MONASH","Threatening behaviour",40.5,"FV"
2022,"MONASH","Threatening behaviour",28.7,"Non-FV"
2022,"MOONEE VALLEY","Serious assault",71.5,"FV"
2022,"MOONEE VALLEY","Serious assault",95.8,"Non-FV"
2022,"MOONEE VALLEY","Common assault",160,"FV"
2022,"MOONEE VALLEY","Common assault",150.3,"Non-FV"
2022,"MOONEE VALLEY","Stalking",30.9,"FV"
2022,"MOONEE VALLEY","Stalking",32.5,"Non-FV"
2022,"MOONEE VALLEY","Harassment and private nuisance",27.6,"FV"
2022,"MOONEE VALLEY","Harassment and private nuisance",34.9,"Non-FV"
2022,"MOONEE VALLEY","Threatening behaviour",62.5,"FV"
2022,"MOONEE VALLEY","Threatening behaviour",44.7,"Non-FV"
2022,"GOLDEN PLAINS","Serious assault",39.5,"FV"
2022,"GOLDEN PLAINS","Serious assault",15.8,"Non-FV"
2022,"GOLDEN PLAINS","Common assault",67.1,"FV"
2022,"GOLDEN PLAINS","Common assault",27.6,"Non-FV"
2022,"GOLDEN PLAINS","Stalking",7.9,"FV"
2022,"GOLDEN PLAINS","Harassment and private nuisance",3.9,"FV"
2022,"GOLDEN PLAINS","Threatening behaviour",47.4,"FV"
2022,"GOLDEN PLAINS","Threatening behaviour",7.9,"Non-FV"
2022,"HEPBURN","Serious assault",78.4,"FV"
2022,"HEPBURN","Serious assault",96.5,"Non-FV"
2022,"HEPBURN","Common assault",120.7,"FV"
2022,"HEPBURN","Common assault",90.5,"Non-FV"
2022,"HEPBURN","Stalking",6,"FV"
2022,"HEPBURN","Harassment and private nuisance",12.1,"FV"
2022,"HEPBURN","Threatening behaviour",18.1,"FV"
2022,"HEPBURN","Threatening behaviour",24.1,"Non-FV"
2022,"MOORABOOL","Serious assault",80.5,"FV"
2022,"MOORABOOL","Serious assault",59.7,"Non-FV"
2022,"MOORABOOL","Common assault",197.3,"FV"
2022,"MOORABOOL","Common assault",70.1,"Non-FV"
2022,"MOORABOOL","Stalking",31.1,"FV"
2022,"MOORABOOL","Stalking",7.8,"Non-FV"
2022,"MOORABOOL","Harassment and private nuisance",51.9,"FV"
2022,"MOORABOOL","Harassment and private nuisance",5.2,"Non-FV"
2022,"MOORABOOL","Threatening behaviour",64.9,"FV"
2022,"MOORABOOL","Threatening behaviour",36.3,"Non-FV"
2022,"MORNINGTON PENINSULA","Serious assault",67.2,"FV"
2022,"MORNINGTON PENINSULA","Serious assault",84.2,"Non-FV"
2022,"MORNINGTON PENINSULA","Common assault",190.9,"FV"
2022,"MORNINGTON PENINSULA","Common assault",110.8,"Non-FV"
2022,"MORNINGTON PENINSULA","Stalking",21.8,"FV"
2022,"MORNINGTON PENINSULA","Stalking",11.8,"Non-FV"
2022,"MORNINGTON PENINSULA","Harassment and private nuisance",28.9,"FV"
2022,"MORNINGTON PENINSULA","Harassment and private nuisance",11.2,"Non-FV"
2022,"MORNINGTON PENINSULA","Threatening behaviour",38.3,"FV"
2022,"MORNINGTON PENINSULA","Threatening behaviour",26.5,"Non-FV"
2022,"ARARAT","Serious assault",212.6,"FV"
2022,"ARARAT","Serious assault",246.6,"Non-FV"
2022,"ARARAT","Common assault",442.3,"FV"
2022,"ARARAT","Common assault",272.2,"Non-FV"
2022,"ARARAT","Stalking",17,"FV"
2022,"ARARAT","Harassment and private nuisance",17,"FV"
2022,"ARARAT","Harassment and private nuisance",42.5,"Non-FV"
2022,"ARARAT","Threatening behaviour",34,"FV"
2022,"ARARAT","Threatening behaviour",187.1,"Non-FV"
2022,"NORTHERN GRAMPIANS","Serious assault",126.3,"FV"
2022,"NORTHERN GRAMPIANS","Serious assault",176.8,"Non-FV"
2022,"NORTHERN GRAMPIANS","Common assault",446.2,"FV"
2022,"NORTHERN GRAMPIANS","Common assault",286.2,"Non-FV"
2022,"NORTHERN GRAMPIANS","Stalking",25.3,"FV"
2022,"NORTHERN GRAMPIANS","Stalking",50.5,"Non-FV"
2022,"NORTHERN GRAMPIANS","Harassment and private nuisance",16.8,"FV"
2022,"NORTHERN GRAMPIANS","Harassment and private nuisance",25.3,"Non-FV"
2022,"NORTHERN GRAMPIANS","Threatening behaviour",33.7,"FV"
2022,"NORTHERN GRAMPIANS","Threatening behaviour",67.3,"Non-FV"
2022,"YARRIAMBIACK","Serious assault",155.4,"FV"
2022,"YARRIAMBIACK","Serious assault",139.8,"Non-FV"
2022,"YARRIAMBIACK","Common assault",326.2,"FV"
2022,"YARRIAMBIACK","Common assault",202,"Non-FV"
2022,"YARRIAMBIACK","Stalking",15.5,"FV"
2022,"YARRIAMBIACK","Stalking",93.2,"Non-FV"
2022,"YARRIAMBIACK","Harassment and private nuisance",46.6,"Non-FV"
2022,"YARRIAMBIACK","Threatening behaviour",46.6,"FV"
2022,"YARRIAMBIACK","Threatening behaviour",31.1,"Non-FV"
2022,"PORT PHILLIP","Serious assault",116.2,"FV"
2022,"PORT PHILLIP","Serious assault",241.1,"Non-FV"
2022,"PORT PHILLIP","Common assault",271.9,"FV"
2022,"PORT PHILLIP","Common assault",346.8,"Non-FV"
2022,"PORT PHILLIP","Stalking",34.6,"FV"
2022,"PORT PHILLIP","Stalking",29.8,"Non-FV"
2022,"PORT PHILLIP","Harassment and private nuisance",66.3,"FV"
2022,"PORT PHILLIP","Harassment and private nuisance",20.2,"Non-FV"
2022,"PORT PHILLIP","Threatening behaviour",43.2,"FV"
2022,"PORT PHILLIP","Threatening behaviour",75.9,"Non-FV"
2022,"GREATER SHEPPARTON","Serious assault",469.8,"FV"
2022,"GREATER SHEPPARTON","Serious assault",232,"Non-FV"
2022,"GREATER SHEPPARTON","Common assault",210.3,"FV"
2022,"GREATER SHEPPARTON","Common assault",184.2,"Non-FV"
2022,"GREATER SHEPPARTON","Stalking",42.1,"FV"
2022,"GREATER SHEPPARTON","Stalking",14.5,"Non-FV"
2022,"GREATER SHEPPARTON","Harassment and private nuisance",66.7,"FV"
2022,"GREATER SHEPPARTON","Harassment and private nuisance",20.3,"Non-FV"
2022,"GREATER SHEPPARTON","Threatening behaviour",108.8,"FV"
2022,"GREATER SHEPPARTON","Threatening behaviour",43.5,"Non-FV"
2022,"GLENELG","Serious assault",174.6,"FV"
2022,"GLENELG","Serious assault",164.6,"Non-FV"
2022,"GLENELG","Common assault",404,"FV"
2022,"GLENELG","Common assault",169.6,"Non-FV"
2022,"GLENELG","Stalking",59.9,"FV"
2022,"GLENELG","Stalking",59.9,"Non-FV"
2022,"GLENELG","Harassment and private nuisance",24.9,"FV"
2022,"GLENELG","Harassment and private nuisance",44.9,"Non-FV"
2022,"GLENELG","Threatening behaviour",99.8,"FV"
2022,"GLENELG","Threatening behaviour",69.8,"Non-FV"
2022,"SOUTHERN GRAMPIANS","Serious assault",152.4,"FV"
2022,"SOUTHERN GRAMPIANS","Serious assault",201.2,"Non-FV"
2022,"SOUTHERN GRAMPIANS","Common assault",243.9,"FV"
2022,"SOUTHERN GRAMPIANS","Common assault",176.8,"Non-FV"
2022,"SOUTHERN GRAMPIANS","Stalking",24.4,"FV"
2022,"SOUTHERN GRAMPIANS","Stalking",24.4,"Non-FV"
2022,"SOUTHERN GRAMPIANS","Harassment and private nuisance",6.1,"FV"
2022,"SOUTHERN GRAMPIANS","Harassment and private nuisance",42.7,"Non-FV"
2022,"SOUTHERN GRAMPIANS","Threatening behaviour",128,"FV"
2022,"SOUTHERN GRAMPIANS","Threatening behaviour",115.8,"Non-FV"
2022,"STONNINGTON","Serious assault",91.1,"FV"
2022,"STONNINGTON","Serious assault",225.3,"Non-FV"
2022,"STONNINGTON","Common assault",167.1,"FV"
2022,"STONNINGTON","Common assault",293.8,"Non-FV"
2022,"STONNINGTON","Stalking",30,"FV"
2022,"STONNINGTON","Stalking",33.8,"Non-FV"
2022,"STONNINGTON","Harassment and private nuisance",27.2,"FV"
2022,"STONNINGTON","Harassment and private nuisance",20.7,"Non-FV"
2022,"STONNINGTON","Threatening behaviour",26.3,"FV"
2022,"STONNINGTON","Threatening behaviour",48.8,"Non-FV"
2022,"COLAC OTWAY","Serious assault",153.2,"FV"
2022,"COLAC OTWAY","Serious assault",121.6,"Non-FV"
2022,"COLAC OTWAY","Common assault",324.4,"FV"
2022,"COLAC OTWAY","Common assault",117.1,"Non-FV"
2022,"COLAC OTWAY","Stalking",36,"FV"
2022,"COLAC OTWAY","Stalking",9,"Non-FV"
2022,"COLAC OTWAY","Harassment and private nuisance",63.1,"FV"
2022,"COLAC OTWAY","Harassment and private nuisance",22.5,"Non-FV"
2022,"COLAC OTWAY","Threatening behaviour",112.6,"FV"
2022,"COLAC OTWAY","Threatening behaviour",49.6,"Non-FV"
2022,"SURF COAST","Serious assault",56.9,"FV"
2022,"SURF COAST","Serious assault",87.9,"Non-FV"
2022,"SURF COAST","Common assault",142.2,"FV"
2022,"SURF COAST","Common assault",93.1,"Non-FV"
2022,"SURF COAST","Stalking",12.9,"FV"
2022,"SURF COAST","Harassment and private nuisance",10.3,"FV"
2022,"SURF COAST","Harassment and private nuisance",10.3,"Non-FV"
2022,"SURF COAST","Threatening behaviour",44,"FV"
2022,"SURF COAST","Threatening behaviour",25.9,"Non-FV"
2022,"BULOKE","Serious assault",98,"FV"
2022,"BULOKE","Serious assault",49,"Non-FV"
2022,"BULOKE","Common assault",245.1,"FV"
2022,"BULOKE","Common assault",81.7,"Non-FV"
2022,"BULOKE","Threatening behaviour",98,"FV"
2022,"BULOKE","Threatening behaviour",49,"Non-FV"
2022,"GANNAWARRA","Serious assault",142.4,"FV"
2022,"GANNAWARRA","Serious assault",113.9,"Non-FV"
2022,"GANNAWARRA","Common assault",227.8,"FV"
2022,"GANNAWARRA","Common assault",180.4,"Non-FV"
2022,"GANNAWARRA","Stalking",19,"FV"
2022,"GANNAWARRA","Stalking",9.5,"Non-FV"
2022,"GANNAWARRA","Harassment and private nuisance",19,"FV"
2022,"GANNAWARRA","Harassment and private nuisance",9.5,"Non-FV"
2022,"GANNAWARRA","Threatening behaviour",113.9,"FV"
2022,"GANNAWARRA","Threatening behaviour",94.9,"Non-FV"
2022,"SWAN HILL","Serious assault",273.1,"FV"
2022,"SWAN HILL","Serious assault",216.6,"Non-FV"
2022,"SWAN HILL","Common assault",348.4,"FV"
2022,"SWAN HILL","Common assault",193,"Non-FV"
2022,"SWAN HILL","Stalking",37.7,"FV"
2022,"SWAN HILL","Stalking",4.7,"Non-FV"
2022,"SWAN HILL","Harassment and private nuisance",84.7,"FV"
2022,"SWAN HILL","Harassment and private nuisance",33,"Non-FV"
2022,"SWAN HILL","Threatening behaviour",141.2,"FV"
2022,"SWAN HILL","Threatening behaviour",65.9,"Non-FV"
2022,"ALPINE","Serious assault",83.4,"FV"
2022,"ALPINE","Serious assault",68.2,"Non-FV"
2022,"ALPINE","Common assault",166.8,"FV"
2022,"ALPINE","Common assault",83.4,"Non-FV"
2022,"ALPINE","Harassment and private nuisance",15.2,"FV"
2022,"ALPINE","Harassment and private nuisance",22.7,"Non-FV"
2022,"ALPINE","Threatening behaviour",15.2,"FV"
2022,"ALPINE","Threatening behaviour",15.2,"Non-FV"
2022,"MOIRA","Serious assault",143.9,"FV"
2022,"MOIRA","Serious assault",104.6,"Non-FV"
2022,"MOIRA","Common assault",248.5,"FV"
2022,"MOIRA","Common assault",121,"Non-FV"
2022,"MOIRA","Stalking",52.3,"FV"
2022,"MOIRA","Stalking",13.1,"Non-FV"
2022,"MOIRA","Harassment and private nuisance",49,"FV"
2022,"MOIRA","Harassment and private nuisance",16.3,"Non-FV"
2022,"MOIRA","Threatening behaviour",65.4,"FV"
2022,"MOIRA","Threatening behaviour",55.6,"Non-FV"
2022,"WANGARATTA","Serious assault",100.3,"FV"
2022,"WANGARATTA","Serious assault",127,"Non-FV"
2022,"WANGARATTA","Common assault",237.3,"FV"
2022,"WANGARATTA","Common assault",217.3,"Non-FV"
2022,"WANGARATTA","Stalking",36.8,"FV"
2022,"WANGARATTA","Stalking",16.7,"Non-FV"
2022,"WANGARATTA","Harassment and private nuisance",33.4,"FV"
2022,"WANGARATTA","Harassment and private nuisance",33.4,"Non-FV"
2022,"WANGARATTA","Threatening behaviour",36.8,"FV"
2022,"WANGARATTA","Threatening behaviour",73.5,"Non-FV"
2022,"CORANGAMITE","Serious assault",131.3,"FV"
2022,"CORANGAMITE","Serious assault",68.8,"Non-FV"
2022,"CORANGAMITE","Common assault",181.3,"FV"
2022,"CORANGAMITE","Common assault",75,"Non-FV"
2022,"CORANGAMITE","Stalking",25,"FV"
2022,"CORANGAMITE","Harassment and private nuisance",25,"FV"
2022,"CORANGAMITE","Harassment and private nuisance",18.8,"Non-FV"
2022,"CORANGAMITE","Threatening behaviour",75,"FV"
2022,"CORANGAMITE","Threatening behaviour",75,"Non-FV"
2022,"MOYNE","Serious assault",74.4,"FV"
2022,"MOYNE","Serious assault",34.3,"Non-FV"
2022,"MOYNE","Common assault",91.5,"FV"
2022,"MOYNE","Common assault",74.4,"Non-FV"
2022,"MOYNE","Stalking",17.2,"FV"
2022,"MOYNE","Stalking",5.7,"Non-FV"
2022,"MOYNE","Threatening behaviour",74.4,"FV"
2022,"MOYNE","Threatening behaviour",28.6,"Non-FV"
2022,"WARRNAMBOOL","Serious assault",140.5,"FV"
2022,"WARRNAMBOOL","Serious assault",98.4,"Non-FV"
2022,"WARRNAMBOOL","Common assault",359.8,"FV"
2022,"WARRNAMBOOL","Common assault",199.6,"Non-FV"
2022,"WARRNAMBOOL","Stalking",36.5,"FV"
2022,"WARRNAMBOOL","Stalking",28.1,"Non-FV"
2022,"WARRNAMBOOL","Harassment and private nuisance",22.5,"FV"
2022,"WARRNAMBOOL","Harassment and private nuisance",22.5,"Non-FV"
2022,"WARRNAMBOOL","Threatening behaviour",104,"FV"
2022,"WARRNAMBOOL","Threatening behaviour",42.2,"Non-FV"
2022,"WELLINGTON","Serious assault",187.7,"FV"
2022,"WELLINGTON","Serious assault",148.4,"Non-FV"
2022,"WELLINGTON","Common assault",504.2,"FV"
2022,"WELLINGTON","Common assault",246.6,"Non-FV"
2022,"WELLINGTON","Stalking",50.2,"FV"
2022,"WELLINGTON","Stalking",24,"Non-FV"
2022,"WELLINGTON","Harassment and private nuisance",56.7,"FV"
2022,"WELLINGTON","Harassment and private nuisance",26.2,"Non-FV"
2022,"WELLINGTON","Threatening behaviour",87.3,"FV"
2022,"WELLINGTON","Threatening behaviour",87.3,"Non-FV"
2022,"WHITEHORSE","Serious assault",45.2,"FV"
2022,"WHITEHORSE","Serious assault",41.7,"Non-FV"
2022,"WHITEHORSE","Common assault",195.8,"FV"
2022,"WHITEHORSE","Common assault",92.7,"Non-FV"
2022,"WHITEHORSE","Stalking",8.7,"FV"
2022,"WHITEHORSE","Stalking",9.3,"Non-FV"
2022,"WHITEHORSE","Harassment and private nuisance",15.1,"FV"
2022,"WHITEHORSE","Harassment and private nuisance",14.5,"Non-FV"
2022,"WHITEHORSE","Threatening behaviour",31.9,"FV"
2022,"WHITEHORSE","Threatening behaviour",15.1,"Non-FV"
2022,"WHITTLESEA","Serious assault",89.4,"FV"
2022,"WHITTLESEA","Serious assault",84.8,"Non-FV"
2022,"WHITTLESEA","Common assault",238.3,"FV"
2022,"WHITTLESEA","Common assault",135.8,"Non-FV"
2022,"WHITTLESEA","Stalking",27.8,"FV"
2022,"WHITTLESEA","Stalking",16.9,"Non-FV"
2022,"WHITTLESEA","Harassment and private nuisance",56.1,"FV"
2022,"WHITTLESEA","Harassment and private nuisance",23.6,"Non-FV"
2022,"WHITTLESEA","Threatening behaviour",70.8,"FV"
2022,"WHITTLESEA","Threatening behaviour",52.7,"Non-FV"
2022,"INDIGO","Serious assault",68.9,"FV"
2022,"INDIGO","Serious assault",45.9,"Non-FV"
2022,"INDIGO","Common assault",154.9,"FV"
2022,"INDIGO","Common assault",80.3,"Non-FV"
2022,"INDIGO","Stalking",11.5,"Non-FV"
2022,"INDIGO","Harassment and private nuisance",11.5,"FV"
2022,"INDIGO","Harassment and private nuisance",5.7,"Non-FV"
2022,"INDIGO","Threatening behaviour",51.6,"FV"
2022,"INDIGO","Threatening behaviour",5.7,"Non-FV"
2022,"TOWONG","Serious assault",32.3,"FV"
2022,"TOWONG","Serious assault",48.4,"Non-FV"
2022,"TOWONG","Common assault",80.7,"FV"
2022,"TOWONG","Common assault",80.7,"Non-FV"
2022,"TOWONG","Harassment and private nuisance",16.1,"Non-FV"
2022,"TOWONG","Threatening behaviour",16.1,"FV"
2022,"TOWONG","Threatening behaviour",16.1,"Non-FV"
2022,"WODONGA","Serious assault",128.1,"FV"
2022,"WODONGA","Serious assault",123.5,"Non-FV"
2022,"WODONGA","Common assault",290.5,"FV"
2022,"WODONGA","Common assault",173.8,"Non-FV"
2022,"WODONGA","Stalking",38.9,"FV"
2022,"WODONGA","Stalking",9.1,"Non-FV"
2022,"WODONGA","Harassment and private nuisance",34.3,"FV"
2022,"WODONGA","Harassment and private nuisance",18.3,"Non-FV"
2022,"WODONGA","Threatening behaviour",73.2,"FV"
2022,"WODONGA","Threatening behaviour",52.6,"Non-FV"
2022,"WYNDHAM","Serious assault",117,"FV"
2022,"WYNDHAM","Serious assault",98.6,"Non-FV"
2022,"WYNDHAM","Common assault",254.7,"FV"
2022,"WYNDHAM","Common assault",120.2,"Non-FV"
2022,"WYNDHAM","Stalking",11.6,"FV"
2022,"WYNDHAM","Stalking",9.4,"Non-FV"
2022,"WYNDHAM","Harassment and private nuisance",28.4,"FV"
2022,"WYNDHAM","Harassment and private nuisance",12.9,"Non-FV"
2022,"WYNDHAM","Threatening behaviour",72.1,"FV"
2022,"WYNDHAM","Threatening behaviour",30.7,"Non-FV"
2022,"YARRA","Serious assault",93.1,"FV"
2022,"YARRA","Serious assault",285.7,"Non-FV"
2022,"YARRA","Common assault",218.6,"FV"
2022,"YARRA","Common assault",462.2,"Non-FV"
2022,"YARRA","Stalking",26,"FV"
2022,"YARRA","Stalking",11.9,"Non-FV"
2022,"YARRA","Harassment and private nuisance",23.8,"FV"
2022,"YARRA","Harassment and private nuisance",36.8,"Non-FV"
2022,"YARRA","Threatening behaviour",42.2,"FV"
2022,"YARRA","Threatening behaviour",89.8,"Non-FV"
2022,"YARRA RANGES","Serious assault",79.4,"FV"
2022,"YARRA RANGES","Serious assault",73,"Non-FV"
2022,"YARRA RANGES","Common assault",237.5,"FV"
2022,"YARRA RANGES","Common assault",103.5,"Non-FV"
2022,"YARRA RANGES","Stalking",17.8,"FV"
2022,"YARRA RANGES","Stalking",10.8,"Non-FV"
2022,"YARRA RANGES","Harassment and private nuisance",22.9,"FV"
2022,"YARRA RANGES","Harassment and private nuisance",18.4,"Non-FV"
2022,"YARRA RANGES","Threatening behaviour",47.6,"FV"
2022,"YARRA RANGES","Threatening behaviour",22.9,"Non-FV"
2021,"BALLARAT","Serious assault",115.4,"FV"
2021,"BALLARAT","Serious assault",115.4,"Non-FV"
2021,"BALLARAT","Common assault",258.1,"FV"
2021,"BALLARAT","Common assault",185,"Non-FV"
2021,"BALLARAT","Stalking",22,"FV"
2021,"BALLARAT","Stalking",15.9,"Non-FV"
2021,"BALLARAT","Harassment and private nuisance",19.4,"FV"
2021,"BALLARAT","Harassment and private nuisance",9.7,"Non-FV"
2021,"BALLARAT","Threatening behaviour",66.1,"FV"
2021,"BALLARAT","Threatening behaviour",34.4,"Non-FV"
2021,"PYRENEES","Serious assault",170.6,"FV"
2021,"PYRENEES","Serious assault",39.4,"Non-FV"
2021,"PYRENEES","Common assault",223.1,"FV"
2021,"PYRENEES","Common assault",65.6,"Non-FV"
2021,"PYRENEES","Stalking",13.1,"Non-FV"
2021,"PYRENEES","Harassment and private nuisance",78.8,"FV"
2021,"PYRENEES","Threatening behaviour",65.6,"FV"
2021,"PYRENEES","Threatening behaviour",52.5,"Non-FV"
2021,"BANYULE","Serious assault",62.8,"FV"
2021,"BANYULE","Serious assault",77.7,"Non-FV"
2021,"BANYULE","Common assault",179,"FV"
2021,"BANYULE","Common assault",136.6,"Non-FV"
2021,"BANYULE","Stalking",20.4,"FV"
2021,"BANYULE","Stalking",14.1,"Non-FV"
2021,"BANYULE","Harassment and private nuisance",32.2,"FV"
2021,"BANYULE","Harassment and private nuisance",18.8,"Non-FV"
2021,"BANYULE","Threatening behaviour",25.9,"FV"
2021,"BANYULE","Threatening behaviour",33,"Non-FV"
2021,"NILLUMBIK","Serious assault",41,"FV"
2021,"NILLUMBIK","Serious assault",48.9,"Non-FV"
2021,"NILLUMBIK","Common assault",113.5,"FV"
2021,"NILLUMBIK","Common assault",64.6,"Non-FV"
2021,"NILLUMBIK","Stalking",18.9,"FV"
2021,"NILLUMBIK","Stalking",14.2,"Non-FV"
2021,"NILLUMBIK","Harassment and private nuisance",20.5,"FV"
2021,"NILLUMBIK","Harassment and private nuisance",3.2,"Non-FV"
2021,"NILLUMBIK","Threatening behaviour",28.4,"FV"
2021,"NILLUMBIK","Threatening behaviour",17.3,"Non-FV"
2021,"BASS COAST","Serious assault",240.9,"FV"
2021,"BASS COAST","Serious assault",184.4,"Non-FV"
2021,"BASS COAST","Common assault",410.6,"FV"
2021,"BASS COAST","Common assault",130.3,"Non-FV"
2021,"BASS COAST","Stalking",81.1,"FV"
2021,"BASS COAST","Stalking",22.1,"Non-FV"
2021,"BASS COAST","Harassment and private nuisance",78.7,"FV"
2021,"BASS COAST","Harassment and private nuisance",17.2,"Non-FV"
2021,"BASS COAST","Threatening behaviour",184.4,"FV"
2021,"BASS COAST","Threatening behaviour",76.2,"Non-FV"
2021,"SOUTH GIPPSLAND","Serious assault",181,"FV"
2021,"SOUTH GIPPSLAND","Serious assault",105.3,"Non-FV"
2021,"SOUTH GIPPSLAND","Common assault",296.2,"FV"
2021,"SOUTH GIPPSLAND","Common assault",72.4,"Non-FV"
2021,"SOUTH GIPPSLAND","Stalking",49.4,"FV"
2021,"SOUTH GIPPSLAND","Stalking",19.7,"Non-FV"
2021,"SOUTH GIPPSLAND","Harassment and private nuisance",26.3,"FV"
2021,"SOUTH GIPPSLAND","Harassment and private nuisance",13.2,"Non-FV"
2021,"SOUTH GIPPSLAND","Threatening behaviour",111.9,"FV"
2021,"SOUTH GIPPSLAND","Threatening behaviour",82.3,"Non-FV"
2021,"BAW BAW","Serious assault",171.8,"FV"
2021,"BAW BAW","Serious assault",118,"Non-FV"
2021,"BAW BAW","Common assault",300.3,"FV"
2021,"BAW BAW","Common assault",189.2,"Non-FV"
2021,"BAW BAW","Stalking",36.4,"FV"
2021,"BAW BAW","Stalking",22.6,"Non-FV"
2021,"BAW BAW","Harassment and private nuisance",100.7,"FV"
2021,"BAW BAW","Harassment and private nuisance",31.2,"Non-FV"
2021,"BAW BAW","Threatening behaviour",105.9,"FV"
2021,"BAW BAW","Threatening behaviour",59,"Non-FV"
2021,"BENALLA","Serious assault",166.3,"FV"
2021,"BENALLA","Serious assault",152.4,"Non-FV"
2021,"BENALLA","Common assault",526.5,"FV"
2021,"BENALLA","Common assault",242.4,"Non-FV"
2021,"BENALLA","Stalking",34.6,"FV"
2021,"BENALLA","Stalking",20.8,"Non-FV"
2021,"BENALLA","Harassment and private nuisance",62.3,"FV"
2021,"BENALLA","Harassment and private nuisance",34.6,"Non-FV"
2021,"BENALLA","Threatening behaviour",83.1,"FV"
2021,"BENALLA","Threatening behaviour",83.1,"Non-FV"
2021,"MANSFIELD","Serious assault",88.9,"FV"
2021,"MANSFIELD","Serious assault",108.7,"Non-FV"
2021,"MANSFIELD","Common assault",158.1,"FV"
2021,"MANSFIELD","Common assault",79,"Non-FV"
2021,"MANSFIELD","Stalking",19.8,"FV"
2021,"MANSFIELD","Harassment and private nuisance",9.9,"FV"
2021,"MANSFIELD","Threatening behaviour",39.5,"FV"
2021,"MANSFIELD","Threatening behaviour",79,"Non-FV"
2021,"MURRINDINDI","Serious assault",99.1,"FV"
2021,"MURRINDINDI","Serious assault",85.9,"Non-FV"
2021,"MURRINDINDI","Common assault",389.7,"FV"
2021,"MURRINDINDI","Common assault",125.5,"Non-FV"
2021,"MURRINDINDI","Stalking",85.9,"FV"
2021,"MURRINDINDI","Stalking",39.6,"Non-FV"
2021,"MURRINDINDI","Harassment and private nuisance",39.6,"FV"
2021,"MURRINDINDI","Harassment and private nuisance",26.4,"Non-FV"
2021,"MURRINDINDI","Threatening behaviour",66.1,"FV"
2021,"MURRINDINDI","Threatening behaviour",59.4,"Non-FV"
2021,"GREATER BENDIGO","Serious assault",150.1,"FV"
2021,"GREATER BENDIGO","Serious assault",158.3,"Non-FV"
2021,"GREATER BENDIGO","Common assault",282.8,"FV"
2021,"GREATER BENDIGO","Common assault",211.9,"Non-FV"
2021,"GREATER BENDIGO","Stalking",24.7,"FV"
2021,"GREATER BENDIGO","Stalking",9.9,"Non-FV"
2021,"GREATER BENDIGO","Harassment and private nuisance",31.3,"FV"
2021,"GREATER BENDIGO","Harassment and private nuisance",16.5,"Non-FV"
2021,"GREATER BENDIGO","Threatening behaviour",66,"FV"
2021,"GREATER BENDIGO","Threatening behaviour",60.2,"Non-FV"
2021,"BOROONDARA","Serious assault",38.3,"FV"
2021,"BOROONDARA","Serious assault",44.8,"Non-FV"
2021,"BOROONDARA","Common assault",113.1,"FV"
2021,"BOROONDARA","Common assault",81.9,"Non-FV"
2021,"BOROONDARA","Stalking",8.2,"FV"
2021,"BOROONDARA","Stalking",11.8,"Non-FV"
2021,"BOROONDARA","Harassment and private nuisance",10,"FV"
2021,"BOROONDARA","Harassment and private nuisance",5.9,"Non-FV"
2021,"BOROONDARA","Threatening behaviour",17.1,"FV"
2021,"BOROONDARA","Threatening behaviour",20,"Non-FV"
2021,"BRIMBANK","Serious assault",133.2,"FV"
2021,"BRIMBANK","Serious assault",127.7,"Non-FV"
2021,"BRIMBANK","Common assault",266.5,"FV"
2021,"BRIMBANK","Common assault",145.5,"Non-FV"
2021,"BRIMBANK","Stalking",21.9,"FV"
2021,"BRIMBANK","Stalking",9.2,"Non-FV"
2021,"BRIMBANK","Harassment and private nuisance",33.6,"FV"
2021,"BRIMBANK","Harassment and private nuisance",12.2,"Non-FV"
2021,"BRIMBANK","Threatening behaviour",110.9,"FV"
2021,"BRIMBANK","Threatening behaviour",51.4,"Non-FV"
2021,"CAMPASPE","Serious assault",114.1,"FV"
2021,"CAMPASPE","Serious assault",145.2,"Non-FV"
2021,"CAMPASPE","Common assault",238.6,"FV"
2021,"CAMPASPE","Common assault",98.6,"Non-FV"
2021,"CAMPASPE","Stalking",13,"FV"
2021,"CAMPASPE","Stalking",7.8,"Non-FV"
2021,"CAMPASPE","Harassment and private nuisance",36.3,"FV"
2021,"CAMPASPE","Harassment and private nuisance",38.9,"Non-FV"
2021,"CAMPASPE","Threatening behaviour",90.8,"FV"
2021,"CAMPASPE","Threatening behaviour",51.9,"Non-FV"
2021,"CARDINIA","Serious assault",82,"FV"
2021,"CARDINIA","Serious assault",66.9,"Non-FV"
2021,"CARDINIA","Common assault",268.5,"FV"
2021,"CARDINIA","Common assault",102.9,"Non-FV"
2021,"CARDINIA","Stalking",21.7,"FV"
2021,"CARDINIA","Stalking",16.7,"Non-FV"
2021,"CARDINIA","Harassment and private nuisance",36,"FV"
2021,"CARDINIA","Harassment and private nuisance",11.7,"Non-FV"
2021,"CARDINIA","Threatening behaviour",97,"FV"
2021,"CARDINIA","Threatening behaviour",34.3,"Non-FV"
2021,"CASEY","Serious assault",81.7,"FV"
2021,"CASEY","Serious assault",78.5,"Non-FV"
2021,"CASEY","Common assault",280.3,"FV"
2021,"CASEY","Common assault",111.5,"Non-FV"
2021,"CASEY","Stalking",25.4,"FV"
2021,"CASEY","Stalking",13.3,"Non-FV"
2021,"CASEY","Harassment and private nuisance",30.3,"FV"
2021,"CASEY","Harassment and private nuisance",16.2,"Non-FV"
2021,"CASEY","Threatening behaviour",69.3,"FV"
2021,"CASEY","Threatening behaviour",38.7,"Non-FV"
2021,"CENTRAL GOLDFIELDS","Serious assault",164.3,"FV"
2021,"CENTRAL GOLDFIELDS","Serious assault",216.6,"Non-FV"
2021,"CENTRAL GOLDFIELDS","Common assault",485.5,"FV"
2021,"CENTRAL GOLDFIELDS","Common assault",209.1,"Non-FV"
2021,"CENTRAL GOLDFIELDS","Stalking",29.9,"FV"
2021,"CENTRAL GOLDFIELDS","Stalking",22.4,"Non-FV"
2021,"CENTRAL GOLDFIELDS","Harassment and private nuisance",37.3,"FV"
2021,"CENTRAL GOLDFIELDS","Harassment and private nuisance",7.5,"Non-FV"
2021,"CENTRAL GOLDFIELDS","Threatening behaviour",89.6,"FV"
2021,"CENTRAL GOLDFIELDS","Threatening behaviour",59.8,"Non-FV"
2021,"LODDON","Serious assault",168.8,"FV"
2021,"LODDON","Serious assault",51.9,"Non-FV"
2021,"LODDON","Common assault",168.8,"FV"
2021,"LODDON","Common assault",129.8,"Non-FV"
2021,"LODDON","Stalking",26,"FV"
2021,"LODDON","Stalking",13,"Non-FV"
2021,"LODDON","Harassment and private nuisance",38.9,"FV"
2021,"LODDON","Harassment and private nuisance",90.9,"Non-FV"
2021,"LODDON","Threatening behaviour",90.9,"FV"
2021,"LODDON","Threatening behaviour",77.9,"Non-FV"
2021,"MOUNT ALEXANDER","Serious assault",84.5,"FV"
2021,"MOUNT ALEXANDER","Serious assault",29.8,"Non-FV"
2021,"MOUNT ALEXANDER","Common assault",129.3,"FV"
2021,"MOUNT ALEXANDER","Common assault",114.3,"Non-FV"
2021,"MOUNT ALEXANDER","Stalking",5,"FV"
2021,"MOUNT ALEXANDER","Stalking",29.8,"Non-FV"
2021,"MOUNT ALEXANDER","Harassment and private nuisance",19.9,"FV"
2021,"MOUNT ALEXANDER","Harassment and private nuisance",19.9,"Non-FV"
2021,"MOUNT ALEXANDER","Threatening behaviour",39.8,"FV"
2021,"MOUNT ALEXANDER","Threatening behaviour",34.8,"Non-FV"
2021,"DAREBIN","Serious assault",101.8,"FV"
2021,"DAREBIN","Serious assault",123.8,"Non-FV"
2021,"DAREBIN","Common assault",169.7,"FV"
2021,"DAREBIN","Common assault",198.3,"Non-FV"
2021,"DAREBIN","Stalking",21.3,"FV"
2021,"DAREBIN","Stalking",22,"Non-FV"
2021,"DAREBIN","Harassment and private nuisance",32.6,"FV"
2021,"DAREBIN","Harassment and private nuisance",22.6,"Non-FV"
2021,"DAREBIN","Threatening behaviour",60.5,"FV"
2021,"DAREBIN","Threatening behaviour",62.5,"Non-FV"
2021,"EAST GIPPSLAND","Serious assault",251.7,"FV"
2021,"EAST GIPPSLAND","Serious assault",210.4,"Non-FV"
2021,"EAST GIPPSLAND","Common assault",528.1,"FV"
2021,"EAST GIPPSLAND","Common assault",280.5,"Non-FV"
2021,"EAST GIPPSLAND","Stalking",86.6,"FV"
2021,"EAST GIPPSLAND","Stalking",30.9,"Non-FV"
2021,"EAST GIPPSLAND","Harassment and private nuisance",59.8,"FV"
2021,"EAST GIPPSLAND","Harassment and private nuisance",26.8,"Non-FV"
2021,"EAST GIPPSLAND","Threatening behaviour",101.1,"FV"
2021,"EAST GIPPSLAND","Threatening behaviour",123.8,"Non-FV"
2021,"FRANKSTON","Serious assault",101.5,"FV"
2021,"FRANKSTON","Serious assault",134.9,"Non-FV"
2021,"FRANKSTON","Common assault",318.1,"FV"
2021,"FRANKSTON","Common assault",210.2,"Non-FV"
2021,"FRANKSTON","Stalking",20.6,"FV"
2021,"FRANKSTON","Stalking",20.6,"Non-FV"
2021,"FRANKSTON","Harassment and private nuisance",41.2,"FV"
2021,"FRANKSTON","Harassment and private nuisance",16.3,"Non-FV"
2021,"FRANKSTON","Threatening behaviour",56.1,"FV"
2021,"FRANKSTON","Threatening behaviour",43.3,"Non-FV"
2021,"GREATER GEELONG","Serious assault",130.7,"FV"
2021,"GREATER GEELONG","Serious assault",131.8,"Non-FV"
2021,"GREATER GEELONG","Common assault",227.7,"FV"
2021,"GREATER GEELONG","Common assault",159.4,"Non-FV"
2021,"GREATER GEELONG","Stalking",23.3,"FV"
2021,"GREATER GEELONG","Stalking",10.3,"Non-FV"
2021,"GREATER GEELONG","Harassment and private nuisance",42.8,"FV"
2021,"GREATER GEELONG","Harassment and private nuisance",22.1,"Non-FV"
2021,"GREATER GEELONG","Threatening behaviour",74.9,"FV"
2021,"GREATER GEELONG","Threatening behaviour",69,"Non-FV"
2021,"QUEENSCLIFFE","Serious assault",30.9,"FV"
2021,"QUEENSCLIFFE","Serious assault",30.9,"Non-FV"
2021,"QUEENSCLIFFE","Common assault",30.9,"FV"
2021,"QUEENSCLIFFE","Common assault",92.7,"Non-FV"
2021,"BAYSIDE","Serious assault",29.3,"FV"
2021,"BAYSIDE","Serious assault",41,"Non-FV"
2021,"BAYSIDE","Common assault",139.7,"FV"
2021,"BAYSIDE","Common assault",88.9,"Non-FV"
2021,"BAYSIDE","Stalking",9.8,"FV"
2021,"BAYSIDE","Stalking",23.5,"Non-FV"
2021,"BAYSIDE","Harassment and private nuisance",20.5,"FV"
2021,"BAYSIDE","Harassment and private nuisance",15.6,"Non-FV"
2021,"BAYSIDE","Threatening behaviour",23.5,"FV"
2021,"BAYSIDE","Threatening behaviour",17.6,"Non-FV"
2021,"GLEN EIRA","Serious assault",41.8,"FV"
2021,"GLEN EIRA","Serious assault",48.5,"Non-FV"
2021,"GLEN EIRA","Common assault",156.7,"FV"
2021,"GLEN EIRA","Common assault",106.9,"Non-FV"
2021,"GLEN EIRA","Stalking",8,"FV"
2021,"GLEN EIRA","Stalking",13.9,"Non-FV"
2021,"GLEN EIRA","Harassment and private nuisance",11.9,"FV"
2021,"GLEN EIRA","Harassment and private nuisance",11.9,"Non-FV"
2021,"GLEN EIRA","Threatening behaviour",23.9,"FV"
2021,"GLEN EIRA","Threatening behaviour",18.6,"Non-FV"
2021,"GREATER DANDENONG","Serious assault",105.6,"FV"
2021,"GREATER DANDENONG","Serious assault",163.6,"Non-FV"
2021,"GREATER DANDENONG","Common assault",376,"FV"
2021,"GREATER DANDENONG","Common assault",273.6,"Non-FV"
2021,"GREATER DANDENONG","Stalking",20.6,"FV"
2021,"GREATER DANDENONG","Stalking",12.5,"Non-FV"
2021,"GREATER DANDENONG","Harassment and private nuisance",35,"FV"
2021,"GREATER DANDENONG","Harassment and private nuisance",8.7,"Non-FV"
2021,"GREATER DANDENONG","Threatening behaviour",96.2,"FV"
2021,"GREATER DANDENONG","Threatening behaviour",70.6,"Non-FV"
2021,"HOBSONS BAY","Serious assault",99.7,"FV"
2021,"HOBSONS BAY","Serious assault",84.5,"Non-FV"
2021,"HOBSONS BAY","Common assault",145.2,"FV"
2021,"HOBSONS BAY","Common assault",158.2,"Non-FV"
2021,"HOBSONS BAY","Stalking",11.9,"FV"
2021,"HOBSONS BAY","Stalking",10.8,"Non-FV"
2021,"HOBSONS BAY","Harassment and private nuisance",21.7,"FV"
2021,"HOBSONS BAY","Harassment and private nuisance",13,"Non-FV"
2021,"HOBSONS BAY","Threatening behaviour",40.1,"FV"
2021,"HOBSONS BAY","Threatening behaviour",41.2,"Non-FV"
2021,"HINDMARSH","Serious assault",159.1,"FV"
2021,"HINDMARSH","Serious assault",123.8,"Non-FV"
2021,"HINDMARSH","Common assault",212.2,"FV"
2021,"HINDMARSH","Common assault",159.1,"Non-FV"
2021,"HINDMARSH","Stalking",53,"Non-FV"
2021,"HINDMARSH","Harassment and private nuisance",53,"FV"
2021,"HINDMARSH","Threatening behaviour",88.4,"FV"
2021,"HINDMARSH","Threatening behaviour",53,"Non-FV"
2021,"HORSHAM","Serious assault",201.2,"FV"
2021,"HORSHAM","Serious assault",211,"Non-FV"
2021,"HORSHAM","Common assault",392.6,"FV"
2021,"HORSHAM","Common assault",260.1,"Non-FV"
2021,"HORSHAM","Stalking",68.7,"FV"
2021,"HORSHAM","Stalking",58.9,"Non-FV"
2021,"HORSHAM","Harassment and private nuisance",44.2,"FV"
2021,"HORSHAM","Harassment and private nuisance",49.1,"Non-FV"
2021,"HORSHAM","Threatening behaviour",176.7,"FV"
2021,"HORSHAM","Threatening behaviour",103.1,"Non-FV"
2021,"WEST WIMMERA","Serious assault",125.7,"FV"
2021,"WEST WIMMERA","Serious assault",75.4,"Non-FV"
2021,"WEST WIMMERA","Common assault",251.4,"FV"
2021,"WEST WIMMERA","Common assault",150.8,"Non-FV"
2021,"WEST WIMMERA","Stalking",75.4,"Non-FV"
2021,"WEST WIMMERA","Harassment and private nuisance",25.1,"FV"
2021,"WEST WIMMERA","Threatening behaviour",125.7,"FV"
2021,"WEST WIMMERA","Threatening behaviour",50.3,"Non-FV"
2021,"HUME","Serious assault",146.2,"FV"
2021,"HUME","Serious assault",120.7,"Non-FV"
2021,"HUME","Common assault",298.1,"FV"
2021,"HUME","Common assault",151.5,"Non-FV"
2021,"HUME","Stalking",53.5,"FV"
2021,"HUME","Stalking",24.3,"Non-FV"
2021,"HUME","Harassment and private nuisance",72.1,"FV"
2021,"HUME","Harassment and private nuisance",21.5,"Non-FV"
2021,"HUME","Threatening behaviour",109.8,"FV"
2021,"HUME","Threatening behaviour",54.3,"Non-FV"
2021,"KINGSTON","Serious assault",65.2,"FV"
2021,"KINGSTON","Serious assault",71.4,"Non-FV"
2021,"KINGSTON","Common assault",211.8,"FV"
2021,"KINGSTON","Common assault",161.1,"Non-FV"
2021,"KINGSTON","Stalking",23.2,"FV"
2021,"KINGSTON","Stalking",11.9,"Non-FV"
2021,"KINGSTON","Harassment and private nuisance",20.7,"FV"
2021,"KINGSTON","Harassment and private nuisance",23.8,"Non-FV"
2021,"KINGSTON","Threatening behaviour",40.7,"FV"
2021,"KINGSTON","Threatening behaviour",25.7,"Non-FV"
2021,"KNOX","Serious assault",81.6,"FV"
2021,"KNOX","Serious assault",62.3,"Non-FV"
2021,"KNOX","Common assault",230.6,"FV"
2021,"KNOX","Common assault",135.2,"Non-FV"
2021,"KNOX","Stalking",18.1,"FV"
2021,"KNOX","Stalking",16.2,"Non-FV"
2021,"KNOX","Harassment and private nuisance",20.6,"FV"
2021,"KNOX","Harassment and private nuisance",14.3,"Non-FV"
2021,"KNOX","Threatening behaviour",44.2,"FV"
2021,"KNOX","Threatening behaviour",39.3,"Non-FV"
2021,"LATROBE","Serious assault",337.2,"FV"
2021,"LATROBE","Serious assault",311.2,"Non-FV"
2021,"LATROBE","Common assault",556.3,"FV"
2021,"LATROBE","Common assault",326.8,"Non-FV"
2021,"LATROBE","Stalking",57.1,"FV"
2021,"LATROBE","Stalking",35,"Non-FV"
2021,"LATROBE","Harassment and private nuisance",97.3,"FV"
2021,"LATROBE","Harassment and private nuisance",32.4,"Non-FV"
2021,"LATROBE","Threatening behaviour",155.6,"FV"
2021,"LATROBE","Threatening behaviour",116.7,"Non-FV"
2021,"MACEDON RANGES","Serious assault",81.4,"FV"
2021,"MACEDON RANGES","Serious assault",56.2,"Non-FV"
2021,"MACEDON RANGES","Common assault",137.6,"FV"
2021,"MACEDON RANGES","Common assault",64,"Non-FV"
2021,"MACEDON RANGES","Stalking",9.7,"FV"
2021,"MACEDON RANGES","Stalking",27.1,"Non-FV"
2021,"MACEDON RANGES","Harassment and private nuisance",19.4,"FV"
2021,"MACEDON RANGES","Harassment and private nuisance",29.1,"Non-FV"
2021,"MACEDON RANGES","Threatening behaviour",36.8,"FV"
2021,"MACEDON RANGES","Threatening behaviour",17.4,"Non-FV"
2021,"MANNINGHAM","Serious assault",46.1,"FV"
2021,"MANNINGHAM","Serious assault",38.9,"Non-FV"
2021,"MANNINGHAM","Common assault",157.4,"FV"
2021,"MANNINGHAM","Common assault",59.6,"Non-FV"
2021,"MANNINGHAM","Stalking",14.3,"FV"
2021,"MANNINGHAM","Stalking",18.3,"Non-FV"
2021,"MANNINGHAM","Harassment and private nuisance",11.9,"FV"
2021,"MANNINGHAM","Harassment and private nuisance",20.7,"Non-FV"
2021,"MANNINGHAM","Threatening behaviour",32.6,"FV"
2021,"MANNINGHAM","Threatening behaviour",25.4,"Non-FV"
2021,"MARIBYRNONG","Serious assault",116.9,"FV"
2021,"MARIBYRNONG","Serious assault",173.6,"Non-FV"
2021,"MARIBYRNONG","Common assault",156.3,"FV"
2021,"MARIBYRNONG","Common assault",230.4,"Non-FV"
2021,"MARIBYRNONG","Stalking",15,"FV"
2021,"MARIBYRNONG","Stalking",11.6,"Non-FV"
2021,"MARIBYRNONG","Harassment and private nuisance",25.5,"FV"
2021,"MARIBYRNONG","Harassment and private nuisance",8.1,"Non-FV"
2021,"MARIBYRNONG","Threatening behaviour",42.8,"FV"
2021,"MARIBYRNONG","Threatening behaviour",35.9,"Non-FV"
2021,"MAROONDAH","Serious assault",67.2,"FV"
2021,"MAROONDAH","Serious assault",108.6,"Non-FV"
2021,"MAROONDAH","Common assault",249.8,"FV"
2021,"MAROONDAH","Common assault",174.9,"Non-FV"
2021,"MAROONDAH","Stalking",6.9,"FV"
2021,"MAROONDAH","Stalking",18.1,"Non-FV"
2021,"MAROONDAH","Harassment and private nuisance",12.9,"FV"
2021,"MAROONDAH","Harassment and private nuisance",16.4,"Non-FV"
2021,"MAROONDAH","Threatening behaviour",47.4,"FV"
2021,"MAROONDAH","Threatening behaviour",58.6,"Non-FV"
2021,"MELBOURNE","Serious assault",177.7,"FV"
2021,"MELBOURNE","Serious assault",465,"Non-FV"
2021,"MELBOURNE","Common assault",248.8,"FV"
2021,"MELBOURNE","Common assault",706,"Non-FV"
2021,"MELBOURNE","Stalking",22.2,"FV"
2021,"MELBOURNE","Stalking",56.2,"Non-FV"
2021,"MELBOURNE","Harassment and private nuisance",45.7,"FV"
2021,"MELBOURNE","Harassment and private nuisance",37.2,"Non-FV"
2021,"MELBOURNE","Threatening behaviour",62,"FV"
2021,"MELBOURNE","Threatening behaviour",122.8,"Non-FV"
2021,"MELTON","Serious assault",140.6,"FV"
2021,"MELTON","Serious assault",114.7,"Non-FV"
2021,"MELTON","Common assault",298.3,"FV"
2021,"MELTON","Common assault",116.4,"Non-FV"
2021,"MELTON","Stalking",26.5,"FV"
2021,"MELTON","Stalking",14.9,"Non-FV"
2021,"MELTON","Harassment and private nuisance",50.2,"FV"
2021,"MELTON","Harassment and private nuisance",16.5,"Non-FV"
2021,"MELTON","Threatening behaviour",121.9,"FV"
2021,"MELTON","Threatening behaviour",59.6,"Non-FV"
2021,"MERRI-BEK","Serious assault",90.5,"FV"
2021,"MERRI-BEK","Serious assault",97.4,"Non-FV"
2021,"MERRI-BEK","Common assault",183.9,"FV"
2021,"MERRI-BEK","Common assault",155.6,"Non-FV"
2021,"MERRI-BEK","Stalking",20.2,"FV"
2021,"MERRI-BEK","Stalking",21.3,"Non-FV"
2021,"MERRI-BEK","Harassment and private nuisance",25.4,"FV"
2021,"MERRI-BEK","Harassment and private nuisance",43.8,"Non-FV"
2021,"MERRI-BEK","Threatening behaviour",53.6,"FV"
2021,"MERRI-BEK","Threatening behaviour",47.8,"Non-FV"
2021,"MILDURA","Serious assault",194.9,"FV"
2021,"MILDURA","Serious assault",222.9,"Non-FV"
2021,"MILDURA","Common assault",482.7,"FV"
2021,"MILDURA","Common assault",270.3,"Non-FV"
2021,"MILDURA","Stalking",45.6,"FV"
2021,"MILDURA","Stalking",33.4,"Non-FV"
2021,"MILDURA","Harassment and private nuisance",65,"FV"
2021,"MILDURA","Harassment and private nuisance",22.8,"Non-FV"
2021,"MILDURA","Threatening behaviour",131.7,"FV"
2021,"MILDURA","Threatening behaviour",105.3,"Non-FV"
2021,"MITCHELL","Serious assault",160.9,"FV"
2021,"MITCHELL","Serious assault",138.8,"Non-FV"
2021,"MITCHELL","Common assault",442.5,"FV"
2021,"MITCHELL","Common assault",193.1,"Non-FV"
2021,"MITCHELL","Stalking",72.4,"FV"
2021,"MITCHELL","Stalking",223.3,"Non-FV"
2021,"MITCHELL","Harassment and private nuisance",104.6,"FV"
2021,"MITCHELL","Harassment and private nuisance",227.3,"Non-FV"
2021,"MITCHELL","Threatening behaviour",124.7,"FV"
2021,"MITCHELL","Threatening behaviour",50.3,"Non-FV"
2021,"STRATHBOGIE","Serious assault",167.1,"FV"
2021,"STRATHBOGIE","Serious assault",44,"Non-FV"
2021,"STRATHBOGIE","Common assault",193.5,"FV"
2021,"STRATHBOGIE","Common assault",131.9,"Non-FV"
2021,"STRATHBOGIE","Stalking",8.8,"FV"
2021,"STRATHBOGIE","Stalking",26.4,"Non-FV"
2021,"STRATHBOGIE","Harassment and private nuisance",17.6,"FV"
2021,"STRATHBOGIE","Harassment and private nuisance",17.6,"Non-FV"
2021,"STRATHBOGIE","Threatening behaviour",35.2,"FV"
2021,"STRATHBOGIE","Threatening behaviour",61.6,"Non-FV"
2021,"MONASH","Serious assault",66.4,"FV"
2021,"MONASH","Serious assault",68.4,"Non-FV"
2021,"MONASH","Common assault",224.5,"FV"
2021,"MONASH","Common assault",159.2,"Non-FV"
2021,"MONASH","Stalking",17.6,"FV"
2021,"MONASH","Stalking",12.4,"Non-FV"
2021,"MONASH","Harassment and private nuisance",17.1,"FV"
2021,"MONASH","Harassment and private nuisance",13,"Non-FV"
2021,"MONASH","Threatening behaviour",42,"FV"
2021,"MONASH","Threatening behaviour",27.5,"Non-FV"
2021,"MOONEE VALLEY","Serious assault",61,"FV"
2021,"MOONEE VALLEY","Serious assault",70.8,"Non-FV"
2021,"MOONEE VALLEY","Common assault",157,"FV"
2021,"MOONEE VALLEY","Common assault",153.7,"Non-FV"
2021,"MOONEE VALLEY","Stalking",17.9,"FV"
2021,"MOONEE VALLEY","Stalking",17.1,"Non-FV"
2021,"MOONEE VALLEY","Harassment and private nuisance",13.8,"FV"
2021,"MOONEE VALLEY","Harassment and private nuisance",18.7,"Non-FV"
2021,"MOONEE VALLEY","Threatening behaviour",44.7,"FV"
2021,"MOONEE VALLEY","Threatening behaviour",43.1,"Non-FV"
2021,"GOLDEN PLAINS","Serious assault",64.3,"FV"
2021,"GOLDEN PLAINS","Serious assault",40.2,"Non-FV"
2021,"GOLDEN PLAINS","Common assault",92.4,"FV"
2021,"GOLDEN PLAINS","Common assault",32.1,"Non-FV"
2021,"GOLDEN PLAINS","Harassment and private nuisance",4,"FV"
2021,"GOLDEN PLAINS","Threatening behaviour",20.1,"FV"
2021,"GOLDEN PLAINS","Threatening behaviour",16.1,"Non-FV"
2021,"HEPBURN","Serious assault",42.5,"FV"
2021,"HEPBURN","Serious assault",48.5,"Non-FV"
2021,"HEPBURN","Common assault",133.5,"FV"
2021,"HEPBURN","Common assault",91,"Non-FV"
2021,"HEPBURN","Harassment and private nuisance",6.1,"FV"
2021,"HEPBURN","Harassment and private nuisance",12.1,"Non-FV"
2021,"HEPBURN","Threatening behaviour",24.3,"FV"
2021,"HEPBURN","Threatening behaviour",66.7,"Non-FV"
2021,"MOORABOOL","Serious assault",113.4,"FV"
2021,"MOORABOOL","Serious assault",84.4,"Non-FV"
2021,"MOORABOOL","Common assault",174.1,"FV"
2021,"MOORABOOL","Common assault",65.9,"Non-FV"
2021,"MOORABOOL","Stalking",23.7,"FV"
2021,"MOORABOOL","Stalking",7.9,"Non-FV"
2021,"MOORABOOL","Harassment and private nuisance",15.8,"FV"
2021,"MOORABOOL","Harassment and private nuisance",7.9,"Non-FV"
2021,"MOORABOOL","Threatening behaviour",65.9,"FV"
2021,"MOORABOOL","Threatening behaviour",29,"Non-FV"
2021,"MORNINGTON PENINSULA","Serious assault",81.6,"FV"
2021,"MORNINGTON PENINSULA","Serious assault",76.3,"Non-FV"
2021,"MORNINGTON PENINSULA","Common assault",191.3,"FV"
2021,"MORNINGTON PENINSULA","Common assault",119.7,"Non-FV"
2021,"MORNINGTON PENINSULA","Stalking",22.3,"FV"
2021,"MORNINGTON PENINSULA","Stalking",11.1,"Non-FV"
2021,"MORNINGTON PENINSULA","Harassment and private nuisance",27,"FV"
2021,"MORNINGTON PENINSULA","Harassment and private nuisance",10.6,"Non-FV"
2021,"MORNINGTON PENINSULA","Threatening behaviour",43.4,"FV"
2021,"MORNINGTON PENINSULA","Threatening behaviour",29.3,"Non-FV"
2021,"ARARAT","Serious assault",346.7,"FV"
2021,"ARARAT","Serious assault",219.8,"Non-FV"
2021,"ARARAT","Common assault",363.6,"FV"
2021,"ARARAT","Common assault",355.1,"Non-FV"
2021,"ARARAT","Stalking",135.3,"FV"
2021,"ARARAT","Stalking",42.3,"Non-FV"
2021,"ARARAT","Harassment and private nuisance",101.5,"FV"
2021,"ARARAT","Harassment and private nuisance",50.7,"Non-FV"
2021,"ARARAT","Threatening behaviour",84.6,"FV"
2021,"ARARAT","Threatening behaviour",160.6,"Non-FV"
2021,"NORTHERN GRAMPIANS","Serious assault",117.8,"FV"
2021,"NORTHERN GRAMPIANS","Serious assault",235.6,"Non-FV"
2021,"NORTHERN GRAMPIANS","Common assault",496.4,"FV"
2021,"NORTHERN GRAMPIANS","Common assault",387,"Non-FV"
2021,"NORTHERN GRAMPIANS","Stalking",50.5,"FV"
2021,"NORTHERN GRAMPIANS","Stalking",50.5,"Non-FV"
2021,"NORTHERN GRAMPIANS","Harassment and private nuisance",25.2,"FV"
2021,"NORTHERN GRAMPIANS","Threatening behaviour",84.1,"FV"
2021,"NORTHERN GRAMPIANS","Threatening behaviour",109.4,"Non-FV"
2021,"YARRIAMBIACK","Serious assault",76.8,"FV"
2021,"YARRIAMBIACK","Serious assault",107.5,"Non-FV"
2021,"YARRIAMBIACK","Common assault",215.1,"FV"
2021,"YARRIAMBIACK","Common assault",276.5,"Non-FV"
2021,"YARRIAMBIACK","Stalking",15.4,"FV"
2021,"YARRIAMBIACK","Stalking",76.8,"Non-FV"
2021,"YARRIAMBIACK","Harassment and private nuisance",61.4,"FV"
2021,"YARRIAMBIACK","Harassment and private nuisance",107.5,"Non-FV"
2021,"YARRIAMBIACK","Threatening behaviour",169,"FV"
2021,"YARRIAMBIACK","Threatening behaviour",46.1,"Non-FV"
2021,"PORT PHILLIP","Serious assault",132.4,"FV"
2021,"PORT PHILLIP","Serious assault",237.8,"Non-FV"
2021,"PORT PHILLIP","Common assault",246.5,"FV"
2021,"PORT PHILLIP","Common assault",366.4,"Non-FV"
2021,"PORT PHILLIP","Stalking",30.9,"FV"
2021,"PORT PHILLIP","Stalking",26.1,"Non-FV"
2021,"PORT PHILLIP","Harassment and private nuisance",31.9,"FV"
2021,"PORT PHILLIP","Harassment and private nuisance",25.1,"Non-FV"
2021,"PORT PHILLIP","Threatening behaviour",42.5,"FV"
2021,"PORT PHILLIP","Threatening behaviour",92.8,"Non-FV"
2021,"GREATER SHEPPARTON","Serious assault",391.1,"FV"
2021,"GREATER SHEPPARTON","Serious assault",232,"Non-FV"
2021,"GREATER SHEPPARTON","Common assault",249.5,"FV"
2021,"GREATER SHEPPARTON","Common assault",205.8,"Non-FV"
2021,"GREATER SHEPPARTON","Stalking",17.5,"FV"
2021,"GREATER SHEPPARTON","Stalking",17.5,"Non-FV"
2021,"GREATER SHEPPARTON","Harassment and private nuisance",48.2,"FV"
2021,"GREATER SHEPPARTON","Harassment and private nuisance",17.5,"Non-FV"
2021,"GREATER SHEPPARTON","Threatening behaviour",84.6,"FV"
2021,"GREATER SHEPPARTON","Threatening behaviour",56.9,"Non-FV"
2021,"GLENELG","Serious assault",154.6,"FV"
2021,"GLENELG","Serious assault",124.6,"Non-FV"
2021,"GLENELG","Common assault",269.2,"FV"
2021,"GLENELG","Common assault",239.3,"Non-FV"
2021,"GLENELG","Stalking",15,"FV"
2021,"GLENELG","Stalking",10,"Non-FV"
2021,"GLENELG","Harassment and private nuisance",34.9,"FV"
2021,"GLENELG","Harassment and private nuisance",29.9,"Non-FV"
2021,"GLENELG","Threatening behaviour",64.8,"FV"
2021,"GLENELG","Threatening behaviour",109.7,"Non-FV"
2021,"SOUTHERN GRAMPIANS","Serious assault",133.4,"FV"
2021,"SOUTHERN GRAMPIANS","Serious assault",175.8,"Non-FV"
2021,"SOUTHERN GRAMPIANS","Common assault",333.5,"FV"
2021,"SOUTHERN GRAMPIANS","Common assault",145.5,"Non-FV"
2021,"SOUTHERN GRAMPIANS","Stalking",24.3,"FV"
2021,"SOUTHERN GRAMPIANS","Harassment and private nuisance",30.3,"FV"
2021,"SOUTHERN GRAMPIANS","Harassment and private nuisance",24.3,"Non-FV"
2021,"SOUTHERN GRAMPIANS","Threatening behaviour",84.9,"FV"
2021,"SOUTHERN GRAMPIANS","Threatening behaviour",66.7,"Non-FV"
2021,"STONNINGTON","Serious assault",87.6,"FV"
2021,"STONNINGTON","Serious assault",185.5,"Non-FV"
2021,"STONNINGTON","Common assault",202.5,"FV"
2021,"STONNINGTON","Common assault",244.8,"Non-FV"
2021,"STONNINGTON","Stalking",28.3,"FV"
2021,"STONNINGTON","Stalking",28.3,"Non-FV"
2021,"STONNINGTON","Harassment and private nuisance",27.3,"FV"
2021,"STONNINGTON","Harassment and private nuisance",23.5,"Non-FV"
2021,"STONNINGTON","Threatening behaviour",33.9,"FV"
2021,"STONNINGTON","Threatening behaviour",49,"Non-FV"
2021,"COLAC OTWAY","Serious assault",183.8,"FV"
2021,"COLAC OTWAY","Serious assault",156.9,"Non-FV"
2021,"COLAC OTWAY","Common assault",313.8,"FV"
2021,"COLAC OTWAY","Common assault",94.1,"Non-FV"
2021,"COLAC OTWAY","Stalking",40.3,"FV"
2021,"COLAC OTWAY","Stalking",4.5,"Non-FV"
2021,"COLAC OTWAY","Harassment and private nuisance",62.8,"FV"
2021,"COLAC OTWAY","Harassment and private nuisance",17.9,"Non-FV"
2021,"COLAC OTWAY","Threatening behaviour",98.6,"FV"
2021,"COLAC OTWAY","Threatening behaviour",71.7,"Non-FV"
2021,"SURF COAST","Serious assault",55.8,"FV"
2021,"SURF COAST","Serious assault",69.1,"Non-FV"
2021,"SURF COAST","Common assault",148.7,"FV"
2021,"SURF COAST","Common assault",79.7,"Non-FV"
2021,"SURF COAST","Stalking",29.2,"FV"
2021,"SURF COAST","Stalking",13.3,"Non-FV"
2021,"SURF COAST","Harassment and private nuisance",13.3,"FV"
2021,"SURF COAST","Harassment and private nuisance",18.6,"Non-FV"
2021,"SURF COAST","Threatening behaviour",21.2,"FV"
2021,"SURF COAST","Threatening behaviour",26.6,"Non-FV"
2021,"BULOKE","Serious assault",81.5,"FV"
2021,"BULOKE","Serious assault",97.8,"Non-FV"
2021,"BULOKE","Common assault",277.2,"FV"
2021,"BULOKE","Common assault",97.8,"Non-FV"
2021,"BULOKE","Stalking",16.3,"FV"
2021,"BULOKE","Harassment and private nuisance",32.6,"FV"
2021,"BULOKE","Threatening behaviour",146.8,"FV"
2021,"BULOKE","Threatening behaviour",16.3,"Non-FV"
2021,"GANNAWARRA","Serious assault",169.6,"FV"
2021,"GANNAWARRA","Serious assault",122.5,"Non-FV"
2021,"GANNAWARRA","Common assault",263.8,"FV"
2021,"GANNAWARRA","Common assault",122.5,"Non-FV"
2021,"GANNAWARRA","Stalking",37.7,"FV"
2021,"GANNAWARRA","Stalking",9.4,"Non-FV"
2021,"GANNAWARRA","Harassment and private nuisance",56.5,"FV"
2021,"GANNAWARRA","Harassment and private nuisance",37.7,"Non-FV"
2021,"GANNAWARRA","Threatening behaviour",113,"FV"
2021,"GANNAWARRA","Threatening behaviour",47.1,"Non-FV"
2021,"SWAN HILL","Serious assault",360.1,"FV"
2021,"SWAN HILL","Serious assault",219.8,"Non-FV"
2021,"SWAN HILL","Common assault",570.6,"FV"
2021,"SWAN HILL","Common assault",224.5,"Non-FV"
2021,"SWAN HILL","Stalking",74.8,"FV"
2021,"SWAN HILL","Stalking",18.7,"Non-FV"
2021,"SWAN HILL","Harassment and private nuisance",140.3,"FV"
2021,"SWAN HILL","Harassment and private nuisance",14,"Non-FV"
2021,"SWAN HILL","Threatening behaviour",116.9,"FV"
2021,"SWAN HILL","Threatening behaviour",126.3,"Non-FV"
2021,"ALPINE","Serious assault",83.5,"FV"
2021,"ALPINE","Serious assault",91.1,"Non-FV"
2021,"ALPINE","Common assault",197.5,"FV"
2021,"ALPINE","Common assault",91.1,"Non-FV"
2021,"ALPINE","Stalking",15.2,"Non-FV"
2021,"ALPINE","Harassment and private nuisance",15.2,"FV"
2021,"ALPINE","Harassment and private nuisance",15.2,"Non-FV"
2021,"ALPINE","Threatening behaviour",15.2,"FV"
2021,"ALPINE","Threatening behaviour",38,"Non-FV"
2021,"MOIRA","Serious assault",125.1,"FV"
2021,"MOIRA","Serious assault",121.8,"Non-FV"
2021,"MOIRA","Common assault",256.9,"FV"
2021,"MOIRA","Common assault",92.2,"Non-FV"
2021,"MOIRA","Stalking",19.8,"FV"
2021,"MOIRA","Stalking",13.2,"Non-FV"
2021,"MOIRA","Harassment and private nuisance",19.8,"FV"
2021,"MOIRA","Harassment and private nuisance",19.8,"Non-FV"
2021,"MOIRA","Threatening behaviour",65.9,"FV"
2021,"MOIRA","Threatening behaviour",26.3,"Non-FV"
2021,"WANGARATTA","Serious assault",158,"FV"
2021,"WANGARATTA","Serious assault",178.1,"Non-FV"
2021,"WANGARATTA","Common assault",295.8,"FV"
2021,"WANGARATTA","Common assault",191.6,"Non-FV"
2021,"WANGARATTA","Stalking",37,"FV"
2021,"WANGARATTA","Stalking",43.7,"Non-FV"
2021,"WANGARATTA","Harassment and private nuisance",40.3,"FV"
2021,"WANGARATTA","Harassment and private nuisance",23.5,"Non-FV"
2021,"WANGARATTA","Threatening behaviour",67.2,"FV"
2021,"WANGARATTA","Threatening behaviour",90.8,"Non-FV"
2021,"CORANGAMITE","Serious assault",118.5,"FV"
2021,"CORANGAMITE","Serious assault",112.3,"Non-FV"
2021,"CORANGAMITE","Common assault",168.4,"FV"
2021,"CORANGAMITE","Common assault",137.2,"Non-FV"
2021,"CORANGAMITE","Stalking",12.5,"FV"
2021,"CORANGAMITE","Harassment and private nuisance",43.7,"FV"
2021,"CORANGAMITE","Harassment and private nuisance",18.7,"Non-FV"
2021,"CORANGAMITE","Threatening behaviour",62.4,"FV"
2021,"CORANGAMITE","Threatening behaviour",74.9,"Non-FV"
2021,"MOYNE","Serious assault",75.2,"FV"
2021,"MOYNE","Serious assault",92.5,"Non-FV"
2021,"MOYNE","Common assault",179.2,"FV"
2021,"MOYNE","Common assault",80.9,"Non-FV"
2021,"MOYNE","Stalking",17.3,"FV"
2021,"MOYNE","Stalking",11.6,"Non-FV"
2021,"MOYNE","Harassment and private nuisance",11.6,"FV"
2021,"MOYNE","Harassment and private nuisance",5.8,"Non-FV"
2021,"MOYNE","Threatening behaviour",46.3,"FV"
2021,"MOYNE","Threatening behaviour",63.6,"Non-FV"
2021,"WARRNAMBOOL","Serious assault",183.4,"FV"
2021,"WARRNAMBOOL","Serious assault",163.7,"Non-FV"
2021,"WARRNAMBOOL","Common assault",372.5,"FV"
2021,"WARRNAMBOOL","Common assault",183.4,"Non-FV"
2021,"WARRNAMBOOL","Stalking",42.3,"FV"
2021,"WARRNAMBOOL","Stalking",45.2,"Non-FV"
2021,"WARRNAMBOOL","Harassment and private nuisance",33.9,"FV"
2021,"WARRNAMBOOL","Harassment and private nuisance",33.9,"Non-FV"
2021,"WARRNAMBOOL","Threatening behaviour",110.1,"FV"
2021,"WARRNAMBOOL","Threatening behaviour",93.1,"Non-FV"
2021,"WELLINGTON","Serious assault",189.1,"FV"
2021,"WELLINGTON","Serious assault",195.7,"Non-FV"
2021,"WELLINGTON","Common assault",505.8,"FV"
2021,"WELLINGTON","Common assault",259.5,"Non-FV"
2021,"WELLINGTON","Stalking",35.2,"FV"
2021,"WELLINGTON","Stalking",33,"Non-FV"
2021,"WELLINGTON","Harassment and private nuisance",83.6,"FV"
2021,"WELLINGTON","Harassment and private nuisance",19.8,"Non-FV"
2021,"WELLINGTON","Threatening behaviour",94.6,"FV"
2021,"WELLINGTON","Threatening behaviour",107.8,"Non-FV"
2021,"WHITEHORSE","Serious assault",57.3,"FV"
2021,"WHITEHORSE","Serious assault",56.1,"Non-FV"
2021,"WHITEHORSE","Common assault",198.7,"FV"
2021,"WHITEHORSE","Common assault",110.5,"Non-FV"
2021,"WHITEHORSE","Stalking",12.9,"FV"
2021,"WHITEHORSE","Stalking",9.9,"Non-FV"
2021,"WHITEHORSE","Harassment and private nuisance",11.7,"FV"
2021,"WHITEHORSE","Harassment and private nuisance",10.5,"Non-FV"
2021,"WHITEHORSE","Threatening behaviour",32.1,"FV"
2021,"WHITEHORSE","Threatening behaviour",54.4,"Non-FV"
2021,"WHITTLESEA","Serious assault",119.9,"FV"
2021,"WHITTLESEA","Serious assault",77.2,"Non-FV"
2021,"WHITTLESEA","Common assault",278.7,"FV"
2021,"WHITTLESEA","Common assault",131.6,"Non-FV"
2021,"WHITTLESEA","Stalking",32.8,"FV"
2021,"WHITTLESEA","Stalking",24.6,"Non-FV"
2021,"WHITTLESEA","Harassment and private nuisance",53.1,"FV"
2021,"WHITTLESEA","Harassment and private nuisance",53.9,"Non-FV"
2021,"WHITTLESEA","Threatening behaviour",91.9,"FV"
2021,"WHITTLESEA","Threatening behaviour",58.2,"Non-FV"
2021,"INDIGO","Serious assault",58,"FV"
2021,"INDIGO","Serious assault",58,"Non-FV"
2021,"INDIGO","Common assault",92.7,"FV"
2021,"INDIGO","Common assault",63.8,"Non-FV"
2021,"INDIGO","Stalking",5.8,"FV"
2021,"INDIGO","Stalking",17.4,"Non-FV"
2021,"INDIGO","Harassment and private nuisance",5.8,"FV"
2021,"INDIGO","Threatening behaviour",87,"FV"
2021,"INDIGO","Threatening behaviour",40.6,"Non-FV"
2021,"TOWONG","Serious assault",64.7,"FV"
2021,"TOWONG","Serious assault",64.7,"Non-FV"
2021,"TOWONG","Common assault",129.3,"FV"
2021,"TOWONG","Common assault",113.2,"Non-FV"
2021,"TOWONG","Stalking",16.2,"FV"
2021,"TOWONG","Harassment and private nuisance",32.3,"FV"
2021,"TOWONG","Threatening behaviour",32.3,"FV"
2021,"TOWONG","Threatening behaviour",48.5,"Non-FV"
2021,"WODONGA","Serious assault",182.8,"FV"
2021,"WODONGA","Serious assault",127.3,"Non-FV"
2021,"WODONGA","Common assault",256.9,"FV"
2021,"WODONGA","Common assault",115.7,"Non-FV"
2021,"WODONGA","Stalking",27.8,"FV"
2021,"WODONGA","Stalking",20.8,"Non-FV"
2021,"WODONGA","Harassment and private nuisance",30.1,"FV"
2021,"WODONGA","Harassment and private nuisance",16.2,"Non-FV"
2021,"WODONGA","Threatening behaviour",67.1,"FV"
2021,"WODONGA","Threatening behaviour",62.5,"Non-FV"
2021,"WYNDHAM","Serious assault",112.4,"FV"
2021,"WYNDHAM","Serious assault",103.9,"Non-FV"
2021,"WYNDHAM","Common assault",247,"FV"
2021,"WYNDHAM","Common assault",107,"Non-FV"
2021,"WYNDHAM","Stalking",13.8,"FV"
2021,"WYNDHAM","Stalking",9.1,"Non-FV"
2021,"WYNDHAM","Harassment and private nuisance",28.3,"FV"
2021,"WYNDHAM","Harassment and private nuisance",11.8,"Non-FV"
2021,"WYNDHAM","Threatening behaviour",66.1,"FV"
2021,"WYNDHAM","Threatening behaviour",36.8,"Non-FV"
2021,"YARRA","Serious assault",115.8,"FV"
2021,"YARRA","Serious assault",292.8,"Non-FV"
2021,"YARRA","Common assault",230.5,"FV"
2021,"YARRA","Common assault",393.4,"Non-FV"
2021,"YARRA","Stalking",21.9,"FV"
2021,"YARRA","Stalking",24,"Non-FV"
2021,"YARRA","Harassment and private nuisance",40.4,"FV"
2021,"YARRA","Harassment and private nuisance",33.9,"Non-FV"
2021,"YARRA","Threatening behaviour",47,"FV"
2021,"YARRA","Threatening behaviour",71,"Non-FV"
2021,"YARRA RANGES","Serious assault",55.3,"FV"
2021,"YARRA RANGES","Serious assault",73.7,"Non-FV"
2021,"YARRA RANGES","Common assault",201.4,"FV"
2021,"YARRA RANGES","Common assault",88.3,"Non-FV"
2021,"YARRA RANGES","Stalking",20.3,"FV"
2021,"YARRA RANGES","Stalking",7.6,"Non-FV"
2021,"YARRA RANGES","Harassment and private nuisance",41.3,"FV"
2021,"YARRA RANGES","Harassment and private nuisance",16.5,"Non-FV"
2021,"YARRA RANGES","Threatening behaviour",45.1,"FV"
2021,"YARRA RANGES","Threatening behaviour",60.3,"Non-FV"
2020,"BALLARAT","Serious assault",128.1,"FV"
2020,"BALLARAT","Serious assault",116.4,"Non-FV"
2020,"BALLARAT","Common assault",253.5,"FV"
2020,"BALLARAT","Common assault",155.9,"Non-FV"
2020,"BALLARAT","Stalking",31.3,"FV"
2020,"BALLARAT","Stalking",15.2,"Non-FV"
2020,"BALLARAT","Harassment and private nuisance",22.4,"FV"
2020,"BALLARAT","Harassment and private nuisance",5.4,"Non-FV"
2020,"BALLARAT","Threatening behaviour",48.4,"FV"
2020,"BALLARAT","Threatening behaviour",32.2,"Non-FV"
2020,"PYRENEES","Serious assault",212.1,"FV"
2020,"PYRENEES","Serious assault",92.8,"Non-FV"
2020,"PYRENEES","Common assault",384.4,"FV"
2020,"PYRENEES","Common assault",132.6,"Non-FV"
2020,"PYRENEES","Stalking",66.3,"FV"
2020,"PYRENEES","Harassment and private nuisance",26.5,"FV"
2020,"PYRENEES","Threatening behaviour",106,"FV"
2020,"PYRENEES","Threatening behaviour",13.3,"Non-FV"
2020,"BANYULE","Serious assault",78.3,"FV"
2020,"BANYULE","Serious assault",96.7,"Non-FV"
2020,"BANYULE","Common assault",160.4,"FV"
2020,"BANYULE","Common assault",138.9,"Non-FV"
2020,"BANYULE","Stalking",14.6,"FV"
2020,"BANYULE","Stalking",11.5,"Non-FV"
2020,"BANYULE","Harassment and private nuisance",24.6,"FV"
2020,"BANYULE","Harassment and private nuisance",17.7,"Non-FV"
2020,"BANYULE","Threatening behaviour",31.5,"FV"
2020,"BANYULE","Threatening behaviour",57.6,"Non-FV"
2020,"NILLUMBIK","Serious assault",45.1,"FV"
2020,"NILLUMBIK","Serious assault",54.4,"Non-FV"
2020,"NILLUMBIK","Common assault",99.5,"FV"
2020,"NILLUMBIK","Common assault",76.2,"Non-FV"
2020,"NILLUMBIK","Stalking",9.3,"FV"
2020,"NILLUMBIK","Stalking",15.5,"Non-FV"
2020,"NILLUMBIK","Harassment and private nuisance",17.1,"FV"
2020,"NILLUMBIK","Harassment and private nuisance",9.3,"Non-FV"
2020,"NILLUMBIK","Threatening behaviour",28,"FV"
2020,"NILLUMBIK","Threatening behaviour",21.8,"Non-FV"
2020,"BASS COAST","Serious assault",190,"FV"
2020,"BASS COAST","Serious assault",95,"Non-FV"
2020,"BASS COAST","Common assault",313.2,"FV"
2020,"BASS COAST","Common assault",113,"Non-FV"
2020,"BASS COAST","Stalking",46.2,"FV"
2020,"BASS COAST","Stalking",20.5,"Non-FV"
2020,"BASS COAST","Harassment and private nuisance",41.1,"FV"
2020,"BASS COAST","Harassment and private nuisance",15.4,"Non-FV"
2020,"BASS COAST","Threatening behaviour",177.2,"FV"
2020,"BASS COAST","Threatening behaviour",33.4,"Non-FV"
2020,"SOUTH GIPPSLAND","Serious assault",148.7,"FV"
2020,"SOUTH GIPPSLAND","Serious assault",92.5,"Non-FV"
2020,"SOUTH GIPPSLAND","Common assault",300.6,"FV"
2020,"SOUTH GIPPSLAND","Common assault",95.8,"Non-FV"
2020,"SOUTH GIPPSLAND","Stalking",42.9,"FV"
2020,"SOUTH GIPPSLAND","Stalking",19.8,"Non-FV"
2020,"SOUTH GIPPSLAND","Harassment and private nuisance",33,"FV"
2020,"SOUTH GIPPSLAND","Harassment and private nuisance",19.8,"Non-FV"
2020,"SOUTH GIPPSLAND","Threatening behaviour",72.7,"FV"
2020,"SOUTH GIPPSLAND","Threatening behaviour",49.6,"Non-FV"
2020,"BAW BAW","Serious assault",157.8,"FV"
2020,"BAW BAW","Serious assault",100.4,"Non-FV"
2020,"BAW BAW","Common assault",245.7,"FV"
2020,"BAW BAW","Common assault",132.7,"Non-FV"
2020,"BAW BAW","Stalking",26.9,"FV"
2020,"BAW BAW","Stalking",25.1,"Non-FV"
2020,"BAW BAW","Harassment and private nuisance",34.1,"FV"
2020,"BAW BAW","Harassment and private nuisance",10.8,"Non-FV"
2020,"BAW BAW","Threatening behaviour",102.2,"FV"
2020,"BAW BAW","Threatening behaviour",39.5,"Non-FV"
2020,"BENALLA","Serious assault",201.6,"FV"
2020,"BENALLA","Serious assault",111.3,"Non-FV"
2020,"BENALLA","Common assault",465.9,"FV"
2020,"BENALLA","Common assault",250.3,"Non-FV"
2020,"BENALLA","Stalking",13.9,"FV"
2020,"BENALLA","Stalking",27.8,"Non-FV"
2020,"BENALLA","Harassment and private nuisance",20.9,"FV"
2020,"BENALLA","Harassment and private nuisance",48.7,"Non-FV"
2020,"BENALLA","Threatening behaviour",62.6,"FV"
2020,"BENALLA","Threatening behaviour",34.8,"Non-FV"
2020,"MANSFIELD","Serious assault",71.5,"FV"
2020,"MANSFIELD","Serious assault",51.1,"Non-FV"
2020,"MANSFIELD","Common assault",163.4,"FV"
2020,"MANSFIELD","Common assault",112.3,"Non-FV"
2020,"MANSFIELD","Stalking",51.1,"FV"
2020,"MANSFIELD","Stalking",10.2,"Non-FV"
2020,"MANSFIELD","Harassment and private nuisance",30.6,"FV"
2020,"MANSFIELD","Harassment and private nuisance",71.5,"Non-FV"
2020,"MANSFIELD","Threatening behaviour",20.4,"FV"
2020,"MANSFIELD","Threatening behaviour",40.8,"Non-FV"
2020,"MURRINDINDI","Serious assault",60.5,"FV"
2020,"MURRINDINDI","Serious assault",74,"Non-FV"
2020,"MURRINDINDI","Common assault",255.5,"FV"
2020,"MURRINDINDI","Common assault",100.9,"Non-FV"
2020,"MURRINDINDI","Stalking",6.7,"FV"
2020,"MURRINDINDI","Stalking",13.4,"Non-FV"
2020,"MURRINDINDI","Harassment and private nuisance",13.4,"FV"
2020,"MURRINDINDI","Harassment and private nuisance",13.4,"Non-FV"
2020,"MURRINDINDI","Threatening behaviour",67.2,"FV"
2020,"MURRINDINDI","Threatening behaviour",94.1,"Non-FV"
2020,"GREATER BENDIGO","Serious assault",120,"FV"
2020,"GREATER BENDIGO","Serious assault",150.9,"Non-FV"
2020,"GREATER BENDIGO","Common assault",261.8,"FV"
2020,"GREATER BENDIGO","Common assault",225.9,"Non-FV"
2020,"GREATER BENDIGO","Stalking",20.8,"FV"
2020,"GREATER BENDIGO","Stalking",14.2,"Non-FV"
2020,"GREATER BENDIGO","Harassment and private nuisance",35.8,"FV"
2020,"GREATER BENDIGO","Harassment and private nuisance",14.2,"Non-FV"
2020,"GREATER BENDIGO","Threatening behaviour",68.4,"FV"
2020,"GREATER BENDIGO","Threatening behaviour",53.4,"Non-FV"
2020,"BOROONDARA","Serious assault",39.9,"FV"
2020,"BOROONDARA","Serious assault",31.5,"Non-FV"
2020,"BOROONDARA","Common assault",104.6,"FV"
2020,"BOROONDARA","Common assault",69.7,"Non-FV"
2020,"BOROONDARA","Stalking",9,"FV"
2020,"BOROONDARA","Stalking",6.7,"Non-FV"
2020,"BOROONDARA","Harassment and private nuisance",7.3,"FV"
2020,"BOROONDARA","Harassment and private nuisance",11.8,"Non-FV"
2020,"BOROONDARA","Threatening behaviour",16.9,"FV"
2020,"BOROONDARA","Threatening behaviour",21.9,"Non-FV"
2020,"BRIMBANK","Serious assault",141.5,"FV"
2020,"BRIMBANK","Serious assault",158.7,"Non-FV"
2020,"BRIMBANK","Common assault",251.2,"FV"
2020,"BRIMBANK","Common assault",181.2,"Non-FV"
2020,"BRIMBANK","Stalking",19.6,"FV"
2020,"BRIMBANK","Stalking",27.9,"Non-FV"
2020,"BRIMBANK","Harassment and private nuisance",49.5,"FV"
2020,"BRIMBANK","Harassment and private nuisance",19.1,"Non-FV"
2020,"BRIMBANK","Threatening behaviour",102.8,"FV"
2020,"BRIMBANK","Threatening behaviour",49.9,"Non-FV"
2020,"CAMPASPE","Serious assault",127.7,"FV"
2020,"CAMPASPE","Serious assault",91.2,"Non-FV"
2020,"CAMPASPE","Common assault",284,"FV"
2020,"CAMPASPE","Common assault",96.4,"Non-FV"
2020,"CAMPASPE","Stalking",10.4,"FV"
2020,"CAMPASPE","Stalking",13,"Non-FV"
2020,"CAMPASPE","Harassment and private nuisance",15.6,"FV"
2020,"CAMPASPE","Harassment and private nuisance",7.8,"Non-FV"
2020,"CAMPASPE","Threatening behaviour",67.7,"FV"
2020,"CAMPASPE","Threatening behaviour",31.3,"Non-FV"
2020,"CARDINIA","Serious assault",103.9,"FV"
2020,"CARDINIA","Serious assault",44.6,"Non-FV"
2020,"CARDINIA","Common assault",212.9,"FV"
2020,"CARDINIA","Common assault",94.4,"Non-FV"
2020,"CARDINIA","Stalking",28.3,"FV"
2020,"CARDINIA","Stalking",18,"Non-FV"
2020,"CARDINIA","Harassment and private nuisance",18.9,"FV"
2020,"CARDINIA","Harassment and private nuisance",13.7,"Non-FV"
2020,"CARDINIA","Threatening behaviour",83.3,"FV"
2020,"CARDINIA","Threatening behaviour",31.8,"Non-FV"
2020,"CASEY","Serious assault",94.2,"FV"
2020,"CASEY","Serious assault",83,"Non-FV"
2020,"CASEY","Common assault",284.9,"FV"
2020,"CASEY","Common assault",138.5,"Non-FV"
2020,"CASEY","Stalking",22.8,"FV"
2020,"CASEY","Stalking",11,"Non-FV"
2020,"CASEY","Harassment and private nuisance",24.7,"FV"
2020,"CASEY","Harassment and private nuisance",10.2,"Non-FV"
2020,"CASEY","Threatening behaviour",70.3,"FV"
2020,"CASEY","Threatening behaviour",30.5,"Non-FV"
2020,"CENTRAL GOLDFIELDS","Serious assault",218,"FV"
2020,"CENTRAL GOLDFIELDS","Serious assault",112.7,"Non-FV"
2020,"CENTRAL GOLDFIELDS","Common assault",413.4,"FV"
2020,"CENTRAL GOLDFIELDS","Common assault",172.9,"Non-FV"
2020,"CENTRAL GOLDFIELDS","Stalking",7.5,"FV"
2020,"CENTRAL GOLDFIELDS","Stalking",15,"Non-FV"
2020,"CENTRAL GOLDFIELDS","Harassment and private nuisance",30.1,"FV"
2020,"CENTRAL GOLDFIELDS","Harassment and private nuisance",105.2,"Non-FV"
2020,"CENTRAL GOLDFIELDS","Threatening behaviour",120.3,"FV"
2020,"CENTRAL GOLDFIELDS","Threatening behaviour",75.2,"Non-FV"
2020,"LODDON","Serious assault",169.8,"FV"
2020,"LODDON","Serious assault",130.6,"Non-FV"
2020,"LODDON","Common assault",248.1,"FV"
2020,"LODDON","Common assault",104.5,"Non-FV"
2020,"LODDON","Harassment and private nuisance",39.2,"FV"
2020,"LODDON","Harassment and private nuisance",52.2,"Non-FV"
2020,"LODDON","Threatening behaviour",78.4,"FV"
2020,"LODDON","Threatening behaviour",39.2,"Non-FV"
2020,"MOUNT ALEXANDER","Serious assault",50.2,"FV"
2020,"MOUNT ALEXANDER","Serious assault",45.1,"Non-FV"
2020,"MOUNT ALEXANDER","Common assault",160.5,"FV"
2020,"MOUNT ALEXANDER","Common assault",110.3,"Non-FV"
2020,"MOUNT ALEXANDER","Stalking",15,"Non-FV"
2020,"MOUNT ALEXANDER","Harassment and private nuisance",5,"Non-FV"
2020,"MOUNT ALEXANDER","Threatening behaviour",20.1,"FV"
2020,"MOUNT ALEXANDER","Threatening behaviour",45.1,"Non-FV"
2020,"DAREBIN","Serious assault",101.2,"FV"
2020,"DAREBIN","Serious assault",118.4,"Non-FV"
2020,"DAREBIN","Common assault",178.3,"FV"
2020,"DAREBIN","Common assault",178.3,"Non-FV"
2020,"DAREBIN","Stalking",22.9,"FV"
2020,"DAREBIN","Stalking",36.3,"Non-FV"
2020,"DAREBIN","Harassment and private nuisance",40.7,"FV"
2020,"DAREBIN","Harassment and private nuisance",24.2,"Non-FV"
2020,"DAREBIN","Threatening behaviour",49.7,"FV"
2020,"DAREBIN","Threatening behaviour",63.7,"Non-FV"
2020,"EAST GIPPSLAND","Serious assault",292.4,"FV"
2020,"EAST GIPPSLAND","Serious assault",244.4,"Non-FV"
2020,"EAST GIPPSLAND","Common assault",424,"FV"
2020,"EAST GIPPSLAND","Common assault",242.3,"Non-FV"
2020,"EAST GIPPSLAND","Stalking",37.6,"FV"
2020,"EAST GIPPSLAND","Stalking",27.2,"Non-FV"
2020,"EAST GIPPSLAND","Harassment and private nuisance",41.8,"FV"
2020,"EAST GIPPSLAND","Harassment and private nuisance",14.6,"Non-FV"
2020,"EAST GIPPSLAND","Threatening behaviour",127.4,"FV"
2020,"EAST GIPPSLAND","Threatening behaviour",98.2,"Non-FV"
2020,"FRANKSTON","Serious assault",125.9,"FV"
2020,"FRANKSTON","Serious assault",137.1,"Non-FV"
2020,"FRANKSTON","Common assault",309.4,"FV"
2020,"FRANKSTON","Common assault",199,"Non-FV"
2020,"FRANKSTON","Stalking",23.9,"FV"
2020,"FRANKSTON","Stalking",24.6,"Non-FV"
2020,"FRANKSTON","Harassment and private nuisance",36.6,"FV"
2020,"FRANKSTON","Harassment and private nuisance",19,"Non-FV"
2020,"FRANKSTON","Threatening behaviour",78.1,"FV"
2020,"FRANKSTON","Threatening behaviour",64,"Non-FV"
2020,"GREATER GEELONG","Serious assault",150.4,"FV"
2020,"GREATER GEELONG","Serious assault",121.8,"Non-FV"
2020,"GREATER GEELONG","Common assault",231.2,"FV"
2020,"GREATER GEELONG","Common assault",135.3,"Non-FV"
2020,"GREATER GEELONG","Stalking",29.3,"FV"
2020,"GREATER GEELONG","Stalking",9.8,"Non-FV"
2020,"GREATER GEELONG","Harassment and private nuisance",33.1,"FV"
2020,"GREATER GEELONG","Harassment and private nuisance",12,"Non-FV"
2020,"GREATER GEELONG","Threatening behaviour",79.7,"FV"
2020,"GREATER GEELONG","Threatening behaviour",59,"Non-FV"
2020,"QUEENSCLIFFE","Serious assault",32.3,"Non-FV"
2020,"QUEENSCLIFFE","Common assault",129.2,"FV"
2020,"QUEENSCLIFFE","Harassment and private nuisance",32.3,"Non-FV"
2020,"BAYSIDE","Serious assault",59,"FV"
2020,"BAYSIDE","Serious assault",46.7,"Non-FV"
2020,"BAYSIDE","Common assault",116.2,"FV"
2020,"BAYSIDE","Common assault",80.9,"Non-FV"
2020,"BAYSIDE","Stalking",6.7,"FV"
2020,"BAYSIDE","Stalking",11.4,"Non-FV"
2020,"BAYSIDE","Harassment and private nuisance",12.4,"FV"
2020,"BAYSIDE","Harassment and private nuisance",16.2,"Non-FV"
2020,"BAYSIDE","Threatening behaviour",19,"FV"
2020,"BAYSIDE","Threatening behaviour",15.2,"Non-FV"
2020,"GLEN EIRA","Serious assault",36.9,"FV"
2020,"GLEN EIRA","Serious assault",45.9,"Non-FV"
2020,"GLEN EIRA","Common assault",161.6,"FV"
2020,"GLEN EIRA","Common assault",104.7,"Non-FV"
2020,"GLEN EIRA","Stalking",9.1,"FV"
2020,"GLEN EIRA","Stalking",11,"Non-FV"
2020,"GLEN EIRA","Harassment and private nuisance",10.3,"FV"
2020,"GLEN EIRA","Harassment and private nuisance",13.6,"Non-FV"
2020,"GLEN EIRA","Threatening behaviour",26.5,"FV"
2020,"GLEN EIRA","Threatening behaviour",32.3,"Non-FV"
2020,"GREATER DANDENONG","Serious assault",105,"FV"
2020,"GREATER DANDENONG","Serious assault",148.5,"Non-FV"
2020,"GREATER DANDENONG","Common assault",368.9,"FV"
2020,"GREATER DANDENONG","Common assault",300,"Non-FV"
2020,"GREATER DANDENONG","Stalking",24.8,"FV"
2020,"GREATER DANDENONG","Stalking",16.9,"Non-FV"
2020,"GREATER DANDENONG","Harassment and private nuisance",30.2,"FV"
2020,"GREATER DANDENONG","Harassment and private nuisance",11.5,"Non-FV"
2020,"GREATER DANDENONG","Threatening behaviour",99.6,"FV"
2020,"GREATER DANDENONG","Threatening behaviour",72.4,"Non-FV"
2020,"HOBSONS BAY","Serious assault",127.1,"FV"
2020,"HOBSONS BAY","Serious assault",81.9,"Non-FV"
2020,"HOBSONS BAY","Common assault",151.3,"FV"
2020,"HOBSONS BAY","Common assault",121.9,"Non-FV"
2020,"HOBSONS BAY","Stalking",12.6,"FV"
2020,"HOBSONS BAY","Stalking",7.4,"Non-FV"
2020,"HOBSONS BAY","Harassment and private nuisance",29.4,"FV"
2020,"HOBSONS BAY","Harassment and private nuisance",14.7,"Non-FV"
2020,"HOBSONS BAY","Threatening behaviour",20,"FV"
2020,"HOBSONS BAY","Threatening behaviour",35.7,"Non-FV"
2020,"HINDMARSH","Serious assault",264.6,"FV"
2020,"HINDMARSH","Serious assault",141.1,"Non-FV"
2020,"HINDMARSH","Common assault",494,"FV"
2020,"HINDMARSH","Common assault",229.4,"Non-FV"
2020,"HINDMARSH","Stalking",17.6,"FV"
2020,"HINDMARSH","Stalking",52.9,"Non-FV"
2020,"HINDMARSH","Harassment and private nuisance",17.6,"FV"
2020,"HINDMARSH","Threatening behaviour",70.6,"FV"
2020,"HINDMARSH","Threatening behaviour",194.1,"Non-FV"
2020,"HORSHAM","Serious assault",328.7,"FV"
2020,"HORSHAM","Serious assault",201.1,"Non-FV"
2020,"HORSHAM","Common assault",819.2,"FV"
2020,"HORSHAM","Common assault",260,"Non-FV"
2020,"HORSHAM","Stalking",93.2,"FV"
2020,"HORSHAM","Stalking",24.5,"Non-FV"
2020,"HORSHAM","Harassment and private nuisance",39.2,"FV"
2020,"HORSHAM","Harassment and private nuisance",9.8,"Non-FV"
2020,"HORSHAM","Threatening behaviour",206,"FV"
2020,"HORSHAM","Threatening behaviour",63.8,"Non-FV"
2020,"WEST WIMMERA","Serious assault",75.1,"FV"
2020,"WEST WIMMERA","Serious assault",25,"Non-FV"
2020,"WEST WIMMERA","Common assault",100.2,"FV"
2020,"WEST WIMMERA","Common assault",125.2,"Non-FV"
2020,"WEST WIMMERA","Stalking",25,"Non-FV"
2020,"WEST WIMMERA","Harassment and private nuisance",25,"FV"
2020,"WEST WIMMERA","Harassment and private nuisance",25,"Non-FV"
2020,"WEST WIMMERA","Threatening behaviour",25,"Non-FV"
2020,"HUME","Serious assault",155.1,"FV"
2020,"HUME","Serious assault",107.5,"Non-FV"
2020,"HUME","Common assault",332.5,"FV"
2020,"HUME","Common assault",147.3,"Non-FV"
2020,"HUME","Stalking",35.3,"FV"
2020,"HUME","Stalking",10.3,"Non-FV"
2020,"HUME","Harassment and private nuisance",50.5,"FV"
2020,"HUME","Harassment and private nuisance",33.2,"Non-FV"
2020,"HUME","Threatening behaviour",126.8,"FV"
2020,"HUME","Threatening behaviour",53.8,"Non-FV"
2020,"KINGSTON","Serious assault",82.7,"FV"
2020,"KINGSTON","Serious assault",61.9,"Non-FV"
2020,"KINGSTON","Common assault",224.3,"FV"
2020,"KINGSTON","Common assault",160.5,"Non-FV"
2020,"KINGSTON","Stalking",18.4,"FV"
2020,"KINGSTON","Stalking",15.3,"Non-FV"
2020,"KINGSTON","Harassment and private nuisance",35.5,"FV"
2020,"KINGSTON","Harassment and private nuisance",17.2,"Non-FV"
2020,"KINGSTON","Threatening behaviour",40.4,"FV"
2020,"KINGSTON","Threatening behaviour",38,"Non-FV"
2020,"KNOX","Serious assault",86.4,"FV"
2020,"KNOX","Serious assault",67.4,"Non-FV"
2020,"KNOX","Common assault",227.3,"FV"
2020,"KNOX","Common assault",117.6,"Non-FV"
2020,"KNOX","Stalking",12.3,"FV"
2020,"KNOX","Stalking",11.6,"Non-FV"
2020,"KNOX","Harassment and private nuisance",14.7,"FV"
2020,"KNOX","Harassment and private nuisance",16.5,"Non-FV"
2020,"KNOX","Threatening behaviour",49.6,"FV"
2020,"KNOX","Threatening behaviour",33.7,"Non-FV"
2020,"LATROBE","Serious assault",388.5,"FV"
2020,"LATROBE","Serious assault",333.7,"Non-FV"
2020,"LATROBE","Common assault",585.3,"FV"
2020,"LATROBE","Common assault",277.7,"Non-FV"
2020,"LATROBE","Stalking",56.1,"FV"
2020,"LATROBE","Stalking",26.1,"Non-FV"
2020,"LATROBE","Harassment and private nuisance",49.5,"FV"
2020,"LATROBE","Harassment and private nuisance",23.5,"Non-FV"
2020,"LATROBE","Threatening behaviour",142.1,"FV"
2020,"LATROBE","Threatening behaviour",138.2,"Non-FV"
2020,"MACEDON RANGES","Serious assault",76.6,"FV"
2020,"MACEDON RANGES","Serious assault",45.2,"Non-FV"
2020,"MACEDON RANGES","Common assault",178.8,"FV"
2020,"MACEDON RANGES","Common assault",98.2,"Non-FV"
2020,"MACEDON RANGES","Stalking",15.7,"FV"
2020,"MACEDON RANGES","Stalking",21.6,"Non-FV"
2020,"MACEDON RANGES","Harassment and private nuisance",29.5,"FV"
2020,"MACEDON RANGES","Harassment and private nuisance",27.5,"Non-FV"
2020,"MACEDON RANGES","Threatening behaviour",37.3,"FV"
2020,"MACEDON RANGES","Threatening behaviour",43.2,"Non-FV"
2020,"MANNINGHAM","Serious assault",42.2,"FV"
2020,"MANNINGHAM","Serious assault",34.4,"Non-FV"
2020,"MANNINGHAM","Common assault",150,"FV"
2020,"MANNINGHAM","Common assault",67.2,"Non-FV"
2020,"MANNINGHAM","Stalking",10.9,"FV"
2020,"MANNINGHAM","Stalking",10.9,"Non-FV"
2020,"MANNINGHAM","Harassment and private nuisance",12.5,"FV"
2020,"MANNINGHAM","Harassment and private nuisance",16.4,"Non-FV"
2020,"MANNINGHAM","Threatening behaviour",25,"FV"
2020,"MANNINGHAM","Threatening behaviour",14.8,"Non-FV"
2020,"MARIBYRNONG","Serious assault",91.7,"FV"
2020,"MARIBYRNONG","Serious assault",158.8,"Non-FV"
2020,"MARIBYRNONG","Common assault",136.4,"FV"
2020,"MARIBYRNONG","Common assault",220.3,"Non-FV"
2020,"MARIBYRNONG","Stalking",10.1,"FV"
2020,"MARIBYRNONG","Stalking",10.1,"Non-FV"
2020,"MARIBYRNONG","Harassment and private nuisance",17.9,"FV"
2020,"MARIBYRNONG","Harassment and private nuisance",13.4,"Non-FV"
2020,"MARIBYRNONG","Threatening behaviour",33.6,"FV"
2020,"MARIBYRNONG","Threatening behaviour",35.8,"Non-FV"
2020,"MAROONDAH","Serious assault",68.5,"FV"
2020,"MAROONDAH","Serious assault",67.6,"Non-FV"
2020,"MAROONDAH","Common assault",238.4,"FV"
2020,"MAROONDAH","Common assault",136.1,"Non-FV"
2020,"MAROONDAH","Stalking",12.7,"FV"
2020,"MAROONDAH","Stalking",16.1,"Non-FV"
2020,"MAROONDAH","Harassment and private nuisance",11.8,"FV"
2020,"MAROONDAH","Harassment and private nuisance",14.4,"Non-FV"
2020,"MAROONDAH","Threatening behaviour",54.9,"FV"
2020,"MAROONDAH","Threatening behaviour",48.2,"Non-FV"
2020,"MELBOURNE","Serious assault",140.7,"FV"
2020,"MELBOURNE","Serious assault",376.9,"Non-FV"
2020,"MELBOURNE","Common assault",229.2,"FV"
2020,"MELBOURNE","Common assault",611.4,"Non-FV"
2020,"MELBOURNE","Stalking",26.4,"FV"
2020,"MELBOURNE","Stalking",38.1,"Non-FV"
2020,"MELBOURNE","Harassment and private nuisance",29.9,"FV"
2020,"MELBOURNE","Harassment and private nuisance",35.2,"Non-FV"
2020,"MELBOURNE","Threatening behaviour",59.2,"FV"
2020,"MELBOURNE","Threatening behaviour",102.6,"Non-FV"
2020,"MELTON","Serious assault",171.7,"FV"
2020,"MELTON","Serious assault",99.1,"Non-FV"
2020,"MELTON","Common assault",292.1,"FV"
2020,"MELTON","Common assault",99.1,"Non-FV"
2020,"MELTON","Stalking",33.4,"FV"
2020,"MELTON","Stalking",13.8,"Non-FV"
2020,"MELTON","Harassment and private nuisance",82.4,"FV"
2020,"MELTON","Harassment and private nuisance",21.3,"Non-FV"
2020,"MELTON","Threatening behaviour",102,"FV"
2020,"MELTON","Threatening behaviour",38.6,"Non-FV"
2020,"MERRI-BEK","Serious assault",90,"FV"
2020,"MERRI-BEK","Serious assault",95,"Non-FV"
2020,"MERRI-BEK","Common assault",197.2,"FV"
2020,"MERRI-BEK","Common assault",150,"Non-FV"
2020,"MERRI-BEK","Stalking",23.9,"FV"
2020,"MERRI-BEK","Stalking",16.7,"Non-FV"
2020,"MERRI-BEK","Harassment and private nuisance",32.2,"FV"
2020,"MERRI-BEK","Harassment and private nuisance",13.9,"Non-FV"
2020,"MERRI-BEK","Threatening behaviour",46.1,"FV"
2020,"MERRI-BEK","Threatening behaviour",37.8,"Non-FV"
2020,"MILDURA","Serious assault",245.9,"FV"
2020,"MILDURA","Serious assault",186.6,"Non-FV"
2020,"MILDURA","Common assault",484.9,"FV"
2020,"MILDURA","Common assault",284.3,"Non-FV"
2020,"MILDURA","Stalking",26.2,"FV"
2020,"MILDURA","Stalking",22.7,"Non-FV"
2020,"MILDURA","Harassment and private nuisance",47.1,"FV"
2020,"MILDURA","Harassment and private nuisance",19.2,"Non-FV"
2020,"MILDURA","Threatening behaviour",115.1,"FV"
2020,"MILDURA","Threatening behaviour",92.4,"Non-FV"
2020,"MITCHELL","Serious assault",170.6,"FV"
2020,"MITCHELL","Serious assault",106.1,"Non-FV"
2020,"MITCHELL","Common assault",438.9,"FV"
2020,"MITCHELL","Common assault",170.6,"Non-FV"
2020,"MITCHELL","Stalking",49.9,"FV"
2020,"MITCHELL","Stalking",77,"Non-FV"
2020,"MITCHELL","Harassment and private nuisance",143.5,"FV"
2020,"MITCHELL","Harassment and private nuisance",72.8,"Non-FV"
2020,"MITCHELL","Threatening behaviour",141.5,"FV"
2020,"MITCHELL","Threatening behaviour",108.2,"Non-FV"
2020,"STRATHBOGIE","Serious assault",80.7,"FV"
2020,"STRATHBOGIE","Serious assault",62.7,"Non-FV"
2020,"STRATHBOGIE","Common assault",215.1,"FV"
2020,"STRATHBOGIE","Common assault",35.8,"Non-FV"
2020,"STRATHBOGIE","Stalking",9,"FV"
2020,"STRATHBOGIE","Stalking",35.8,"Non-FV"
2020,"STRATHBOGIE","Harassment and private nuisance",44.8,"FV"
2020,"STRATHBOGIE","Threatening behaviour",62.7,"FV"
2020,"STRATHBOGIE","Threatening behaviour",62.7,"Non-FV"
2020,"MONASH","Serious assault",56.8,"FV"
2020,"MONASH","Serious assault",68.2,"Non-FV"
2020,"MONASH","Common assault",188.8,"FV"
2020,"MONASH","Common assault",122.5,"Non-FV"
2020,"MONASH","Stalking",8.5,"FV"
2020,"MONASH","Stalking",8.5,"Non-FV"
2020,"MONASH","Harassment and private nuisance",8.5,"FV"
2020,"MONASH","Harassment and private nuisance",6.5,"Non-FV"
2020,"MONASH","Threatening behaviour",31.9,"FV"
2020,"MONASH","Threatening behaviour",21.9,"Non-FV"
2020,"MOONEE VALLEY","Serious assault",58.4,"FV"
2020,"MOONEE VALLEY","Serious assault",71.8,"Non-FV"
2020,"MOONEE VALLEY","Common assault",142.8,"FV"
2020,"MOONEE VALLEY","Common assault",138,"Non-FV"
2020,"MOONEE VALLEY","Stalking",19.7,"FV"
2020,"MOONEE VALLEY","Stalking",15.8,"Non-FV"
2020,"MOONEE VALLEY","Harassment and private nuisance",30,"FV"
2020,"MOONEE VALLEY","Harassment and private nuisance",7.1,"Non-FV"
2020,"MOONEE VALLEY","Threatening behaviour",41,"FV"
2020,"MOONEE VALLEY","Threatening behaviour",29.2,"Non-FV"
2020,"GOLDEN PLAINS","Serious assault",53.4,"FV"
2020,"GOLDEN PLAINS","Serious assault",12.3,"Non-FV"
2020,"GOLDEN PLAINS","Common assault",73.9,"FV"
2020,"GOLDEN PLAINS","Common assault",28.7,"Non-FV"
2020,"GOLDEN PLAINS","Harassment and private nuisance",8.2,"FV"
2020,"GOLDEN PLAINS","Threatening behaviour",45.1,"FV"
2020,"GOLDEN PLAINS","Threatening behaviour",4.1,"Non-FV"
2020,"HEPBURN","Serious assault",91.8,"FV"
2020,"HEPBURN","Serious assault",128.5,"Non-FV"
2020,"HEPBURN","Common assault",165.2,"FV"
2020,"HEPBURN","Common assault",67.3,"Non-FV"
2020,"HEPBURN","Stalking",12.2,"FV"
2020,"HEPBURN","Harassment and private nuisance",12.2,"FV"
2020,"HEPBURN","Harassment and private nuisance",12.2,"Non-FV"
2020,"HEPBURN","Threatening behaviour",42.8,"FV"
2020,"HEPBURN","Threatening behaviour",18.4,"Non-FV"
2020,"MOORABOOL","Serious assault",113.7,"FV"
2020,"MOORABOOL","Serious assault",65,"Non-FV"
2020,"MOORABOOL","Common assault",184.1,"FV"
2020,"MOORABOOL","Common assault",59.5,"Non-FV"
2020,"MOORABOOL","Stalking",24.4,"FV"
2020,"MOORABOOL","Stalking",2.7,"Non-FV"
2020,"MOORABOOL","Harassment and private nuisance",29.8,"FV"
2020,"MOORABOOL","Harassment and private nuisance",5.4,"Non-FV"
2020,"MOORABOOL","Threatening behaviour",65,"FV"
2020,"MOORABOOL","Threatening behaviour",27.1,"Non-FV"
2020,"MORNINGTON PENINSULA","Serious assault",77.6,"FV"
2020,"MORNINGTON PENINSULA","Serious assault",78.7,"Non-FV"
2020,"MORNINGTON PENINSULA","Common assault",176.3,"FV"
2020,"MORNINGTON PENINSULA","Common assault",92.8,"Non-FV"
2020,"MORNINGTON PENINSULA","Stalking",25.9,"FV"
2020,"MORNINGTON PENINSULA","Stalking",21.2,"Non-FV"
2020,"MORNINGTON PENINSULA","Harassment and private nuisance",16.5,"FV"
2020,"MORNINGTON PENINSULA","Harassment and private nuisance",10.6,"Non-FV"
2020,"MORNINGTON PENINSULA","Threatening behaviour",44.1,"FV"
2020,"MORNINGTON PENINSULA","Threatening behaviour",35.3,"Non-FV"
2020,"ARARAT","Serious assault",234.9,"FV"
2020,"ARARAT","Serious assault",243.3,"Non-FV"
2020,"ARARAT","Common assault",377.6,"FV"
2020,"ARARAT","Common assault",142.6,"Non-FV"
2020,"ARARAT","Stalking",33.6,"FV"
2020,"ARARAT","Stalking",33.6,"Non-FV"
2020,"ARARAT","Harassment and private nuisance",50.3,"FV"
2020,"ARARAT","Harassment and private nuisance",33.6,"Non-FV"
2020,"ARARAT","Threatening behaviour",75.5,"FV"
2020,"ARARAT","Threatening behaviour",109.1,"Non-FV"
2020,"NORTHERN GRAMPIANS","Serious assault",152.5,"FV"
2020,"NORTHERN GRAMPIANS","Serious assault",194.8,"Non-FV"
2020,"NORTHERN GRAMPIANS","Common assault",381.2,"FV"
2020,"NORTHERN GRAMPIANS","Common assault",220.2,"Non-FV"
2020,"NORTHERN GRAMPIANS","Stalking",42.4,"FV"
2020,"NORTHERN GRAMPIANS","Stalking",50.8,"Non-FV"
2020,"NORTHERN GRAMPIANS","Harassment and private nuisance",25.4,"FV"
2020,"NORTHERN GRAMPIANS","Harassment and private nuisance",8.5,"Non-FV"
2020,"NORTHERN GRAMPIANS","Threatening behaviour",152.5,"FV"
2020,"NORTHERN GRAMPIANS","Threatening behaviour",127.1,"Non-FV"
2020,"YARRIAMBIACK","Serious assault",451.7,"FV"
2020,"YARRIAMBIACK","Serious assault",45.2,"Non-FV"
2020,"YARRIAMBIACK","Common assault",602.3,"FV"
2020,"YARRIAMBIACK","Common assault",165.6,"Non-FV"
2020,"YARRIAMBIACK","Stalking",60.2,"FV"
2020,"YARRIAMBIACK","Stalking",45.2,"Non-FV"
2020,"YARRIAMBIACK","Harassment and private nuisance",30.1,"FV"
2020,"YARRIAMBIACK","Harassment and private nuisance",45.2,"Non-FV"
2020,"YARRIAMBIACK","Threatening behaviour",30.1,"FV"
2020,"YARRIAMBIACK","Threatening behaviour",135.5,"Non-FV"
2020,"PORT PHILLIP","Serious assault",135.7,"FV"
2020,"PORT PHILLIP","Serious assault",196.2,"Non-FV"
2020,"PORT PHILLIP","Common assault",223.4,"FV"
2020,"PORT PHILLIP","Common assault",291.2,"Non-FV"
2020,"PORT PHILLIP","Stalking",17.2,"FV"
2020,"PORT PHILLIP","Stalking",16.3,"Non-FV"
2020,"PORT PHILLIP","Harassment and private nuisance",21.7,"FV"
2020,"PORT PHILLIP","Harassment and private nuisance",28.9,"Non-FV"
2020,"PORT PHILLIP","Threatening behaviour",47.9,"FV"
2020,"PORT PHILLIP","Threatening behaviour",76.9,"Non-FV"
2020,"GREATER SHEPPARTON","Serious assault",426.4,"FV"
2020,"GREATER SHEPPARTON","Serious assault",181.1,"Non-FV"
2020,"GREATER SHEPPARTON","Common assault",222,"FV"
2020,"GREATER SHEPPARTON","Common assault",163.6,"Non-FV"
2020,"GREATER SHEPPARTON","Stalking",32.1,"FV"
2020,"GREATER SHEPPARTON","Stalking",24.8,"Non-FV"
2020,"GREATER SHEPPARTON","Harassment and private nuisance",36.5,"FV"
2020,"GREATER SHEPPARTON","Harassment and private nuisance",16.1,"Non-FV"
2020,"GREATER SHEPPARTON","Threatening behaviour",105.1,"FV"
2020,"GREATER SHEPPARTON","Threatening behaviour",52.6,"Non-FV"
2020,"GLENELG","Serious assault",194.5,"FV"
2020,"GLENELG","Serious assault",114.7,"Non-FV"
2020,"GLENELG","Common assault",299.2,"FV"
2020,"GLENELG","Common assault",104.7,"Non-FV"
2020,"GLENELG","Stalking",29.9,"FV"
2020,"GLENELG","Stalking",5,"Non-FV"
2020,"GLENELG","Harassment and private nuisance",34.9,"FV"
2020,"GLENELG","Threatening behaviour",99.7,"FV"
2020,"GLENELG","Threatening behaviour",59.8,"Non-FV"
2020,"SOUTHERN GRAMPIANS","Serious assault",121.2,"FV"
2020,"SOUTHERN GRAMPIANS","Serious assault",103,"Non-FV"
2020,"SOUTHERN GRAMPIANS","Common assault",236.3,"FV"
2020,"SOUTHERN GRAMPIANS","Common assault",127.2,"Non-FV"
2020,"SOUTHERN GRAMPIANS","Stalking",12.1,"FV"
2020,"SOUTHERN GRAMPIANS","Harassment and private nuisance",18.2,"FV"
2020,"SOUTHERN GRAMPIANS","Harassment and private nuisance",36.4,"Non-FV"
2020,"SOUTHERN GRAMPIANS","Threatening behaviour",72.7,"FV"
2020,"SOUTHERN GRAMPIANS","Threatening behaviour",72.7,"Non-FV"
2020,"STONNINGTON","Serious assault",74.6,"FV"
2020,"STONNINGTON","Serious assault",133.2,"Non-FV"
2020,"STONNINGTON","Common assault",197.1,"FV"
2020,"STONNINGTON","Common assault",230,"Non-FV"
2020,"STONNINGTON","Stalking",16,"FV"
2020,"STONNINGTON","Stalking",21.3,"Non-FV"
2020,"STONNINGTON","Harassment and private nuisance",21.3,"FV"
2020,"STONNINGTON","Harassment and private nuisance",18.6,"Non-FV"
2020,"STONNINGTON","Threatening behaviour",24,"FV"
2020,"STONNINGTON","Threatening behaviour",43.5,"Non-FV"
2020,"COLAC OTWAY","Serious assault",143.7,"FV"
2020,"COLAC OTWAY","Serious assault",152.6,"Non-FV"
2020,"COLAC OTWAY","Common assault",255.9,"FV"
2020,"COLAC OTWAY","Common assault",85.3,"Non-FV"
2020,"COLAC OTWAY","Stalking",18,"FV"
2020,"COLAC OTWAY","Stalking",4.5,"Non-FV"
2020,"COLAC OTWAY","Harassment and private nuisance",53.9,"FV"
2020,"COLAC OTWAY","Harassment and private nuisance",9,"Non-FV"
2020,"COLAC OTWAY","Threatening behaviour",125.7,"FV"
2020,"COLAC OTWAY","Threatening behaviour",67.3,"Non-FV"
2020,"SURF COAST","Serious assault",61.4,"FV"
2020,"SURF COAST","Serious assault",41.9,"Non-FV"
2020,"SURF COAST","Common assault",156.3,"FV"
2020,"SURF COAST","Common assault",75.4,"Non-FV"
2020,"SURF COAST","Stalking",11.2,"FV"
2020,"SURF COAST","Stalking",8.4,"Non-FV"
2020,"SURF COAST","Harassment and private nuisance",5.6,"FV"
2020,"SURF COAST","Harassment and private nuisance",2.8,"Non-FV"
2020,"SURF COAST","Threatening behaviour",36.3,"FV"
2020,"SURF COAST","Threatening behaviour",30.7,"Non-FV"
2020,"BULOKE","Serious assault",130,"FV"
2020,"BULOKE","Serious assault",97.5,"Non-FV"
2020,"BULOKE","Common assault",178.7,"FV"
2020,"BULOKE","Common assault",48.7,"Non-FV"
2020,"BULOKE","Stalking",48.7,"FV"
2020,"BULOKE","Threatening behaviour",16.2,"FV"
2020,"BULOKE","Threatening behaviour",32.5,"Non-FV"
2020,"GANNAWARRA","Serious assault",245.9,"FV"
2020,"GANNAWARRA","Serious assault",113.5,"Non-FV"
2020,"GANNAWARRA","Common assault",255.3,"FV"
2020,"GANNAWARRA","Common assault",122.9,"Non-FV"
2020,"GANNAWARRA","Stalking",56.7,"FV"
2020,"GANNAWARRA","Stalking",9.5,"Non-FV"
2020,"GANNAWARRA","Harassment and private nuisance",47.3,"FV"
2020,"GANNAWARRA","Threatening behaviour",66.2,"FV"
2020,"GANNAWARRA","Threatening behaviour",66.2,"Non-FV"
2020,"SWAN HILL","Serious assault",227.9,"FV"
2020,"SWAN HILL","Serious assault",158.1,"Non-FV"
2020,"SWAN HILL","Common assault",530.3,"FV"
2020,"SWAN HILL","Common assault",200,"Non-FV"
2020,"SWAN HILL","Stalking",41.9,"FV"
2020,"SWAN HILL","Stalking",27.9,"Non-FV"
2020,"SWAN HILL","Harassment and private nuisance",32.6,"FV"
2020,"SWAN HILL","Harassment and private nuisance",46.5,"Non-FV"
2020,"SWAN HILL","Threatening behaviour",162.8,"FV"
2020,"SWAN HILL","Threatening behaviour",88.4,"Non-FV"
2020,"ALPINE","Serious assault",107.2,"FV"
2020,"ALPINE","Serious assault",53.6,"Non-FV"
2020,"ALPINE","Common assault",168.5,"FV"
2020,"ALPINE","Common assault",76.6,"Non-FV"
2020,"ALPINE","Stalking",15.3,"FV"
2020,"ALPINE","Stalking",7.7,"Non-FV"
2020,"ALPINE","Threatening behaviour",15.3,"FV"
2020,"ALPINE","Threatening behaviour",38.3,"Non-FV"
2020,"MOIRA","Serious assault",118.8,"FV"
2020,"MOIRA","Serious assault",112.2,"Non-FV"
2020,"MOIRA","Common assault",207.9,"FV"
2020,"MOIRA","Common assault",112.2,"Non-FV"
2020,"MOIRA","Stalking",26.4,"FV"
2020,"MOIRA","Stalking",36.3,"Non-FV"
2020,"MOIRA","Harassment and private nuisance",36.3,"FV"
2020,"MOIRA","Harassment and private nuisance",9.9,"Non-FV"
2020,"MOIRA","Threatening behaviour",99,"FV"
2020,"MOIRA","Threatening behaviour",56.1,"Non-FV"
2020,"WANGARATTA","Serious assault",155.8,"FV"
2020,"WANGARATTA","Serious assault",115.2,"Non-FV"
2020,"WANGARATTA","Common assault",321.8,"FV"
2020,"WANGARATTA","Common assault",179.6,"Non-FV"
2020,"WANGARATTA","Stalking",40.7,"FV"
2020,"WANGARATTA","Stalking",33.9,"Non-FV"
2020,"WANGARATTA","Harassment and private nuisance",20.3,"FV"
2020,"WANGARATTA","Harassment and private nuisance",30.5,"Non-FV"
2020,"WANGARATTA","Threatening behaviour",64.4,"FV"
2020,"WANGARATTA","Threatening behaviour",54.2,"Non-FV"
2020,"CORANGAMITE","Serious assault",173.8,"FV"
2020,"CORANGAMITE","Serious assault",55.9,"Non-FV"
2020,"CORANGAMITE","Common assault",186.2,"FV"
2020,"CORANGAMITE","Common assault",37.2,"Non-FV"
2020,"CORANGAMITE","Stalking",31,"FV"
2020,"CORANGAMITE","Stalking",6.2,"Non-FV"
2020,"CORANGAMITE","Harassment and private nuisance",18.6,"FV"
2020,"CORANGAMITE","Harassment and private nuisance",24.8,"Non-FV"
2020,"CORANGAMITE","Threatening behaviour",86.9,"FV"
2020,"CORANGAMITE","Threatening behaviour",24.8,"Non-FV"
2020,"MOYNE","Serious assault",152.1,"FV"
2020,"MOYNE","Serious assault",76.1,"Non-FV"
2020,"MOYNE","Common assault",163.8,"FV"
2020,"MOYNE","Common assault",99.5,"Non-FV"
2020,"MOYNE","Stalking",17.6,"FV"
2020,"MOYNE","Stalking",5.9,"Non-FV"
2020,"MOYNE","Harassment and private nuisance",11.7,"FV"
2020,"MOYNE","Harassment and private nuisance",5.9,"Non-FV"
2020,"MOYNE","Threatening behaviour",46.8,"FV"
2020,"MOYNE","Threatening behaviour",52.7,"Non-FV"
2020,"WARRNAMBOOL","Serious assault",223.1,"FV"
2020,"WARRNAMBOOL","Serious assault",155.3,"Non-FV"
2020,"WARRNAMBOOL","Common assault",324.7,"FV"
2020,"WARRNAMBOOL","Common assault",129.9,"Non-FV"
2020,"WARRNAMBOOL","Stalking",50.8,"FV"
2020,"WARRNAMBOOL","Stalking",16.9,"Non-FV"
2020,"WARRNAMBOOL","Harassment and private nuisance",53.6,"FV"
2020,"WARRNAMBOOL","Harassment and private nuisance",19.8,"Non-FV"
2020,"WARRNAMBOOL","Threatening behaviour",110.1,"FV"
2020,"WARRNAMBOOL","Threatening behaviour",149.6,"Non-FV"
2020,"WELLINGTON","Serious assault",199.5,"FV"
2020,"WELLINGTON","Serious assault",164.1,"Non-FV"
2020,"WELLINGTON","Common assault",576.4,"FV"
2020,"WELLINGTON","Common assault",277.1,"Non-FV"
2020,"WELLINGTON","Stalking",62.1,"FV"
2020,"WELLINGTON","Stalking",20,"Non-FV"
2020,"WELLINGTON","Harassment and private nuisance",42.1,"FV"
2020,"WELLINGTON","Harassment and private nuisance",20,"Non-FV"
2020,"WELLINGTON","Threatening behaviour",102,"FV"
2020,"WELLINGTON","Threatening behaviour",95.3,"Non-FV"
2020,"WHITEHORSE","Serious assault",46.9,"FV"
2020,"WHITEHORSE","Serious assault",46.9,"Non-FV"
2020,"WHITEHORSE","Common assault",136.3,"FV"
2020,"WHITEHORSE","Common assault",105.8,"Non-FV"
2020,"WHITEHORSE","Stalking",11.9,"FV"
2020,"WHITEHORSE","Stalking",10.2,"Non-FV"
2020,"WHITEHORSE","Harassment and private nuisance",16.4,"FV"
2020,"WHITEHORSE","Harassment and private nuisance",3.4,"Non-FV"
2020,"WHITEHORSE","Threatening behaviour",22.1,"FV"
2020,"WHITEHORSE","Threatening behaviour",20.9,"Non-FV"
2020,"WHITTLESEA","Serious assault",122.5,"FV"
2020,"WHITTLESEA","Serious assault",90,"Non-FV"
2020,"WHITTLESEA","Common assault",314.2,"FV"
2020,"WHITTLESEA","Common assault",134.2,"Non-FV"
2020,"WHITTLESEA","Stalking",26,"FV"
2020,"WHITTLESEA","Stalking",24.7,"Non-FV"
2020,"WHITTLESEA","Harassment and private nuisance",47.6,"FV"
2020,"WHITTLESEA","Harassment and private nuisance",27.7,"Non-FV"
2020,"WHITTLESEA","Threatening behaviour",85.3,"FV"
2020,"WHITTLESEA","Threatening behaviour",55.8,"Non-FV"
2020,"INDIGO","Serious assault",87.6,"FV"
2020,"INDIGO","Serious assault",46.7,"Non-FV"
2020,"INDIGO","Common assault",151.9,"FV"
2020,"INDIGO","Common assault",29.2,"Non-FV"
2020,"INDIGO","Threatening behaviour",17.5,"FV"
2020,"INDIGO","Threatening behaviour",5.8,"Non-FV"
2020,"TOWONG","Serious assault",113.5,"FV"
2020,"TOWONG","Serious assault",64.8,"Non-FV"
2020,"TOWONG","Common assault",178.3,"FV"
2020,"TOWONG","Common assault",64.8,"Non-FV"
2020,"TOWONG","Stalking",16.2,"FV"
2020,"TOWONG","Harassment and private nuisance",16.2,"FV"
2020,"TOWONG","Harassment and private nuisance",16.2,"Non-FV"
2020,"TOWONG","Threatening behaviour",16.2,"FV"
2020,"TOWONG","Threatening behaviour",32.4,"Non-FV"
2020,"WODONGA","Serious assault",218,"FV"
2020,"WODONGA","Serious assault",93.8,"Non-FV"
2020,"WODONGA","Common assault",229.7,"FV"
2020,"WODONGA","Common assault",145.3,"Non-FV"
2020,"WODONGA","Stalking",25.8,"FV"
2020,"WODONGA","Stalking",7,"Non-FV"
2020,"WODONGA","Harassment and private nuisance",23.4,"FV"
2020,"WODONGA","Harassment and private nuisance",9.4,"Non-FV"
2020,"WODONGA","Threatening behaviour",100.8,"FV"
2020,"WODONGA","Threatening behaviour",46.9,"Non-FV"
2020,"WYNDHAM","Serious assault",121.5,"FV"
2020,"WYNDHAM","Serious assault",83.5,"Non-FV"
2020,"WYNDHAM","Common assault",225.6,"FV"
2020,"WYNDHAM","Common assault",97.5,"Non-FV"
2020,"WYNDHAM","Stalking",12.9,"FV"
2020,"WYNDHAM","Stalking",5.6,"Non-FV"
2020,"WYNDHAM","Harassment and private nuisance",28.2,"FV"
2020,"WYNDHAM","Harassment and private nuisance",7.7,"Non-FV"
2020,"WYNDHAM","Threatening behaviour",55,"FV"
2020,"WYNDHAM","Threatening behaviour",22.6,"Non-FV"
2020,"YARRA","Serious assault",117.9,"FV"
2020,"YARRA","Serious assault",263.8,"Non-FV"
2020,"YARRA","Common assault",187.3,"FV"
2020,"YARRA","Common assault",360,"Non-FV"
2020,"YARRA","Stalking",19.7,"FV"
2020,"YARRA","Stalking",31,"Non-FV"
2020,"YARRA","Harassment and private nuisance",14.5,"FV"
2020,"YARRA","Harassment and private nuisance",25.9,"Non-FV"
2020,"YARRA","Threatening behaviour",45.5,"FV"
2020,"YARRA","Threatening behaviour",78.6,"Non-FV"
2020,"YARRA RANGES","Serious assault",76.2,"FV"
2020,"YARRA RANGES","Serious assault",54.8,"Non-FV"
2020,"YARRA RANGES","Common assault",213.4,"FV"
2020,"YARRA RANGES","Common assault",96.3,"Non-FV"
2020,"YARRA RANGES","Stalking",13.8,"FV"
2020,"YARRA RANGES","Stalking",18.9,"Non-FV"
2020,"YARRA RANGES","Harassment and private nuisance",21.4,"FV"
2020,"YARRA RANGES","Harassment and private nuisance",15.1,"Non-FV"
2020,"YARRA RANGES","Threatening behaviour",51,"FV"
2020,"YARRA RANGES","Threatening behaviour",31.5,"Non-FV"
2019,"BALLARAT","Serious assault",152.1,"FV"
2019,"BALLARAT","Serious assault",147.6,"Non-FV"
2019,"BALLARAT","Common assault",248.7,"FV"
2019,"BALLARAT","Common assault",222.3,"Non-FV"
2019,"BALLARAT","Stalking",12.8,"FV"
2019,"BALLARAT","Stalking",14.6,"Non-FV"
2019,"BALLARAT","Harassment and private nuisance",25.5,"FV"
2019,"BALLARAT","Harassment and private nuisance",19.1,"Non-FV"
2019,"BALLARAT","Threatening behaviour",63.8,"FV"
2019,"BALLARAT","Threatening behaviour",53.7,"Non-FV"
2019,"PYRENEES","Serious assault",134.2,"FV"
2019,"PYRENEES","Serious assault",94,"Non-FV"
2019,"PYRENEES","Common assault",174.5,"FV"
2019,"PYRENEES","Common assault",120.8,"Non-FV"
2019,"PYRENEES","Stalking",26.8,"Non-FV"
2019,"PYRENEES","Harassment and private nuisance",13.4,"FV"
2019,"PYRENEES","Threatening behaviour",53.7,"FV"
2019,"PYRENEES","Threatening behaviour",13.4,"Non-FV"
2019,"BANYULE","Serious assault",75.8,"FV"
2019,"BANYULE","Serious assault",100.3,"Non-FV"
2019,"BANYULE","Common assault",160.8,"FV"
2019,"BANYULE","Common assault",124.8,"Non-FV"
2019,"BANYULE","Stalking",16.8,"FV"
2019,"BANYULE","Stalking",16.8,"Non-FV"
2019,"BANYULE","Harassment and private nuisance",29.1,"FV"
2019,"BANYULE","Harassment and private nuisance",16.1,"Non-FV"
2019,"BANYULE","Threatening behaviour",65.8,"FV"
2019,"BANYULE","Threatening behaviour",64.3,"Non-FV"
2019,"NILLUMBIK","Serious assault",51.2,"FV"
2019,"NILLUMBIK","Serious assault",60.5,"Non-FV"
2019,"NILLUMBIK","Common assault",88.4,"FV"
2019,"NILLUMBIK","Common assault",74.5,"Non-FV"
2019,"NILLUMBIK","Stalking",4.7,"FV"
2019,"NILLUMBIK","Stalking",10.9,"Non-FV"
2019,"NILLUMBIK","Harassment and private nuisance",23.3,"FV"
2019,"NILLUMBIK","Harassment and private nuisance",7.8,"Non-FV"
2019,"NILLUMBIK","Threatening behaviour",31,"FV"
2019,"NILLUMBIK","Threatening behaviour",31,"Non-FV"
2019,"BASS COAST","Serious assault",189.6,"FV"
2019,"BASS COAST","Serious assault",80.1,"Non-FV"
2019,"BASS COAST","Common assault",283.1,"FV"
2019,"BASS COAST","Common assault",154.9,"Non-FV"
2019,"BASS COAST","Stalking",48.1,"FV"
2019,"BASS COAST","Stalking",18.7,"Non-FV"
2019,"BASS COAST","Harassment and private nuisance",53.4,"FV"
2019,"BASS COAST","Harassment and private nuisance",13.4,"Non-FV"
2019,"BASS COAST","Threatening behaviour",125.5,"FV"
2019,"BASS COAST","Threatening behaviour",56.1,"Non-FV"
2019,"SOUTH GIPPSLAND","Serious assault",163.8,"FV"
2019,"SOUTH GIPPSLAND","Serious assault",66.8,"Non-FV"
2019,"SOUTH GIPPSLAND","Common assault",257.3,"FV"
2019,"SOUTH GIPPSLAND","Common assault",50.1,"Non-FV"
2019,"SOUTH GIPPSLAND","Stalking",43.4,"FV"
2019,"SOUTH GIPPSLAND","Stalking",20.1,"Non-FV"
2019,"SOUTH GIPPSLAND","Harassment and private nuisance",33.4,"FV"
2019,"SOUTH GIPPSLAND","Harassment and private nuisance",16.7,"Non-FV"
2019,"SOUTH GIPPSLAND","Threatening behaviour",96.9,"FV"
2019,"SOUTH GIPPSLAND","Threatening behaviour",53.5,"Non-FV"
2019,"BAW BAW","Serious assault",159.1,"FV"
2019,"BAW BAW","Serious assault",125.8,"Non-FV"
2019,"BAW BAW","Common assault",270.1,"FV"
2019,"BAW BAW","Common assault",124,"Non-FV"
2019,"BAW BAW","Stalking",37,"FV"
2019,"BAW BAW","Stalking",24.1,"Non-FV"
2019,"BAW BAW","Harassment and private nuisance",18.5,"FV"
2019,"BAW BAW","Harassment and private nuisance",9.3,"Non-FV"
2019,"BAW BAW","Threatening behaviour",87,"FV"
2019,"BAW BAW","Threatening behaviour",40.7,"Non-FV"
2019,"BENALLA","Serious assault",210.7,"FV"
2019,"BENALLA","Serious assault",161.6,"Non-FV"
2019,"BENALLA","Common assault",477.6,"FV"
2019,"BENALLA","Common assault",295,"Non-FV"
2019,"BENALLA","Stalking",42.1,"FV"
2019,"BENALLA","Harassment and private nuisance",35.1,"FV"
2019,"BENALLA","Threatening behaviour",98.3,"FV"
2019,"BENALLA","Threatening behaviour",28.1,"Non-FV"
2019,"MANSFIELD","Serious assault",10.6,"FV"
2019,"MANSFIELD","Serious assault",127.4,"Non-FV"
2019,"MANSFIELD","Common assault",212.4,"FV"
2019,"MANSFIELD","Common assault",85,"Non-FV"
2019,"MANSFIELD","Stalking",31.9,"FV"
2019,"MANSFIELD","Stalking",42.5,"Non-FV"
2019,"MANSFIELD","Harassment and private nuisance",21.2,"FV"
2019,"MANSFIELD","Harassment and private nuisance",21.2,"Non-FV"
2019,"MANSFIELD","Threatening behaviour",42.5,"FV"
2019,"MANSFIELD","Threatening behaviour",95.6,"Non-FV"
2019,"MURRINDINDI","Serious assault",101.8,"FV"
2019,"MURRINDINDI","Serious assault",61.1,"Non-FV"
2019,"MURRINDINDI","Common assault",237.5,"FV"
2019,"MURRINDINDI","Common assault",183.2,"Non-FV"
2019,"MURRINDINDI","Stalking",27.1,"FV"
2019,"MURRINDINDI","Harassment and private nuisance",27.1,"FV"
2019,"MURRINDINDI","Harassment and private nuisance",6.8,"Non-FV"
2019,"MURRINDINDI","Threatening behaviour",115.4,"FV"
2019,"MURRINDINDI","Threatening behaviour",108.6,"Non-FV"
2019,"GREATER BENDIGO","Serious assault",125.2,"FV"
2019,"GREATER BENDIGO","Serious assault",132.8,"Non-FV"
2019,"GREATER BENDIGO","Common assault",292.7,"FV"
2019,"GREATER BENDIGO","Common assault",195.4,"Non-FV"
2019,"GREATER BENDIGO","Stalking",16.9,"FV"
2019,"GREATER BENDIGO","Stalking",13.5,"Non-FV"
2019,"GREATER BENDIGO","Harassment and private nuisance",15.2,"FV"
2019,"GREATER BENDIGO","Harassment and private nuisance",17.8,"Non-FV"
2019,"GREATER BENDIGO","Threatening behaviour",69.4,"FV"
2019,"GREATER BENDIGO","Threatening behaviour",44,"Non-FV"
2019,"BOROONDARA","Serious assault",36.2,"FV"
2019,"BOROONDARA","Serious assault",24.5,"Non-FV"
2019,"BOROONDARA","Common assault",79.6,"FV"
2019,"BOROONDARA","Common assault",72.4,"Non-FV"
2019,"BOROONDARA","Stalking",6.1,"FV"
2019,"BOROONDARA","Stalking",5,"Non-FV"
2019,"BOROONDARA","Harassment and private nuisance",1.7,"FV"
2019,"BOROONDARA","Harassment and private nuisance",7.2,"Non-FV"
2019,"BOROONDARA","Threatening behaviour",10,"FV"
2019,"BOROONDARA","Threatening behaviour",11.1,"Non-FV"
2019,"BRIMBANK","Serious assault",157.7,"FV"
2019,"BRIMBANK","Serious assault",136.4,"Non-FV"
2019,"BRIMBANK","Common assault",282.4,"FV"
2019,"BRIMBANK","Common assault",170.2,"Non-FV"
2019,"BRIMBANK","Stalking",21.3,"FV"
2019,"BRIMBANK","Stalking",16.4,"Non-FV"
2019,"BRIMBANK","Harassment and private nuisance",32.9,"FV"
2019,"BRIMBANK","Harassment and private nuisance",14,"Non-FV"
2019,"BRIMBANK","Threatening behaviour",100.1,"FV"
2019,"BRIMBANK","Threatening behaviour",58.5,"Non-FV"
2019,"CAMPASPE","Serious assault",146.9,"FV"
2019,"CAMPASPE","Serious assault",146.9,"Non-FV"
2019,"CAMPASPE","Common assault",301.6,"FV"
2019,"CAMPASPE","Common assault",146.9,"Non-FV"
2019,"CAMPASPE","Stalking",18.4,"FV"
2019,"CAMPASPE","Stalking",15.7,"Non-FV"
2019,"CAMPASPE","Harassment and private nuisance",28.9,"FV"
2019,"CAMPASPE","Harassment and private nuisance",31.5,"Non-FV"
2019,"CAMPASPE","Threatening behaviour",73.4,"FV"
2019,"CAMPASPE","Threatening behaviour",47.2,"Non-FV"
2019,"CARDINIA","Serious assault",86.6,"FV"
2019,"CARDINIA","Serious assault",74.1,"Non-FV"
2019,"CARDINIA","Common assault",214.3,"FV"
2019,"CARDINIA","Common assault",112.5,"Non-FV"
2019,"CARDINIA","Stalking",22.3,"FV"
2019,"CARDINIA","Stalking",15.2,"Non-FV"
2019,"CARDINIA","Harassment and private nuisance",26.8,"FV"
2019,"CARDINIA","Harassment and private nuisance",6.2,"Non-FV"
2019,"CARDINIA","Threatening behaviour",46.4,"FV"
2019,"CARDINIA","Threatening behaviour",31.2,"Non-FV"
2019,"CASEY","Serious assault",91.5,"FV"
2019,"CASEY","Serious assault",96,"Non-FV"
2019,"CASEY","Common assault",281,"FV"
2019,"CASEY","Common assault",136.6,"Non-FV"
2019,"CASEY","Stalking",19.3,"FV"
2019,"CASEY","Stalking",11.9,"Non-FV"
2019,"CASEY","Harassment and private nuisance",22.4,"FV"
2019,"CASEY","Harassment and private nuisance",8.8,"Non-FV"
2019,"CASEY","Threatening behaviour",69.6,"FV"
2019,"CASEY","Threatening behaviour",41.5,"Non-FV"
2019,"CENTRAL GOLDFIELDS","Serious assault",284.7,"FV"
2019,"CENTRAL GOLDFIELDS","Serious assault",112.4,"Non-FV"
2019,"CENTRAL GOLDFIELDS","Common assault",382.1,"FV"
2019,"CENTRAL GOLDFIELDS","Common assault",247.2,"Non-FV"
2019,"CENTRAL GOLDFIELDS","Stalking",30,"FV"
2019,"CENTRAL GOLDFIELDS","Harassment and private nuisance",82.4,"FV"
2019,"CENTRAL GOLDFIELDS","Harassment and private nuisance",37.5,"Non-FV"
2019,"CENTRAL GOLDFIELDS","Threatening behaviour",142.3,"FV"
2019,"CENTRAL GOLDFIELDS","Threatening behaviour",89.9,"Non-FV"
2019,"LODDON","Serious assault",78.6,"FV"
2019,"LODDON","Serious assault",91.8,"Non-FV"
2019,"LODDON","Common assault",209.7,"FV"
2019,"LODDON","Common assault",104.9,"Non-FV"
2019,"LODDON","Stalking",13.1,"FV"
2019,"LODDON","Harassment and private nuisance",65.5,"FV"
2019,"LODDON","Harassment and private nuisance",13.1,"Non-FV"
2019,"LODDON","Threatening behaviour",65.5,"FV"
2019,"MOUNT ALEXANDER","Serious assault",81.2,"FV"
2019,"MOUNT ALEXANDER","Serious assault",50.8,"Non-FV"
2019,"MOUNT ALEXANDER","Common assault",187.9,"FV"
2019,"MOUNT ALEXANDER","Common assault",96.5,"Non-FV"
2019,"MOUNT ALEXANDER","Stalking",20.3,"FV"
2019,"MOUNT ALEXANDER","Stalking",10.2,"Non-FV"
2019,"MOUNT ALEXANDER","Harassment and private nuisance",35.5,"FV"
2019,"MOUNT ALEXANDER","Harassment and private nuisance",20.3,"Non-FV"
2019,"MOUNT ALEXANDER","Threatening behaviour",50.8,"FV"
2019,"MOUNT ALEXANDER","Threatening behaviour",81.2,"Non-FV"
2019,"DAREBIN","Serious assault",94.7,"FV"
2019,"DAREBIN","Serious assault",134.1,"Non-FV"
2019,"DAREBIN","Common assault",128.4,"FV"
2019,"DAREBIN","Common assault",142.4,"Non-FV"
2019,"DAREBIN","Stalking",19.1,"FV"
2019,"DAREBIN","Stalking",19.7,"Non-FV"
2019,"DAREBIN","Harassment and private nuisance",21,"FV"
2019,"DAREBIN","Harassment and private nuisance",14,"Non-FV"
2019,"DAREBIN","Threatening behaviour",43.9,"FV"
2019,"DAREBIN","Threatening behaviour",54,"Non-FV"
2019,"EAST GIPPSLAND","Serious assault",354,"FV"
2019,"EAST GIPPSLAND","Serious assault",238.1,"Non-FV"
2019,"EAST GIPPSLAND","Common assault",522.5,"FV"
2019,"EAST GIPPSLAND","Common assault",252.8,"Non-FV"
2019,"EAST GIPPSLAND","Stalking",48.5,"FV"
2019,"EAST GIPPSLAND","Stalking",29.5,"Non-FV"
2019,"EAST GIPPSLAND","Harassment and private nuisance",42.1,"FV"
2019,"EAST GIPPSLAND","Harassment and private nuisance",21.1,"Non-FV"
2019,"EAST GIPPSLAND","Threatening behaviour",158,"FV"
2019,"EAST GIPPSLAND","Threatening behaviour",99,"Non-FV"
2019,"FRANKSTON","Serious assault",128.9,"FV"
2019,"FRANKSTON","Serious assault",142.3,"Non-FV"
2019,"FRANKSTON","Common assault",300.1,"FV"
2019,"FRANKSTON","Common assault",203.6,"Non-FV"
2019,"FRANKSTON","Stalking",22.5,"FV"
2019,"FRANKSTON","Stalking",7.7,"Non-FV"
2019,"FRANKSTON","Harassment and private nuisance",21.1,"FV"
2019,"FRANKSTON","Harassment and private nuisance",13.4,"Non-FV"
2019,"FRANKSTON","Threatening behaviour",57.8,"FV"
2019,"FRANKSTON","Threatening behaviour",42.3,"Non-FV"
2019,"GREATER GEELONG","Serious assault",153,"FV"
2019,"GREATER GEELONG","Serious assault",157.6,"Non-FV"
2019,"GREATER GEELONG","Common assault",201.4,"FV"
2019,"GREATER GEELONG","Common assault",146.1,"Non-FV"
2019,"GREATER GEELONG","Stalking",18.8,"FV"
2019,"GREATER GEELONG","Stalking",11.1,"Non-FV"
2019,"GREATER GEELONG","Harassment and private nuisance",19.2,"FV"
2019,"GREATER GEELONG","Harassment and private nuisance",12.3,"Non-FV"
2019,"GREATER GEELONG","Threatening behaviour",75.7,"FV"
2019,"GREATER GEELONG","Threatening behaviour",78.4,"Non-FV"
2019,"QUEENSCLIFFE","Serious assault",33.6,"Non-FV"
2019,"QUEENSCLIFFE","Common assault",33.6,"FV"
2019,"QUEENSCLIFFE","Common assault",67.3,"Non-FV"
2019,"QUEENSCLIFFE","Stalking",33.6,"Non-FV"
2019,"QUEENSCLIFFE","Harassment and private nuisance",33.6,"FV"
2019,"QUEENSCLIFFE","Threatening behaviour",67.3,"Non-FV"
2019,"BAYSIDE","Serious assault",36.1,"FV"
2019,"BAYSIDE","Serious assault",40,"Non-FV"
2019,"BAYSIDE","Common assault",126.5,"FV"
2019,"BAYSIDE","Common assault",84.7,"Non-FV"
2019,"BAYSIDE","Stalking",10.5,"FV"
2019,"BAYSIDE","Stalking",7.6,"Non-FV"
2019,"BAYSIDE","Harassment and private nuisance",12.4,"FV"
2019,"BAYSIDE","Harassment and private nuisance",5.7,"Non-FV"
2019,"BAYSIDE","Threatening behaviour",12.4,"FV"
2019,"BAYSIDE","Threatening behaviour",13.3,"Non-FV"
2019,"GLEN EIRA","Serious assault",32.5,"FV"
2019,"GLEN EIRA","Serious assault",49.4,"Non-FV"
2019,"GLEN EIRA","Common assault",138.4,"FV"
2019,"GLEN EIRA","Common assault",104.6,"Non-FV"
2019,"GLEN EIRA","Stalking",15.6,"FV"
2019,"GLEN EIRA","Stalking",11,"Non-FV"
2019,"GLEN EIRA","Harassment and private nuisance",11.7,"FV"
2019,"GLEN EIRA","Harassment and private nuisance",12.3,"Non-FV"
2019,"GLEN EIRA","Threatening behaviour",18.2,"FV"
2019,"GLEN EIRA","Threatening behaviour",23.4,"Non-FV"
2019,"GREATER DANDENONG","Serious assault",102.2,"FV"
2019,"GREATER DANDENONG","Serious assault",187,"Non-FV"
2019,"GREATER DANDENONG","Common assault",333.7,"FV"
2019,"GREATER DANDENONG","Common assault",315.7,"Non-FV"
2019,"GREATER DANDENONG","Stalking",25.3,"FV"
2019,"GREATER DANDENONG","Stalking",19.2,"Non-FV"
2019,"GREATER DANDENONG","Harassment and private nuisance",22.2,"FV"
2019,"GREATER DANDENONG","Harassment and private nuisance",13.2,"Non-FV"
2019,"GREATER DANDENONG","Threatening behaviour",92.6,"FV"
2019,"GREATER DANDENONG","Threatening behaviour",67.3,"Non-FV"
2019,"HOBSONS BAY","Serious assault",122.1,"FV"
2019,"HOBSONS BAY","Serious assault",113.8,"Non-FV"
2019,"HOBSONS BAY","Common assault",183.7,"FV"
2019,"HOBSONS BAY","Common assault",128.4,"Non-FV"
2019,"HOBSONS BAY","Stalking",19.8,"FV"
2019,"HOBSONS BAY","Stalking",12.5,"Non-FV"
2019,"HOBSONS BAY","Harassment and private nuisance",29.2,"FV"
2019,"HOBSONS BAY","Harassment and private nuisance",9.4,"Non-FV"
2019,"HOBSONS BAY","Threatening behaviour",63.7,"FV"
2019,"HOBSONS BAY","Threatening behaviour",38.6,"Non-FV"
2019,"HINDMARSH","Serious assault",52.9,"FV"
2019,"HINDMARSH","Serious assault",141.1,"Non-FV"
2019,"HINDMARSH","Common assault",458.7,"FV"
2019,"HINDMARSH","Common assault",123.5,"Non-FV"
2019,"HINDMARSH","Stalking",52.9,"Non-FV"
2019,"HINDMARSH","Harassment and private nuisance",17.6,"Non-FV"
2019,"HINDMARSH","Threatening behaviour",52.9,"FV"
2019,"HINDMARSH","Threatening behaviour",35.3,"Non-FV"
2019,"HORSHAM","Serious assault",262.4,"FV"
2019,"HORSHAM","Serious assault",212.9,"Non-FV"
2019,"HORSHAM","Common assault",351.5,"FV"
2019,"HORSHAM","Common assault",227.7,"Non-FV"
2019,"HORSHAM","Stalking",39.6,"FV"
2019,"HORSHAM","Stalking",29.7,"Non-FV"
2019,"HORSHAM","Harassment and private nuisance",44.6,"FV"
2019,"HORSHAM","Harassment and private nuisance",14.9,"Non-FV"
2019,"HORSHAM","Threatening behaviour",79.2,"FV"
2019,"HORSHAM","Threatening behaviour",133.7,"Non-FV"
2019,"WEST WIMMERA","Serious assault",125.7,"FV"
2019,"WEST WIMMERA","Serious assault",75.4,"Non-FV"
2019,"WEST WIMMERA","Common assault",175.9,"FV"
2019,"WEST WIMMERA","Common assault",150.8,"Non-FV"
2019,"WEST WIMMERA","Stalking",25.1,"FV"
2019,"WEST WIMMERA","Stalking",25.1,"Non-FV"
2019,"WEST WIMMERA","Harassment and private nuisance",25.1,"FV"
2019,"WEST WIMMERA","Threatening behaviour",50.3,"FV"
2019,"HUME","Serious assault",147,"FV"
2019,"HUME","Serious assault",112.2,"Non-FV"
2019,"HUME","Common assault",331.4,"FV"
2019,"HUME","Common assault",165.7,"Non-FV"
2019,"HUME","Stalking",29.7,"FV"
2019,"HUME","Stalking",16.1,"Non-FV"
2019,"HUME","Harassment and private nuisance",45.9,"FV"
2019,"HUME","Harassment and private nuisance",16.6,"Non-FV"
2019,"HUME","Threatening behaviour",116.8,"FV"
2019,"HUME","Threatening behaviour",54.4,"Non-FV"
2019,"KINGSTON","Serious assault",69.9,"FV"
2019,"KINGSTON","Serious assault",82.7,"Non-FV"
2019,"KINGSTON","Common assault",196.7,"FV"
2019,"KINGSTON","Common assault",152,"Non-FV"
2019,"KINGSTON","Stalking",15.3,"FV"
2019,"KINGSTON","Stalking",22.7,"Non-FV"
2019,"KINGSTON","Harassment and private nuisance",13.5,"FV"
2019,"KINGSTON","Harassment and private nuisance",18.4,"Non-FV"
2019,"KINGSTON","Threatening behaviour",46,"FV"
2019,"KINGSTON","Threatening behaviour",34.9,"Non-FV"
2019,"KNOX","Serious assault",72.9,"FV"
2019,"KNOX","Serious assault",72.3,"Non-FV"
2019,"KNOX","Common assault",239.4,"FV"
2019,"KNOX","Common assault",128.6,"Non-FV"
2019,"KNOX","Stalking",12.9,"FV"
2019,"KNOX","Stalking",12.2,"Non-FV"
2019,"KNOX","Harassment and private nuisance",16.5,"FV"
2019,"KNOX","Harassment and private nuisance",12.9,"Non-FV"
2019,"KNOX","Threatening behaviour",39.2,"FV"
2019,"KNOX","Threatening behaviour",32.5,"Non-FV"
2019,"LATROBE","Serious assault",476.9,"FV"
2019,"LATROBE","Serious assault",383.6,"Non-FV"
2019,"LATROBE","Common assault",596.4,"FV"
2019,"LATROBE","Common assault",323.2,"Non-FV"
2019,"LATROBE","Stalking",81.4,"FV"
2019,"LATROBE","Stalking",39.4,"Non-FV"
2019,"LATROBE","Harassment and private nuisance",86.7,"FV"
2019,"LATROBE","Harassment and private nuisance",73.6,"Non-FV"
2019,"LATROBE","Threatening behaviour",207.6,"FV"
2019,"LATROBE","Threatening behaviour",166.8,"Non-FV"
2019,"MACEDON RANGES","Serious assault",67.8,"FV"
2019,"MACEDON RANGES","Serious assault",51.8,"Non-FV"
2019,"MACEDON RANGES","Common assault",99.7,"FV"
2019,"MACEDON RANGES","Common assault",63.8,"Non-FV"
2019,"MACEDON RANGES","Stalking",12,"FV"
2019,"MACEDON RANGES","Stalking",10,"Non-FV"
2019,"MACEDON RANGES","Harassment and private nuisance",14,"FV"
2019,"MACEDON RANGES","Harassment and private nuisance",21.9,"Non-FV"
2019,"MACEDON RANGES","Threatening behaviour",39.9,"FV"
2019,"MACEDON RANGES","Threatening behaviour",17.9,"Non-FV"
2019,"MANNINGHAM","Serious assault",36.3,"FV"
2019,"MANNINGHAM","Serious assault",38.6,"Non-FV"
2019,"MANNINGHAM","Common assault",108,"FV"
2019,"MANNINGHAM","Common assault",67,"Non-FV"
2019,"MANNINGHAM","Stalking",8.7,"FV"
2019,"MANNINGHAM","Stalking",7.9,"Non-FV"
2019,"MANNINGHAM","Harassment and private nuisance",8.7,"FV"
2019,"MANNINGHAM","Harassment and private nuisance",7.1,"Non-FV"
2019,"MANNINGHAM","Threatening behaviour",21.3,"FV"
2019,"MANNINGHAM","Threatening behaviour",22.9,"Non-FV"
2019,"MARIBYRNONG","Serious assault",99.5,"FV"
2019,"MARIBYRNONG","Serious assault",165.4,"Non-FV"
2019,"MARIBYRNONG","Common assault",161,"FV"
2019,"MARIBYRNONG","Common assault",220.2,"Non-FV"
2019,"MARIBYRNONG","Stalking",7.8,"FV"
2019,"MARIBYRNONG","Stalking",16.8,"Non-FV"
2019,"MARIBYRNONG","Harassment and private nuisance",14.5,"FV"
2019,"MARIBYRNONG","Harassment and private nuisance",12.3,"Non-FV"
2019,"MARIBYRNONG","Threatening behaviour",21.2,"FV"
2019,"MARIBYRNONG","Threatening behaviour",61.5,"Non-FV"
2019,"MAROONDAH","Serious assault",72.9,"FV"
2019,"MAROONDAH","Serious assault",101.7,"Non-FV"
2019,"MAROONDAH","Common assault",239.1,"FV"
2019,"MAROONDAH","Common assault",178.9,"Non-FV"
2019,"MAROONDAH","Stalking",11.9,"FV"
2019,"MAROONDAH","Stalking",28,"Non-FV"
2019,"MAROONDAH","Harassment and private nuisance",17,"FV"
2019,"MAROONDAH","Harassment and private nuisance",7.6,"Non-FV"
2019,"MAROONDAH","Threatening behaviour",35.6,"FV"
2019,"MAROONDAH","Threatening behaviour",49.2,"Non-FV"
2019,"MELBOURNE","Serious assault",155.1,"FV"
2019,"MELBOURNE","Serious assault",484.8,"Non-FV"
2019,"MELBOURNE","Common assault",220.8,"FV"
2019,"MELBOURNE","Common assault",669.4,"Non-FV"
2019,"MELBOURNE","Stalking",22.5,"FV"
2019,"MELBOURNE","Stalking",26,"Non-FV"
2019,"MELBOURNE","Harassment and private nuisance",20.1,"FV"
2019,"MELBOURNE","Harassment and private nuisance",26.6,"Non-FV"
2019,"MELBOURNE","Threatening behaviour",52.7,"FV"
2019,"MELBOURNE","Threatening behaviour",86.4,"Non-FV"
2019,"MELTON","Serious assault",154,"FV"
2019,"MELTON","Serious assault",107.5,"Non-FV"
2019,"MELTON","Common assault",223.5,"FV"
2019,"MELTON","Common assault",101.5,"Non-FV"
2019,"MELTON","Stalking",27.2,"FV"
2019,"MELTON","Stalking",7.9,"Non-FV"
2019,"MELTON","Harassment and private nuisance",60.4,"FV"
2019,"MELTON","Harassment and private nuisance",10.9,"Non-FV"
2019,"MELTON","Threatening behaviour",86.4,"FV"
2019,"MELTON","Threatening behaviour",42.3,"Non-FV"
2019,"MERRI-BEK","Serious assault",124.9,"FV"
2019,"MERRI-BEK","Serious assault",98.1,"Non-FV"
2019,"MERRI-BEK","Common assault",199.6,"FV"
2019,"MERRI-BEK","Common assault",152.8,"Non-FV"
2019,"MERRI-BEK","Stalking",32.3,"FV"
2019,"MERRI-BEK","Stalking",17.8,"Non-FV"
2019,"MERRI-BEK","Harassment and private nuisance",75.3,"FV"
2019,"MERRI-BEK","Harassment and private nuisance",25.7,"Non-FV"
2019,"MERRI-BEK","Threatening behaviour",60.2,"FV"
2019,"MERRI-BEK","Threatening behaviour",46.3,"Non-FV"
2019,"MILDURA","Serious assault",357.6,"FV"
2019,"MILDURA","Serious assault",264.3,"Non-FV"
2019,"MILDURA","Common assault",521.5,"FV"
2019,"MILDURA","Common assault",324.1,"Non-FV"
2019,"MILDURA","Stalking",42.3,"FV"
2019,"MILDURA","Stalking",51.1,"Non-FV"
2019,"MILDURA","Harassment and private nuisance",56.4,"FV"
2019,"MILDURA","Harassment and private nuisance",42.3,"Non-FV"
2019,"MILDURA","Threatening behaviour",160.3,"FV"
2019,"MILDURA","Threatening behaviour",112.7,"Non-FV"
2019,"MITCHELL","Serious assault",248,"FV"
2019,"MITCHELL","Serious assault",189.8,"Non-FV"
2019,"MITCHELL","Common assault",405.4,"FV"
2019,"MITCHELL","Common assault",239.4,"Non-FV"
2019,"MITCHELL","Stalking",51.8,"FV"
2019,"MITCHELL","Stalking",28,"Non-FV"
2019,"MITCHELL","Harassment and private nuisance",161.7,"FV"
2019,"MITCHELL","Harassment and private nuisance",36.7,"Non-FV"
2019,"MITCHELL","Threatening behaviour",159.6,"FV"
2019,"MITCHELL","Threatening behaviour",122.9,"Non-FV"
2019,"STRATHBOGIE","Serious assault",100.9,"FV"
2019,"STRATHBOGIE","Serious assault",82.5,"Non-FV"
2019,"STRATHBOGIE","Common assault",320.9,"FV"
2019,"STRATHBOGIE","Common assault",128.4,"Non-FV"
2019,"STRATHBOGIE","Stalking",18.3,"Non-FV"
2019,"STRATHBOGIE","Harassment and private nuisance",45.8,"FV"
2019,"STRATHBOGIE","Threatening behaviour",55,"FV"
2019,"STRATHBOGIE","Threatening behaviour",45.8,"Non-FV"
2019,"MONASH","Serious assault",57.1,"FV"
2019,"MONASH","Serious assault",66.1,"Non-FV"
2019,"MONASH","Common assault",139.2,"FV"
2019,"MONASH","Common assault",120.1,"Non-FV"
2019,"MONASH","Stalking",6.5,"FV"
2019,"MONASH","Stalking",10.5,"Non-FV"
2019,"MONASH","Harassment and private nuisance",17.5,"FV"
2019,"MONASH","Harassment and private nuisance",10,"Non-FV"
2019,"MONASH","Threatening behaviour",30,"FV"
2019,"MONASH","Threatening behaviour",31,"Non-FV"
2019,"MOONEE VALLEY","Serious assault",76.7,"FV"
2019,"MOONEE VALLEY","Serious assault",83.9,"Non-FV"
2019,"MOONEE VALLEY","Common assault",139.2,"FV"
2019,"MOONEE VALLEY","Common assault",113.9,"Non-FV"
2019,"MOONEE VALLEY","Stalking",19,"FV"
2019,"MOONEE VALLEY","Stalking",11.1,"Non-FV"
2019,"MOONEE VALLEY","Harassment and private nuisance",46.7,"FV"
2019,"MOONEE VALLEY","Harassment and private nuisance",4,"Non-FV"
2019,"MOONEE VALLEY","Threatening behaviour",41.9,"FV"
2019,"MOONEE VALLEY","Threatening behaviour",33.2,"Non-FV"
2019,"GOLDEN PLAINS","Serious assault",63,"FV"
2019,"GOLDEN PLAINS","Serious assault",33.6,"Non-FV"
2019,"GOLDEN PLAINS","Common assault",117.6,"FV"
2019,"GOLDEN PLAINS","Common assault",16.8,"Non-FV"
2019,"GOLDEN PLAINS","Stalking",4.2,"FV"
2019,"GOLDEN PLAINS","Stalking",4.2,"Non-FV"
2019,"GOLDEN PLAINS","Harassment and private nuisance",25.2,"FV"
2019,"GOLDEN PLAINS","Harassment and private nuisance",4.2,"Non-FV"
2019,"GOLDEN PLAINS","Threatening behaviour",21,"FV"
2019,"GOLDEN PLAINS","Threatening behaviour",4.2,"Non-FV"
2019,"HEPBURN","Serious assault",55.9,"FV"
2019,"HEPBURN","Serious assault",86.9,"Non-FV"
2019,"HEPBURN","Common assault",236,"FV"
2019,"HEPBURN","Common assault",93.1,"Non-FV"
2019,"HEPBURN","Stalking",24.8,"FV"
2019,"HEPBURN","Stalking",6.2,"Non-FV"
2019,"HEPBURN","Harassment and private nuisance",6.2,"FV"
2019,"HEPBURN","Harassment and private nuisance",12.4,"Non-FV"
2019,"HEPBURN","Threatening behaviour",74.5,"FV"
2019,"HEPBURN","Threatening behaviour",18.6,"Non-FV"
2019,"MOORABOOL","Serious assault",100.6,"FV"
2019,"MOORABOOL","Serious assault",69.8,"Non-FV"
2019,"MOORABOOL","Common assault",268.2,"FV"
2019,"MOORABOOL","Common assault",86.6,"Non-FV"
2019,"MOORABOOL","Stalking",14,"FV"
2019,"MOORABOOL","Stalking",5.6,"Non-FV"
2019,"MOORABOOL","Harassment and private nuisance",33.5,"FV"
2019,"MOORABOOL","Harassment and private nuisance",2.8,"Non-FV"
2019,"MOORABOOL","Threatening behaviour",89.4,"FV"
2019,"MOORABOOL","Threatening behaviour",33.5,"Non-FV"
2019,"MORNINGTON PENINSULA","Serious assault",99.1,"FV"
2019,"MORNINGTON PENINSULA","Serious assault",90.2,"Non-FV"
2019,"MORNINGTON PENINSULA","Common assault",179.1,"FV"
2019,"MORNINGTON PENINSULA","Common assault",97.9,"Non-FV"
2019,"MORNINGTON PENINSULA","Stalking",20.8,"FV"
2019,"MORNINGTON PENINSULA","Stalking",11.9,"Non-FV"
2019,"MORNINGTON PENINSULA","Harassment and private nuisance",23.1,"FV"
2019,"MORNINGTON PENINSULA","Harassment and private nuisance",14.8,"Non-FV"
2019,"MORNINGTON PENINSULA","Threatening behaviour",37.4,"FV"
2019,"MORNINGTON PENINSULA","Threatening behaviour",26.1,"Non-FV"
2019,"ARARAT","Serious assault",295.7,"FV"
2019,"ARARAT","Serious assault",245,"Non-FV"
2019,"ARARAT","Common assault",388.6,"FV"
2019,"ARARAT","Common assault",202.7,"Non-FV"
2019,"ARARAT","Stalking",8.4,"FV"
2019,"ARARAT","Stalking",42.2,"Non-FV"
2019,"ARARAT","Harassment and private nuisance",42.2,"FV"
2019,"ARARAT","Harassment and private nuisance",33.8,"Non-FV"
2019,"ARARAT","Threatening behaviour",160.5,"FV"
2019,"ARARAT","Threatening behaviour",67.6,"Non-FV"
2019,"NORTHERN GRAMPIANS","Serious assault",179.4,"FV"
2019,"NORTHERN GRAMPIANS","Serious assault",256.3,"Non-FV"
2019,"NORTHERN GRAMPIANS","Common assault",469.8,"FV"
2019,"NORTHERN GRAMPIANS","Common assault",281.9,"Non-FV"
2019,"NORTHERN GRAMPIANS","Stalking",59.8,"FV"
2019,"NORTHERN GRAMPIANS","Stalking",59.8,"Non-FV"
2019,"NORTHERN GRAMPIANS","Harassment and private nuisance",59.8,"FV"
2019,"NORTHERN GRAMPIANS","Harassment and private nuisance",8.5,"Non-FV"
2019,"NORTHERN GRAMPIANS","Threatening behaviour",102.5,"FV"
2019,"NORTHERN GRAMPIANS","Threatening behaviour",59.8,"Non-FV"
2019,"YARRIAMBIACK","Serious assault",239.7,"FV"
2019,"YARRIAMBIACK","Serious assault",239.7,"Non-FV"
2019,"YARRIAMBIACK","Common assault",389.5,"FV"
2019,"YARRIAMBIACK","Common assault",194.8,"Non-FV"
2019,"YARRIAMBIACK","Stalking",30,"FV"
2019,"YARRIAMBIACK","Stalking",15,"Non-FV"
2019,"YARRIAMBIACK","Harassment and private nuisance",15,"FV"
2019,"YARRIAMBIACK","Threatening behaviour",89.9,"FV"
2019,"YARRIAMBIACK","Threatening behaviour",44.9,"Non-FV"
2019,"PORT PHILLIP","Serious assault",125.2,"FV"
2019,"PORT PHILLIP","Serious assault",210.2,"Non-FV"
2019,"PORT PHILLIP","Common assault",206.7,"FV"
2019,"PORT PHILLIP","Common assault",296.1,"Non-FV"
2019,"PORT PHILLIP","Stalking",30.4,"FV"
2019,"PORT PHILLIP","Stalking",25,"Non-FV"
2019,"PORT PHILLIP","Harassment and private nuisance",18.8,"FV"
2019,"PORT PHILLIP","Harassment and private nuisance",17,"Non-FV"
2019,"PORT PHILLIP","Threatening behaviour",34,"FV"
2019,"PORT PHILLIP","Threatening behaviour",67.1,"Non-FV"
2019,"GREATER SHEPPARTON","Serious assault",367.6,"FV"
2019,"GREATER SHEPPARTON","Serious assault",197.8,"Non-FV"
2019,"GREATER SHEPPARTON","Common assault",253.9,"FV"
2019,"GREATER SHEPPARTON","Common assault",234.7,"Non-FV"
2019,"GREATER SHEPPARTON","Stalking",35.4,"FV"
2019,"GREATER SHEPPARTON","Stalking",16.2,"Non-FV"
2019,"GREATER SHEPPARTON","Harassment and private nuisance",28.1,"FV"
2019,"GREATER SHEPPARTON","Harassment and private nuisance",7.4,"Non-FV"
2019,"GREATER SHEPPARTON","Threatening behaviour",137.3,"FV"
2019,"GREATER SHEPPARTON","Threatening behaviour",54.6,"Non-FV"
2019,"GLENELG","Serious assault",180.1,"FV"
2019,"GLENELG","Serious assault",55,"Non-FV"
2019,"GLENELG","Common assault",215.1,"FV"
2019,"GLENELG","Common assault",150.1,"Non-FV"
2019,"GLENELG","Harassment and private nuisance",20,"FV"
2019,"GLENELG","Harassment and private nuisance",25,"Non-FV"
2019,"GLENELG","Threatening behaviour",50,"FV"
2019,"GLENELG","Threatening behaviour",20,"Non-FV"
2019,"SOUTHERN GRAMPIANS","Serious assault",195.4,"FV"
2019,"SOUTHERN GRAMPIANS","Serious assault",116,"Non-FV"
2019,"SOUTHERN GRAMPIANS","Common assault",207.6,"FV"
2019,"SOUTHERN GRAMPIANS","Common assault",146.5,"Non-FV"
2019,"SOUTHERN GRAMPIANS","Stalking",30.5,"FV"
2019,"SOUTHERN GRAMPIANS","Stalking",18.3,"Non-FV"
2019,"SOUTHERN GRAMPIANS","Harassment and private nuisance",36.6,"FV"
2019,"SOUTHERN GRAMPIANS","Harassment and private nuisance",55,"Non-FV"
2019,"SOUTHERN GRAMPIANS","Threatening behaviour",109.9,"FV"
2019,"SOUTHERN GRAMPIANS","Threatening behaviour",146.5,"Non-FV"
2019,"STONNINGTON","Serious assault",78.2,"FV"
2019,"STONNINGTON","Serious assault",164.3,"Non-FV"
2019,"STONNINGTON","Common assault",183.7,"FV"
2019,"STONNINGTON","Common assault",244.3,"Non-FV"
2019,"STONNINGTON","Stalking",17.6,"FV"
2019,"STONNINGTON","Stalking",14.9,"Non-FV"
2019,"STONNINGTON","Harassment and private nuisance",9.7,"FV"
2019,"STONNINGTON","Harassment and private nuisance",15.8,"Non-FV"
2019,"STONNINGTON","Threatening behaviour",22,"FV"
2019,"STONNINGTON","Threatening behaviour",38.7,"Non-FV"
2019,"COLAC OTWAY","Serious assault",195.1,"FV"
2019,"COLAC OTWAY","Serious assault",167.9,"Non-FV"
2019,"COLAC OTWAY","Common assault",285.9,"FV"
2019,"COLAC OTWAY","Common assault",213.3,"Non-FV"
2019,"COLAC OTWAY","Stalking",18.2,"FV"
2019,"COLAC OTWAY","Stalking",54.5,"Non-FV"
2019,"COLAC OTWAY","Harassment and private nuisance",18.2,"FV"
2019,"COLAC OTWAY","Harassment and private nuisance",27.2,"Non-FV"
2019,"COLAC OTWAY","Threatening behaviour",54.5,"FV"
2019,"COLAC OTWAY","Threatening behaviour",104.4,"Non-FV"
2019,"SURF COAST","Serious assault",73.1,"FV"
2019,"SURF COAST","Serious assault",43.8,"Non-FV"
2019,"SURF COAST","Common assault",116.9,"FV"
2019,"SURF COAST","Common assault",87.7,"Non-FV"
2019,"SURF COAST","Stalking",26.3,"FV"
2019,"SURF COAST","Stalking",26.3,"Non-FV"
2019,"SURF COAST","Harassment and private nuisance",2.9,"Non-FV"
2019,"SURF COAST","Threatening behaviour",14.6,"FV"
2019,"SURF COAST","Threatening behaviour",11.7,"Non-FV"
2019,"BULOKE","Serious assault",48.7,"FV"
2019,"BULOKE","Serious assault",48.7,"Non-FV"
2019,"BULOKE","Common assault",129.7,"FV"
2019,"BULOKE","Common assault",48.7,"Non-FV"
2019,"BULOKE","Threatening behaviour",48.7,"FV"
2019,"BULOKE","Threatening behaviour",81.1,"Non-FV"
2019,"GANNAWARRA","Serious assault",161,"FV"
2019,"GANNAWARRA","Serious assault",123.1,"Non-FV"
2019,"GANNAWARRA","Common assault",369.2,"FV"
2019,"GANNAWARRA","Common assault",132.6,"Non-FV"
2019,"GANNAWARRA","Stalking",66.3,"FV"
2019,"GANNAWARRA","Stalking",9.5,"Non-FV"
2019,"GANNAWARRA","Harassment and private nuisance",47.3,"FV"
2019,"GANNAWARRA","Harassment and private nuisance",37.9,"Non-FV"
2019,"GANNAWARRA","Threatening behaviour",94.7,"FV"
2019,"GANNAWARRA","Threatening behaviour",28.4,"Non-FV"
2019,"SWAN HILL","Serious assault",266.3,"FV"
2019,"SWAN HILL","Serious assault",172.8,"Non-FV"
2019,"SWAN HILL","Common assault",457.8,"FV"
2019,"SWAN HILL","Common assault",191.5,"Non-FV"
2019,"SWAN HILL","Stalking",46.7,"FV"
2019,"SWAN HILL","Stalking",14,"Non-FV"
2019,"SWAN HILL","Harassment and private nuisance",70.1,"FV"
2019,"SWAN HILL","Harassment and private nuisance",32.7,"Non-FV"
2019,"SWAN HILL","Threatening behaviour",130.8,"FV"
2019,"SWAN HILL","Threatening behaviour",98.1,"Non-FV"
2019,"ALPINE","Serious assault",124,"FV"
2019,"ALPINE","Serious assault",46.5,"Non-FV"
2019,"ALPINE","Common assault",139.5,"FV"
2019,"ALPINE","Common assault",124,"Non-FV"
2019,"ALPINE","Stalking",7.7,"FV"
2019,"ALPINE","Stalking",23.2,"Non-FV"
2019,"ALPINE","Harassment and private nuisance",7.7,"FV"
2019,"ALPINE","Harassment and private nuisance",7.7,"Non-FV"
2019,"ALPINE","Threatening behaviour",77.5,"FV"
2019,"ALPINE","Threatening behaviour",69.7,"Non-FV"
2019,"MOIRA","Serious assault",179.4,"FV"
2019,"MOIRA","Serious assault",149.5,"Non-FV"
2019,"MOIRA","Common assault",222.6,"FV"
2019,"MOIRA","Common assault",139.5,"Non-FV"
2019,"MOIRA","Stalking",16.6,"FV"
2019,"MOIRA","Stalking",29.9,"Non-FV"
2019,"MOIRA","Harassment and private nuisance",23.3,"FV"
2019,"MOIRA","Harassment and private nuisance",3.3,"Non-FV"
2019,"MOIRA","Threatening behaviour",76.4,"FV"
2019,"MOIRA","Threatening behaviour",46.5,"Non-FV"
2019,"WANGARATTA","Serious assault",135.9,"FV"
2019,"WANGARATTA","Serious assault",156.3,"Non-FV"
2019,"WANGARATTA","Common assault",231,"FV"
2019,"WANGARATTA","Common assault",166.4,"Non-FV"
2019,"WANGARATTA","Stalking",13.6,"FV"
2019,"WANGARATTA","Stalking",30.6,"Non-FV"
2019,"WANGARATTA","Harassment and private nuisance",34,"FV"
2019,"WANGARATTA","Harassment and private nuisance",44.2,"Non-FV"
2019,"WANGARATTA","Threatening behaviour",67.9,"FV"
2019,"WANGARATTA","Threatening behaviour",44.2,"Non-FV"
2019,"CORANGAMITE","Serious assault",173.1,"FV"
2019,"CORANGAMITE","Serious assault",86.6,"Non-FV"
2019,"CORANGAMITE","Common assault",148.4,"FV"
2019,"CORANGAMITE","Common assault",49.5,"Non-FV"
2019,"CORANGAMITE","Stalking",24.7,"FV"
2019,"CORANGAMITE","Stalking",6.2,"Non-FV"
2019,"CORANGAMITE","Harassment and private nuisance",24.7,"FV"
2019,"CORANGAMITE","Harassment and private nuisance",6.2,"Non-FV"
2019,"CORANGAMITE","Threatening behaviour",74.2,"FV"
2019,"CORANGAMITE","Threatening behaviour",24.7,"Non-FV"
2019,"MOYNE","Serious assault",100,"FV"
2019,"MOYNE","Serious assault",94.1,"Non-FV"
2019,"MOYNE","Common assault",147.1,"FV"
2019,"MOYNE","Common assault",94.1,"Non-FV"
2019,"MOYNE","Stalking",5.9,"Non-FV"
2019,"MOYNE","Harassment and private nuisance",11.8,"FV"
2019,"MOYNE","Threatening behaviour",41.2,"FV"
2019,"MOYNE","Threatening behaviour",105.9,"Non-FV"
2019,"WARRNAMBOOL","Serious assault",227.9,"FV"
2019,"WARRNAMBOOL","Serious assault",196.6,"Non-FV"
2019,"WARRNAMBOOL","Common assault",333.3,"FV"
2019,"WARRNAMBOOL","Common assault",202.3,"Non-FV"
2019,"WARRNAMBOOL","Stalking",19.9,"FV"
2019,"WARRNAMBOOL","Stalking",5.7,"Non-FV"
2019,"WARRNAMBOOL","Harassment and private nuisance",31.3,"FV"
2019,"WARRNAMBOOL","Harassment and private nuisance",17.1,"Non-FV"
2019,"WARRNAMBOOL","Threatening behaviour",136.7,"FV"
2019,"WARRNAMBOOL","Threatening behaviour",142.4,"Non-FV"
2019,"WELLINGTON","Serious assault",194.7,"FV"
2019,"WELLINGTON","Serious assault",183.5,"Non-FV"
2019,"WELLINGTON","Common assault",476.8,"FV"
2019,"WELLINGTON","Common assault",255.2,"Non-FV"
2019,"WELLINGTON","Stalking",47,"FV"
2019,"WELLINGTON","Stalking",15.7,"Non-FV"
2019,"WELLINGTON","Harassment and private nuisance",38.1,"FV"
2019,"WELLINGTON","Harassment and private nuisance",13.4,"Non-FV"
2019,"WELLINGTON","Threatening behaviour",167.9,"FV"
2019,"WELLINGTON","Threatening behaviour",96.2,"Non-FV"
2019,"WHITEHORSE","Serious assault",53.5,"FV"
2019,"WHITEHORSE","Serious assault",54.6,"Non-FV"
2019,"WHITEHORSE","Common assault",132.5,"FV"
2019,"WHITEHORSE","Common assault",142.2,"Non-FV"
2019,"WHITEHORSE","Stalking",6.8,"FV"
2019,"WHITEHORSE","Stalking",6.3,"Non-FV"
2019,"WHITEHORSE","Harassment and private nuisance",9.7,"FV"
2019,"WHITEHORSE","Harassment and private nuisance",6.3,"Non-FV"
2019,"WHITEHORSE","Threatening behaviour",26.7,"FV"
2019,"WHITEHORSE","Threatening behaviour",19.9,"Non-FV"
2019,"WHITTLESEA","Serious assault",141.5,"FV"
2019,"WHITTLESEA","Serious assault",103.1,"Non-FV"
2019,"WHITTLESEA","Common assault",280,"FV"
2019,"WHITTLESEA","Common assault",126.1,"Non-FV"
2019,"WHITTLESEA","Stalking",23,"FV"
2019,"WHITTLESEA","Stalking",14.6,"Non-FV"
2019,"WHITTLESEA","Harassment and private nuisance",47.3,"FV"
2019,"WHITTLESEA","Harassment and private nuisance",17.7,"Non-FV"
2019,"WHITTLESEA","Threatening behaviour",86.7,"FV"
2019,"WHITTLESEA","Threatening behaviour",57.9,"Non-FV"
2019,"INDIGO","Serious assault",59.3,"FV"
2019,"INDIGO","Serious assault",53.3,"Non-FV"
2019,"INDIGO","Common assault",154.1,"FV"
2019,"INDIGO","Common assault",94.8,"Non-FV"
2019,"INDIGO","Stalking",11.9,"FV"
2019,"INDIGO","Stalking",23.7,"Non-FV"
2019,"INDIGO","Harassment and private nuisance",11.9,"FV"
2019,"INDIGO","Harassment and private nuisance",23.7,"Non-FV"
2019,"INDIGO","Threatening behaviour",17.8,"FV"
2019,"INDIGO","Threatening behaviour",47.4,"Non-FV"
2019,"TOWONG","Serious assault",81.4,"FV"
2019,"TOWONG","Serious assault",81.4,"Non-FV"
2019,"TOWONG","Common assault",65.1,"FV"
2019,"TOWONG","Common assault",130.3,"Non-FV"
2019,"TOWONG","Harassment and private nuisance",16.3,"Non-FV"
2019,"TOWONG","Threatening behaviour",16.3,"FV"
2019,"WODONGA","Serious assault",202,"FV"
2019,"WODONGA","Serious assault",114.1,"Non-FV"
2019,"WODONGA","Common assault",247.1,"FV"
2019,"WODONGA","Common assault",137.8,"Non-FV"
2019,"WODONGA","Stalking",7.1,"FV"
2019,"WODONGA","Stalking",11.9,"Non-FV"
2019,"WODONGA","Harassment and private nuisance",14.3,"FV"
2019,"WODONGA","Harassment and private nuisance",19,"Non-FV"
2019,"WODONGA","Threatening behaviour",97.4,"FV"
2019,"WODONGA","Threatening behaviour",83.2,"Non-FV"
2019,"WYNDHAM","Serious assault",122.6,"FV"
2019,"WYNDHAM","Serious assault",79.1,"Non-FV"
2019,"WYNDHAM","Common assault",204.6,"FV"
2019,"WYNDHAM","Common assault",89.7,"Non-FV"
2019,"WYNDHAM","Stalking",10.6,"FV"
2019,"WYNDHAM","Stalking",6.2,"Non-FV"
2019,"WYNDHAM","Harassment and private nuisance",17.6,"FV"
2019,"WYNDHAM","Harassment and private nuisance",11,"Non-FV"
2019,"WYNDHAM","Threatening behaviour",63.3,"FV"
2019,"WYNDHAM","Threatening behaviour",22,"Non-FV"
2019,"YARRA","Serious assault",129.5,"FV"
2019,"YARRA","Serious assault",258.9,"Non-FV"
2019,"YARRA","Common assault",189.6,"FV"
2019,"YARRA","Common assault",310.7,"Non-FV"
2019,"YARRA","Stalking",18.6,"FV"
2019,"YARRA","Stalking",21.8,"Non-FV"
2019,"YARRA","Harassment and private nuisance",18.6,"FV"
2019,"YARRA","Harassment and private nuisance",19.7,"Non-FV"
2019,"YARRA","Threatening behaviour",43.5,"FV"
2019,"YARRA","Threatening behaviour",81.8,"Non-FV"
2019,"YARRA RANGES","Serious assault",64.9,"FV"
2019,"YARRA RANGES","Serious assault",75.6,"Non-FV"
2019,"YARRA RANGES","Common assault",226.1,"FV"
2019,"YARRA RANGES","Common assault",98.9,"Non-FV"
2019,"YARRA RANGES","Stalking",27.7,"FV"
2019,"YARRA RANGES","Stalking",10.7,"Non-FV"
2019,"YARRA RANGES","Harassment and private nuisance",35.3,"FV"
2019,"YARRA RANGES","Harassment and private nuisance",17,"Non-FV"
2019,"YARRA RANGES","Threatening behaviour",38.4,"FV"
2019,"YARRA RANGES","Threatening behaviour",25.2,"Non-FV"
2018,"BALLARAT","Serious assault",156.1,"FV"
2018,"BALLARAT","Serious assault",149.6,"Non-FV"
2018,"BALLARAT","Common assault",319.7,"FV"
2018,"BALLARAT","Common assault",220.2,"Non-FV"
2018,"BALLARAT","Stalking",16.7,"FV"
2018,"BALLARAT","Stalking",12.1,"Non-FV"
2018,"BALLARAT","Harassment and private nuisance",14.9,"FV"
2018,"BALLARAT","Harassment and private nuisance",10.2,"Non-FV"
2018,"BALLARAT","Threatening behaviour",54.8,"FV"
2018,"BALLARAT","Threatening behaviour",64.1,"Non-FV"
2018,"PYRENEES","Serious assault",122.8,"FV"
2018,"PYRENEES","Serious assault",150.1,"Non-FV"
2018,"PYRENEES","Common assault",368.5,"FV"
2018,"PYRENEES","Common assault",245.7,"Non-FV"
2018,"PYRENEES","Stalking",13.6,"Non-FV"
2018,"PYRENEES","Harassment and private nuisance",27.3,"Non-FV"
2018,"PYRENEES","Threatening behaviour",40.9,"FV"
2018,"PYRENEES","Threatening behaviour",27.3,"Non-FV"
2018,"BANYULE","Serious assault",74,"FV"
2018,"BANYULE","Serious assault",68.6,"Non-FV"
2018,"BANYULE","Common assault",133.4,"FV"
2018,"BANYULE","Common assault",96.4,"Non-FV"
2018,"BANYULE","Stalking",14.7,"FV"
2018,"BANYULE","Stalking",10,"Non-FV"
2018,"BANYULE","Harassment and private nuisance",29.3,"FV"
2018,"BANYULE","Harassment and private nuisance",13.1,"Non-FV"
2018,"BANYULE","Threatening behaviour",60.2,"FV"
2018,"BANYULE","Threatening behaviour",54,"Non-FV"
2018,"NILLUMBIK","Serious assault",34.1,"FV"
2018,"NILLUMBIK","Serious assault",41.8,"Non-FV"
2018,"NILLUMBIK","Common assault",88.3,"FV"
2018,"NILLUMBIK","Common assault",60.4,"Non-FV"
2018,"NILLUMBIK","Stalking",10.8,"FV"
2018,"NILLUMBIK","Stalking",15.5,"Non-FV"
2018,"NILLUMBIK","Harassment and private nuisance",12.4,"FV"
2018,"NILLUMBIK","Harassment and private nuisance",12.4,"Non-FV"
2018,"NILLUMBIK","Threatening behaviour",15.5,"FV"
2018,"NILLUMBIK","Threatening behaviour",18.6,"Non-FV"
2018,"BASS COAST","Serious assault",102.5,"FV"
2018,"BASS COAST","Serious assault",116.4,"Non-FV"
2018,"BASS COAST","Common assault",241.1,"FV"
2018,"BASS COAST","Common assault",207.9,"Non-FV"
2018,"BASS COAST","Stalking",41.6,"FV"
2018,"BASS COAST","Stalking",22.2,"Non-FV"
2018,"BASS COAST","Harassment and private nuisance",94.2,"FV"
2018,"BASS COAST","Harassment and private nuisance",2.8,"Non-FV"
2018,"BASS COAST","Threatening behaviour",99.8,"FV"
2018,"BASS COAST","Threatening behaviour",49.9,"Non-FV"
2018,"SOUTH GIPPSLAND","Serious assault",128.4,"FV"
2018,"SOUTH GIPPSLAND","Serious assault",104.7,"Non-FV"
2018,"SOUTH GIPPSLAND","Common assault",199.3,"FV"
2018,"SOUTH GIPPSLAND","Common assault",81.1,"Non-FV"
2018,"SOUTH GIPPSLAND","Stalking",43.9,"FV"
2018,"SOUTH GIPPSLAND","Stalking",20.3,"Non-FV"
2018,"SOUTH GIPPSLAND","Harassment and private nuisance",33.8,"FV"
2018,"SOUTH GIPPSLAND","Harassment and private nuisance",10.1,"Non-FV"
2018,"SOUTH GIPPSLAND","Threatening behaviour",101.3,"FV"
2018,"SOUTH GIPPSLAND","Threatening behaviour",50.7,"Non-FV"
2018,"BAW BAW","Serious assault",211.6,"FV"
2018,"BAW BAW","Serious assault",125.8,"Non-FV"
2018,"BAW BAW","Common assault",381.3,"FV"
2018,"BAW BAW","Common assault",116.3,"Non-FV"
2018,"BAW BAW","Stalking",53.4,"FV"
2018,"BAW BAW","Stalking",24.8,"Non-FV"
2018,"BAW BAW","Harassment and private nuisance",55.3,"FV"
2018,"BAW BAW","Harassment and private nuisance",1.9,"Non-FV"
2018,"BAW BAW","Threatening behaviour",93.4,"FV"
2018,"BAW BAW","Threatening behaviour",47.7,"Non-FV"
2018,"BENALLA","Serious assault",127.1,"FV"
2018,"BENALLA","Serious assault",162.5,"Non-FV"
2018,"BENALLA","Common assault",494.4,"FV"
2018,"BENALLA","Common assault",254.3,"Non-FV"
2018,"BENALLA","Stalking",21.2,"FV"
2018,"BENALLA","Stalking",14.1,"Non-FV"
2018,"BENALLA","Harassment and private nuisance",42.4,"FV"
2018,"BENALLA","Harassment and private nuisance",14.1,"Non-FV"
2018,"BENALLA","Threatening behaviour",148.3,"FV"
2018,"BENALLA","Threatening behaviour",49.4,"Non-FV"
2018,"MANSFIELD","Serious assault",54.6,"FV"
2018,"MANSFIELD","Serious assault",65.6,"Non-FV"
2018,"MANSFIELD","Common assault",185.7,"FV"
2018,"MANSFIELD","Common assault",87.4,"Non-FV"
2018,"MANSFIELD","Harassment and private nuisance",10.9,"FV"
2018,"MANSFIELD","Harassment and private nuisance",10.9,"Non-FV"
2018,"MANSFIELD","Threatening behaviour",10.9,"FV"
2018,"MANSFIELD","Threatening behaviour",21.9,"Non-FV"
2018,"MURRINDINDI","Serious assault",54.9,"FV"
2018,"MURRINDINDI","Serious assault",96.1,"Non-FV"
2018,"MURRINDINDI","Common assault",192.3,"FV"
2018,"MURRINDINDI","Common assault",158,"Non-FV"
2018,"MURRINDINDI","Stalking",6.9,"FV"
2018,"MURRINDINDI","Harassment and private nuisance",27.5,"FV"
2018,"MURRINDINDI","Threatening behaviour",54.9,"FV"
2018,"MURRINDINDI","Threatening behaviour",34.3,"Non-FV"
2018,"GREATER BENDIGO","Serious assault",114.5,"FV"
2018,"GREATER BENDIGO","Serious assault",152.3,"Non-FV"
2018,"GREATER BENDIGO","Common assault",237.6,"FV"
2018,"GREATER BENDIGO","Common assault",238.4,"Non-FV"
2018,"GREATER BENDIGO","Stalking",20.7,"FV"
2018,"GREATER BENDIGO","Stalking",16.4,"Non-FV"
2018,"GREATER BENDIGO","Harassment and private nuisance",20.7,"FV"
2018,"GREATER BENDIGO","Harassment and private nuisance",15.5,"Non-FV"
2018,"GREATER BENDIGO","Threatening behaviour",61.1,"FV"
2018,"GREATER BENDIGO","Threatening behaviour",73.2,"Non-FV"
2018,"BOROONDARA","Serious assault",20.6,"FV"
2018,"BOROONDARA","Serious assault",32.9,"Non-FV"
2018,"BOROONDARA","Common assault",70.2,"FV"
2018,"BOROONDARA","Common assault",68.6,"Non-FV"
2018,"BOROONDARA","Stalking",2.2,"FV"
2018,"BOROONDARA","Stalking",12.8,"Non-FV"
2018,"BOROONDARA","Harassment and private nuisance",4.5,"FV"
2018,"BOROONDARA","Harassment and private nuisance",12.3,"Non-FV"
2018,"BOROONDARA","Threatening behaviour",8.9,"FV"
2018,"BOROONDARA","Threatening behaviour",12.8,"Non-FV"
2018,"BRIMBANK","Serious assault",160.9,"FV"
2018,"BRIMBANK","Serious assault",131.9,"Non-FV"
2018,"BRIMBANK","Common assault",272.5,"FV"
2018,"BRIMBANK","Common assault",161.9,"Non-FV"
2018,"BRIMBANK","Stalking",23.2,"FV"
2018,"BRIMBANK","Stalking",15,"Non-FV"
2018,"BRIMBANK","Harassment and private nuisance",26.1,"FV"
2018,"BRIMBANK","Harassment and private nuisance",13.5,"Non-FV"
2018,"BRIMBANK","Threatening behaviour",96.6,"FV"
2018,"BRIMBANK","Threatening behaviour",50.2,"Non-FV"
2018,"CAMPASPE","Serious assault",150.2,"FV"
2018,"CAMPASPE","Serious assault",208.2,"Non-FV"
2018,"CAMPASPE","Common assault",255.6,"FV"
2018,"CAMPASPE","Common assault",121.2,"Non-FV"
2018,"CAMPASPE","Stalking",18.4,"FV"
2018,"CAMPASPE","Stalking",26.4,"Non-FV"
2018,"CAMPASPE","Harassment and private nuisance",34.3,"FV"
2018,"CAMPASPE","Harassment and private nuisance",7.9,"Non-FV"
2018,"CAMPASPE","Threatening behaviour",71.1,"FV"
2018,"CAMPASPE","Threatening behaviour",47.4,"Non-FV"
2018,"CARDINIA","Serious assault",58.9,"FV"
2018,"CARDINIA","Serious assault",84.2,"Non-FV"
2018,"CARDINIA","Common assault",191.7,"FV"
2018,"CARDINIA","Common assault",101,"Non-FV"
2018,"CARDINIA","Stalking",31.8,"FV"
2018,"CARDINIA","Stalking",13.1,"Non-FV"
2018,"CARDINIA","Harassment and private nuisance",15,"FV"
2018,"CARDINIA","Harassment and private nuisance",9.4,"Non-FV"
2018,"CARDINIA","Threatening behaviour",54.2,"FV"
2018,"CARDINIA","Threatening behaviour",17.8,"Non-FV"
2018,"CASEY","Serious assault",110.3,"FV"
2018,"CASEY","Serious assault",90.5,"Non-FV"
2018,"CASEY","Common assault",270.9,"FV"
2018,"CASEY","Common assault",134.3,"Non-FV"
2018,"CASEY","Stalking",19.5,"FV"
2018,"CASEY","Stalking",12.4,"Non-FV"
2018,"CASEY","Harassment and private nuisance",18.6,"FV"
2018,"CASEY","Harassment and private nuisance",11.8,"Non-FV"
2018,"CASEY","Threatening behaviour",63.6,"FV"
2018,"CASEY","Threatening behaviour",34.9,"Non-FV"
2018,"CENTRAL GOLDFIELDS","Serious assault",232.6,"FV"
2018,"CENTRAL GOLDFIELDS","Serious assault",180,"Non-FV"
2018,"CENTRAL GOLDFIELDS","Common assault",450.1,"FV"
2018,"CENTRAL GOLDFIELDS","Common assault",240.1,"Non-FV"
2018,"CENTRAL GOLDFIELDS","Stalking",15,"FV"
2018,"CENTRAL GOLDFIELDS","Stalking",30,"Non-FV"
2018,"CENTRAL GOLDFIELDS","Harassment and private nuisance",22.5,"FV"
2018,"CENTRAL GOLDFIELDS","Harassment and private nuisance",82.5,"Non-FV"
2018,"CENTRAL GOLDFIELDS","Threatening behaviour",90,"FV"
2018,"CENTRAL GOLDFIELDS","Threatening behaviour",90,"Non-FV"
2018,"LODDON","Serious assault",223.6,"FV"
2018,"LODDON","Serious assault",26.3,"Non-FV"
2018,"LODDON","Common assault",144.7,"FV"
2018,"LODDON","Common assault",65.8,"Non-FV"
2018,"LODDON","Threatening behaviour",118.4,"FV"
2018,"LODDON","Threatening behaviour",39.5,"Non-FV"
2018,"MOUNT ALEXANDER","Serious assault",15.4,"FV"
2018,"MOUNT ALEXANDER","Serious assault",41,"Non-FV"
2018,"MOUNT ALEXANDER","Common assault",153.8,"FV"
2018,"MOUNT ALEXANDER","Common assault",82.1,"Non-FV"
2018,"MOUNT ALEXANDER","Stalking",25.6,"Non-FV"
2018,"MOUNT ALEXANDER","Harassment and private nuisance",10.3,"Non-FV"
2018,"MOUNT ALEXANDER","Threatening behaviour",35.9,"FV"
2018,"MOUNT ALEXANDER","Threatening behaviour",51.3,"Non-FV"
2018,"DAREBIN","Serious assault",111.4,"FV"
2018,"DAREBIN","Serious assault",134.9,"Non-FV"
2018,"DAREBIN","Common assault",138.1,"FV"
2018,"DAREBIN","Common assault",147,"Non-FV"
2018,"DAREBIN","Stalking",28.6,"FV"
2018,"DAREBIN","Stalking",12.1,"Non-FV"
2018,"DAREBIN","Harassment and private nuisance",30.6,"FV"
2018,"DAREBIN","Harassment and private nuisance",10.8,"Non-FV"
2018,"DAREBIN","Threatening behaviour",52.2,"FV"
2018,"DAREBIN","Threatening behaviour",50.3,"Non-FV"
2018,"EAST GIPPSLAND","Serious assault",369,"FV"
2018,"EAST GIPPSLAND","Serious assault",238.9,"Non-FV"
2018,"EAST GIPPSLAND","Common assault",458.6,"FV"
2018,"EAST GIPPSLAND","Common assault",236.8,"Non-FV"
2018,"EAST GIPPSLAND","Stalking",29.9,"FV"
2018,"EAST GIPPSLAND","Stalking",17.1,"Non-FV"
2018,"EAST GIPPSLAND","Harassment and private nuisance",23.5,"FV"
2018,"EAST GIPPSLAND","Harassment and private nuisance",21.3,"Non-FV"
2018,"EAST GIPPSLAND","Threatening behaviour",119.5,"FV"
2018,"EAST GIPPSLAND","Threatening behaviour",110.9,"Non-FV"
2018,"FRANKSTON","Serious assault",130,"FV"
2018,"FRANKSTON","Serious assault",173.8,"Non-FV"
2018,"FRANKSTON","Common assault",262.8,"FV"
2018,"FRANKSTON","Common assault",216.9,"Non-FV"
2018,"FRANKSTON","Stalking",24.7,"FV"
2018,"FRANKSTON","Stalking",23.3,"Non-FV"
2018,"FRANKSTON","Harassment and private nuisance",29,"FV"
2018,"FRANKSTON","Harassment and private nuisance",19.1,"Non-FV"
2018,"FRANKSTON","Threatening behaviour",72.1,"FV"
2018,"FRANKSTON","Threatening behaviour",65,"Non-FV"
2018,"GREATER GEELONG","Serious assault",152.1,"FV"
2018,"GREATER GEELONG","Serious assault",172.6,"Non-FV"
2018,"GREATER GEELONG","Common assault",164.3,"FV"
2018,"GREATER GEELONG","Common assault",152.9,"Non-FV"
2018,"GREATER GEELONG","Stalking",20.5,"FV"
2018,"GREATER GEELONG","Stalking",15.4,"Non-FV"
2018,"GREATER GEELONG","Harassment and private nuisance",24.5,"FV"
2018,"GREATER GEELONG","Harassment and private nuisance",15,"Non-FV"
2018,"GREATER GEELONG","Threatening behaviour",61.6,"FV"
2018,"GREATER GEELONG","Threatening behaviour",56.1,"Non-FV"
2018,"QUEENSCLIFFE","Serious assault",33.9,"Non-FV"
2018,"QUEENSCLIFFE","Common assault",33.9,"FV"
2018,"QUEENSCLIFFE","Common assault",101.6,"Non-FV"
2018,"QUEENSCLIFFE","Stalking",33.9,"FV"
2018,"QUEENSCLIFFE","Threatening behaviour",101.6,"FV"
2018,"BAYSIDE","Serious assault",37.3,"FV"
2018,"BAYSIDE","Serious assault",53.5,"Non-FV"
2018,"BAYSIDE","Common assault",122.3,"FV"
2018,"BAYSIDE","Common assault",85.1,"Non-FV"
2018,"BAYSIDE","Stalking",9.6,"FV"
2018,"BAYSIDE","Stalking",10.5,"Non-FV"
2018,"BAYSIDE","Harassment and private nuisance",9.6,"FV"
2018,"BAYSIDE","Harassment and private nuisance",9.6,"Non-FV"
2018,"BAYSIDE","Threatening behaviour",23.9,"FV"
2018,"BAYSIDE","Threatening behaviour",27.7,"Non-FV"
2018,"GLEN EIRA","Serious assault",40.7,"FV"
2018,"GLEN EIRA","Serious assault",51.2,"Non-FV"
2018,"GLEN EIRA","Common assault",110.9,"FV"
2018,"GLEN EIRA","Common assault",99.1,"Non-FV"
2018,"GLEN EIRA","Stalking",7.2,"FV"
2018,"GLEN EIRA","Stalking",11.8,"Non-FV"
2018,"GLEN EIRA","Harassment and private nuisance",12.5,"FV"
2018,"GLEN EIRA","Harassment and private nuisance",9.8,"Non-FV"
2018,"GLEN EIRA","Threatening behaviour",19,"FV"
2018,"GLEN EIRA","Threatening behaviour",21.7,"Non-FV"
2018,"GREATER DANDENONG","Serious assault",121.9,"FV"
2018,"GREATER DANDENONG","Serious assault",186.2,"Non-FV"
2018,"GREATER DANDENONG","Common assault",360.8,"FV"
2018,"GREATER DANDENONG","Common assault",265.6,"Non-FV"
2018,"GREATER DANDENONG","Stalking",23,"FV"
2018,"GREATER DANDENONG","Stalking",18.8,"Non-FV"
2018,"GREATER DANDENONG","Harassment and private nuisance",20.6,"FV"
2018,"GREATER DANDENONG","Harassment and private nuisance",10.3,"Non-FV"
2018,"GREATER DANDENONG","Threatening behaviour",90.4,"FV"
2018,"GREATER DANDENONG","Threatening behaviour",62.5,"Non-FV"
2018,"HOBSONS BAY","Serious assault",123,"FV"
2018,"HOBSONS BAY","Serious assault",105.1,"Non-FV"
2018,"HOBSONS BAY","Common assault",170.3,"FV"
2018,"HOBSONS BAY","Common assault",94.6,"Non-FV"
2018,"HOBSONS BAY","Stalking",21,"FV"
2018,"HOBSONS BAY","Stalking",14.7,"Non-FV"
2018,"HOBSONS BAY","Harassment and private nuisance",47.3,"FV"
2018,"HOBSONS BAY","Harassment and private nuisance",8.4,"Non-FV"
2018,"HOBSONS BAY","Threatening behaviour",47.3,"FV"
2018,"HOBSONS BAY","Threatening behaviour",51.5,"Non-FV"
2018,"HINDMARSH","Serious assault",298.7,"FV"
2018,"HINDMARSH","Serious assault",70.3,"Non-FV"
2018,"HINDMARSH","Common assault",87.9,"FV"
2018,"HINDMARSH","Common assault",386.6,"Non-FV"
2018,"HINDMARSH","Stalking",17.6,"FV"
2018,"HINDMARSH","Threatening behaviour",52.7,"FV"
2018,"HINDMARSH","Threatening behaviour",70.3,"Non-FV"
2018,"HORSHAM","Serious assault",498.4,"FV"
2018,"HORSHAM","Serious assault",353.9,"Non-FV"
2018,"HORSHAM","Common assault",438.6,"FV"
2018,"HORSHAM","Common assault",378.8,"Non-FV"
2018,"HORSHAM","Stalking",29.9,"FV"
2018,"HORSHAM","Stalking",69.8,"Non-FV"
2018,"HORSHAM","Harassment and private nuisance",34.9,"FV"
2018,"HORSHAM","Harassment and private nuisance",19.9,"Non-FV"
2018,"HORSHAM","Threatening behaviour",79.7,"FV"
2018,"HORSHAM","Threatening behaviour",84.7,"Non-FV"
2018,"WEST WIMMERA","Serious assault",75.7,"FV"
2018,"WEST WIMMERA","Serious assault",75.7,"Non-FV"
2018,"WEST WIMMERA","Common assault",227,"FV"
2018,"WEST WIMMERA","Common assault",151.4,"Non-FV"
2018,"WEST WIMMERA","Threatening behaviour",100.9,"FV"
2018,"WEST WIMMERA","Threatening behaviour",50.5,"Non-FV"
2018,"HUME","Serious assault",147.7,"FV"
2018,"HUME","Serious assault",121.1,"Non-FV"
2018,"HUME","Common assault",270.9,"FV"
2018,"HUME","Common assault",163.6,"Non-FV"
2018,"HUME","Stalking",31.5,"FV"
2018,"HUME","Stalking",8,"Non-FV"
2018,"HUME","Harassment and private nuisance",38.6,"FV"
2018,"HUME","Harassment and private nuisance",12,"Non-FV"
2018,"HUME","Threatening behaviour",82.9,"FV"
2018,"HUME","Threatening behaviour",45.2,"Non-FV"
2018,"KINGSTON","Serious assault",64.3,"FV"
2018,"KINGSTON","Serious assault",90.9,"Non-FV"
2018,"KINGSTON","Common assault",163.9,"FV"
2018,"KINGSTON","Common assault",145.3,"Non-FV"
2018,"KINGSTON","Stalking",14.8,"FV"
2018,"KINGSTON","Stalking",18.6,"Non-FV"
2018,"KINGSTON","Harassment and private nuisance",17.9,"FV"
2018,"KINGSTON","Harassment and private nuisance",16.1,"Non-FV"
2018,"KINGSTON","Threatening behaviour",37.1,"FV"
2018,"KINGSTON","Threatening behaviour",37.1,"Non-FV"
2018,"KNOX","Serious assault",85.6,"FV"
2018,"KNOX","Serious assault",89.9,"Non-FV"
2018,"KNOX","Common assault",197,"FV"
2018,"KNOX","Common assault",129.3,"Non-FV"
2018,"KNOX","Stalking",14.8,"FV"
2018,"KNOX","Stalking",8.6,"Non-FV"
2018,"KNOX","Harassment and private nuisance",12.9,"FV"
2018,"KNOX","Harassment and private nuisance",6.8,"Non-FV"
2018,"KNOX","Threatening behaviour",48.6,"FV"
2018,"KNOX","Threatening behaviour",24.6,"Non-FV"
2018,"LATROBE","Serious assault",541.1,"FV"
2018,"LATROBE","Serious assault",412.8,"Non-FV"
2018,"LATROBE","Common assault",646.9,"FV"
2018,"LATROBE","Common assault",304.3,"Non-FV"
2018,"LATROBE","Stalking",124.4,"FV"
2018,"LATROBE","Stalking",46.3,"Non-FV"
2018,"LATROBE","Harassment and private nuisance",99.2,"FV"
2018,"LATROBE","Harassment and private nuisance",31.8,"Non-FV"
2018,"LATROBE","Threatening behaviour",190.5,"FV"
2018,"LATROBE","Threatening behaviour",195.8,"Non-FV"
2018,"MACEDON RANGES","Serious assault",81.1,"FV"
2018,"MACEDON RANGES","Serious assault",42.6,"Non-FV"
2018,"MACEDON RANGES","Common assault",93.3,"FV"
2018,"MACEDON RANGES","Common assault",87.2,"Non-FV"
2018,"MACEDON RANGES","Stalking",20.3,"FV"
2018,"MACEDON RANGES","Stalking",16.2,"Non-FV"
2018,"MACEDON RANGES","Harassment and private nuisance",16.2,"FV"
2018,"MACEDON RANGES","Harassment and private nuisance",24.3,"Non-FV"
2018,"MACEDON RANGES","Threatening behaviour",36.5,"FV"
2018,"MACEDON RANGES","Threatening behaviour",16.2,"Non-FV"
2018,"MANNINGHAM","Serious assault",52,"FV"
2018,"MANNINGHAM","Serious assault",34.4,"Non-FV"
2018,"MANNINGHAM","Common assault",123.9,"FV"
2018,"MANNINGHAM","Common assault",70.3,"Non-FV"
2018,"MANNINGHAM","Stalking",4.8,"FV"
2018,"MANNINGHAM","Stalking",4,"Non-FV"
2018,"MANNINGHAM","Harassment and private nuisance",4.8,"FV"
2018,"MANNINGHAM","Harassment and private nuisance",6.4,"Non-FV"
2018,"MANNINGHAM","Threatening behaviour",35.2,"FV"
2018,"MANNINGHAM","Threatening behaviour",8.8,"Non-FV"
2018,"MARIBYRNONG","Serious assault",69.8,"FV"
2018,"MARIBYRNONG","Serious assault",168.8,"Non-FV"
2018,"MARIBYRNONG","Common assault",157.5,"FV"
2018,"MARIBYRNONG","Common assault",168.8,"Non-FV"
2018,"MARIBYRNONG","Stalking",18,"FV"
2018,"MARIBYRNONG","Stalking",18,"Non-FV"
2018,"MARIBYRNONG","Harassment and private nuisance",12.4,"FV"
2018,"MARIBYRNONG","Harassment and private nuisance",13.5,"Non-FV"
2018,"MARIBYRNONG","Threatening behaviour",42.8,"FV"
2018,"MARIBYRNONG","Threatening behaviour",24.8,"Non-FV"
2018,"MAROONDAH","Serious assault",83.7,"FV"
2018,"MAROONDAH","Serious assault",91.4,"Non-FV"
2018,"MAROONDAH","Common assault",182.7,"FV"
2018,"MAROONDAH","Common assault",152.8,"Non-FV"
2018,"MAROONDAH","Stalking",20.5,"FV"
2018,"MAROONDAH","Stalking",6,"Non-FV"
2018,"MAROONDAH","Harassment and private nuisance",16.2,"FV"
2018,"MAROONDAH","Harassment and private nuisance",6,"Non-FV"
2018,"MAROONDAH","Threatening behaviour",35.9,"FV"
2018,"MAROONDAH","Threatening behaviour",36.7,"Non-FV"
2018,"MELBOURNE","Serious assault",160.4,"FV"
2018,"MELBOURNE","Serious assault",527.7,"Non-FV"
2018,"MELBOURNE","Common assault",214.9,"FV"
2018,"MELBOURNE","Common assault",723.5,"Non-FV"
2018,"MELBOURNE","Stalking",32.4,"FV"
2018,"MELBOURNE","Stalking",61.2,"Non-FV"
2018,"MELBOURNE","Harassment and private nuisance",31.8,"FV"
2018,"MELBOURNE","Harassment and private nuisance",34.3,"Non-FV"
2018,"MELBOURNE","Threatening behaviour",60,"FV"
2018,"MELBOURNE","Threatening behaviour",124.9,"Non-FV"
2018,"MELTON","Serious assault",160.5,"FV"
2018,"MELTON","Serious assault",109.5,"Non-FV"
2018,"MELTON","Common assault",227.4,"FV"
2018,"MELTON","Common assault",89.2,"Non-FV"
2018,"MELTON","Stalking",17.8,"FV"
2018,"MELTON","Stalking",9.6,"Non-FV"
2018,"MELTON","Harassment and private nuisance",35,"FV"
2018,"MELTON","Harassment and private nuisance",16.6,"Non-FV"
2018,"MELTON","Threatening behaviour",74.5,"FV"
2018,"MELTON","Threatening behaviour",32.5,"Non-FV"
2018,"MERRI-BEK","Serious assault",109.7,"FV"
2018,"MERRI-BEK","Serious assault",116.5,"Non-FV"
2018,"MERRI-BEK","Common assault",179.5,"FV"
2018,"MERRI-BEK","Common assault",158.2,"Non-FV"
2018,"MERRI-BEK","Stalking",23.1,"FV"
2018,"MERRI-BEK","Stalking",19.1,"Non-FV"
2018,"MERRI-BEK","Harassment and private nuisance",18.6,"FV"
2018,"MERRI-BEK","Harassment and private nuisance",5.6,"Non-FV"
2018,"MERRI-BEK","Threatening behaviour",45.6,"FV"
2018,"MERRI-BEK","Threatening behaviour",39.4,"Non-FV"
2018,"MILDURA","Serious assault",304.5,"FV"
2018,"MILDURA","Serious assault",224.4,"Non-FV"
2018,"MILDURA","Common assault",404.2,"FV"
2018,"MILDURA","Common assault",297.4,"Non-FV"
2018,"MILDURA","Stalking",37.4,"FV"
2018,"MILDURA","Stalking",17.8,"Non-FV"
2018,"MILDURA","Harassment and private nuisance",41,"FV"
2018,"MILDURA","Harassment and private nuisance",37.4,"Non-FV"
2018,"MILDURA","Threatening behaviour",89,"FV"
2018,"MILDURA","Threatening behaviour",73,"Non-FV"
2018,"MITCHELL","Serious assault",186.3,"FV"
2018,"MITCHELL","Serious assault",152.6,"Non-FV"
2018,"MITCHELL","Common assault",347.9,"FV"
2018,"MITCHELL","Common assault",193,"Non-FV"
2018,"MITCHELL","Stalking",44.9,"FV"
2018,"MITCHELL","Stalking",44.9,"Non-FV"
2018,"MITCHELL","Harassment and private nuisance",125.7,"FV"
2018,"MITCHELL","Harassment and private nuisance",42.6,"Non-FV"
2018,"MITCHELL","Threatening behaviour",150.4,"FV"
2018,"MITCHELL","Threatening behaviour",65.1,"Non-FV"
2018,"STRATHBOGIE","Serious assault",130.4,"FV"
2018,"STRATHBOGIE","Serious assault",83.8,"Non-FV"
2018,"STRATHBOGIE","Common assault",344.7,"FV"
2018,"STRATHBOGIE","Common assault",158.4,"Non-FV"
2018,"STRATHBOGIE","Stalking",27.9,"FV"
2018,"STRATHBOGIE","Stalking",46.6,"Non-FV"
2018,"STRATHBOGIE","Harassment and private nuisance",18.6,"FV"
2018,"STRATHBOGIE","Harassment and private nuisance",18.6,"Non-FV"
2018,"STRATHBOGIE","Threatening behaviour",74.5,"FV"
2018,"STRATHBOGIE","Threatening behaviour",55.9,"Non-FV"
2018,"MONASH","Serious assault",48,"FV"
2018,"MONASH","Serious assault",59.1,"Non-FV"
2018,"MONASH","Common assault",144.9,"FV"
2018,"MONASH","Common assault",102.5,"Non-FV"
2018,"MONASH","Stalking",15.7,"FV"
2018,"MONASH","Stalking",16.7,"Non-FV"
2018,"MONASH","Harassment and private nuisance",11.1,"FV"
2018,"MONASH","Harassment and private nuisance",4,"Non-FV"
2018,"MONASH","Threatening behaviour",28.3,"FV"
2018,"MONASH","Threatening behaviour",18.7,"Non-FV"
2018,"MOONEE VALLEY","Serious assault",72.5,"FV"
2018,"MOONEE VALLEY","Serious assault",99.6,"Non-FV"
2018,"MOONEE VALLEY","Common assault",123.5,"FV"
2018,"MOONEE VALLEY","Common assault",116.3,"Non-FV"
2018,"MOONEE VALLEY","Stalking",6.4,"FV"
2018,"MOONEE VALLEY","Stalking",15.1,"Non-FV"
2018,"MOONEE VALLEY","Harassment and private nuisance",9.6,"FV"
2018,"MOONEE VALLEY","Harassment and private nuisance",44.6,"Non-FV"
2018,"MOONEE VALLEY","Threatening behaviour",43,"FV"
2018,"MOONEE VALLEY","Threatening behaviour",31.9,"Non-FV"
2018,"GOLDEN PLAINS","Serious assault",47.4,"FV"
2018,"GOLDEN PLAINS","Serious assault",21.6,"Non-FV"
2018,"GOLDEN PLAINS","Common assault",150.9,"FV"
2018,"GOLDEN PLAINS","Common assault",51.7,"Non-FV"
2018,"GOLDEN PLAINS","Threatening behaviour",25.9,"FV"
2018,"HEPBURN","Serious assault",94.3,"FV"
2018,"HEPBURN","Serious assault",75.5,"Non-FV"
2018,"HEPBURN","Common assault",188.7,"FV"
2018,"HEPBURN","Common assault",125.8,"Non-FV"
2018,"HEPBURN","Stalking",6.3,"FV"
2018,"HEPBURN","Harassment and private nuisance",6.3,"FV"
2018,"HEPBURN","Harassment and private nuisance",6.3,"Non-FV"
2018,"HEPBURN","Threatening behaviour",25.2,"FV"
2018,"HEPBURN","Threatening behaviour",50.3,"Non-FV"
2018,"MOORABOOL","Serious assault",152.9,"FV"
2018,"MOORABOOL","Serious assault",109.6,"Non-FV"
2018,"MOORABOOL","Common assault",274.1,"FV"
2018,"MOORABOOL","Common assault",60.6,"Non-FV"
2018,"MOORABOOL","Stalking",23.1,"FV"
2018,"MOORABOOL","Stalking",5.8,"Non-FV"
2018,"MOORABOOL","Harassment and private nuisance",37.5,"FV"
2018,"MOORABOOL","Harassment and private nuisance",8.7,"Non-FV"
2018,"MOORABOOL","Threatening behaviour",60.6,"FV"
2018,"MOORABOOL","Threatening behaviour",20.2,"Non-FV"
2018,"MORNINGTON PENINSULA","Serious assault",89.5,"FV"
2018,"MORNINGTON PENINSULA","Serious assault",91.3,"Non-FV"
2018,"MORNINGTON PENINSULA","Common assault",172.3,"FV"
2018,"MORNINGTON PENINSULA","Common assault",89.5,"Non-FV"
2018,"MORNINGTON PENINSULA","Stalking",14.4,"FV"
2018,"MORNINGTON PENINSULA","Stalking",7.8,"Non-FV"
2018,"MORNINGTON PENINSULA","Harassment and private nuisance",19.8,"FV"
2018,"MORNINGTON PENINSULA","Harassment and private nuisance",10.2,"Non-FV"
2018,"MORNINGTON PENINSULA","Threatening behaviour",55.2,"FV"
2018,"MORNINGTON PENINSULA","Threatening behaviour",33.6,"Non-FV"
2018,"ARARAT","Serious assault",347.3,"FV"
2018,"ARARAT","Serious assault",449,"Non-FV"
2018,"ARARAT","Common assault",576,"FV"
2018,"ARARAT","Common assault",194.8,"Non-FV"
2018,"ARARAT","Stalking",25.4,"FV"
2018,"ARARAT","Stalking",33.9,"Non-FV"
2018,"ARARAT","Harassment and private nuisance",42.4,"Non-FV"
2018,"ARARAT","Threatening behaviour",237.2,"FV"
2018,"ARARAT","Threatening behaviour",76.2,"Non-FV"
2018,"NORTHERN GRAMPIANS","Serious assault",257.9,"FV"
2018,"NORTHERN GRAMPIANS","Serious assault",154.7,"Non-FV"
2018,"NORTHERN GRAMPIANS","Common assault",309.4,"FV"
2018,"NORTHERN GRAMPIANS","Common assault",214.9,"Non-FV"
2018,"NORTHERN GRAMPIANS","Stalking",137.5,"FV"
2018,"NORTHERN GRAMPIANS","Stalking",43,"Non-FV"
2018,"NORTHERN GRAMPIANS","Harassment and private nuisance",17.2,"FV"
2018,"NORTHERN GRAMPIANS","Harassment and private nuisance",34.4,"Non-FV"
2018,"NORTHERN GRAMPIANS","Threatening behaviour",111.7,"FV"
2018,"NORTHERN GRAMPIANS","Threatening behaviour",86,"Non-FV"
2018,"YARRIAMBIACK","Serious assault",238.9,"FV"
2018,"YARRIAMBIACK","Serious assault",194.1,"Non-FV"
2018,"YARRIAMBIACK","Common assault",373.2,"FV"
2018,"YARRIAMBIACK","Common assault",268.7,"Non-FV"
2018,"YARRIAMBIACK","Stalking",14.9,"FV"
2018,"YARRIAMBIACK","Stalking",119.4,"Non-FV"
2018,"YARRIAMBIACK","Harassment and private nuisance",44.8,"Non-FV"
2018,"YARRIAMBIACK","Threatening behaviour",59.7,"FV"
2018,"YARRIAMBIACK","Threatening behaviour",29.9,"Non-FV"
2018,"PORT PHILLIP","Serious assault",121.9,"FV"
2018,"PORT PHILLIP","Serious assault",224.9,"Non-FV"
2018,"PORT PHILLIP","Common assault",160.7,"FV"
2018,"PORT PHILLIP","Common assault",259.2,"Non-FV"
2018,"PORT PHILLIP","Stalking",21.7,"FV"
2018,"PORT PHILLIP","Stalking",30.7,"Non-FV"
2018,"PORT PHILLIP","Harassment and private nuisance",15.4,"FV"
2018,"PORT PHILLIP","Harassment and private nuisance",10.8,"Non-FV"
2018,"PORT PHILLIP","Threatening behaviour",45.2,"FV"
2018,"PORT PHILLIP","Threatening behaviour",58.7,"Non-FV"
2018,"GREATER SHEPPARTON","Serious assault",309.8,"FV"
2018,"GREATER SHEPPARTON","Serious assault",197.5,"Non-FV"
2018,"GREATER SHEPPARTON","Common assault",248.4,"FV"
2018,"GREATER SHEPPARTON","Common assault",181.1,"Non-FV"
2018,"GREATER SHEPPARTON","Stalking",26.9,"FV"
2018,"GREATER SHEPPARTON","Stalking",25.4,"Non-FV"
2018,"GREATER SHEPPARTON","Harassment and private nuisance",37.4,"FV"
2018,"GREATER SHEPPARTON","Harassment and private nuisance",9,"Non-FV"
2018,"GREATER SHEPPARTON","Threatening behaviour",128.7,"FV"
2018,"GREATER SHEPPARTON","Threatening behaviour",82.3,"Non-FV"
2018,"GLENELG","Serious assault",170.9,"FV"
2018,"GLENELG","Serious assault",115.6,"Non-FV"
2018,"GLENELG","Common assault",266.4,"FV"
2018,"GLENELG","Common assault",165.9,"Non-FV"
2018,"GLENELG","Stalking",20.1,"Non-FV"
2018,"GLENELG","Harassment and private nuisance",10.1,"FV"
2018,"GLENELG","Harassment and private nuisance",45.2,"Non-FV"
2018,"GLENELG","Threatening behaviour",30.2,"FV"
2018,"GLENELG","Threatening behaviour",20.1,"Non-FV"
2018,"SOUTHERN GRAMPIANS","Serious assault",141.2,"FV"
2018,"SOUTHERN GRAMPIANS","Serious assault",171.9,"Non-FV"
2018,"SOUTHERN GRAMPIANS","Common assault",380.6,"FV"
2018,"SOUTHERN GRAMPIANS","Common assault",128.9,"Non-FV"
2018,"SOUTHERN GRAMPIANS","Stalking",30.7,"Non-FV"
2018,"SOUTHERN GRAMPIANS","Harassment and private nuisance",24.6,"FV"
2018,"SOUTHERN GRAMPIANS","Harassment and private nuisance",24.6,"Non-FV"
2018,"SOUTHERN GRAMPIANS","Threatening behaviour",61.4,"FV"
2018,"SOUTHERN GRAMPIANS","Threatening behaviour",67.5,"Non-FV"
2018,"STONNINGTON","Serious assault",67.9,"FV"
2018,"STONNINGTON","Serious assault",160.6,"Non-FV"
2018,"STONNINGTON","Common assault",111.2,"FV"
2018,"STONNINGTON","Common assault",186.2,"Non-FV"
2018,"STONNINGTON","Stalking",9.7,"FV"
2018,"STONNINGTON","Stalking",21.2,"Non-FV"
2018,"STONNINGTON","Harassment and private nuisance",9.7,"FV"
2018,"STONNINGTON","Harassment and private nuisance",12.4,"Non-FV"
2018,"STONNINGTON","Threatening behaviour",17.6,"FV"
2018,"STONNINGTON","Threatening behaviour",27.4,"Non-FV"
2018,"COLAC OTWAY","Serious assault",160.4,"FV"
2018,"COLAC OTWAY","Serious assault",197,"Non-FV"
2018,"COLAC OTWAY","Common assault",229.1,"FV"
2018,"COLAC OTWAY","Common assault",155.8,"Non-FV"
2018,"COLAC OTWAY","Stalking",27.5,"FV"
2018,"COLAC OTWAY","Stalking",32.1,"Non-FV"
2018,"COLAC OTWAY","Harassment and private nuisance",45.8,"FV"
2018,"COLAC OTWAY","Harassment and private nuisance",22.9,"Non-FV"
2018,"COLAC OTWAY","Threatening behaviour",59.6,"FV"
2018,"COLAC OTWAY","Threatening behaviour",91.6,"Non-FV"
2018,"SURF COAST","Serious assault",33.6,"FV"
2018,"SURF COAST","Serious assault",70.2,"Non-FV"
2018,"SURF COAST","Common assault",116,"FV"
2018,"SURF COAST","Common assault",85.5,"Non-FV"
2018,"SURF COAST","Stalking",12.2,"FV"
2018,"SURF COAST","Stalking",18.3,"Non-FV"
2018,"SURF COAST","Harassment and private nuisance",6.1,"Non-FV"
2018,"SURF COAST","Threatening behaviour",33.6,"FV"
2018,"SURF COAST","Threatening behaviour",30.5,"Non-FV"
2018,"BULOKE","Serious assault",48.3,"FV"
2018,"BULOKE","Serious assault",48.3,"Non-FV"
2018,"BULOKE","Common assault",209.2,"FV"
2018,"BULOKE","Common assault",16.1,"Non-FV"
2018,"BULOKE","Stalking",16.1,"Non-FV"
2018,"BULOKE","Threatening behaviour",32.2,"FV"
2018,"GANNAWARRA","Serious assault",188.7,"FV"
2018,"GANNAWARRA","Serious assault",84.9,"Non-FV"
2018,"GANNAWARRA","Common assault",264.1,"FV"
2018,"GANNAWARRA","Common assault",179.2,"Non-FV"
2018,"GANNAWARRA","Stalking",28.3,"FV"
2018,"GANNAWARRA","Harassment and private nuisance",56.6,"FV"
2018,"GANNAWARRA","Harassment and private nuisance",18.9,"Non-FV"
2018,"GANNAWARRA","Threatening behaviour",47.2,"FV"
2018,"GANNAWARRA","Threatening behaviour",28.3,"Non-FV"
2018,"SWAN HILL","Serious assault",447.3,"FV"
2018,"SWAN HILL","Serious assault",268.4,"Non-FV"
2018,"SWAN HILL","Common assault",381.4,"FV"
2018,"SWAN HILL","Common assault",258.9,"Non-FV"
2018,"SWAN HILL","Stalking",37.7,"FV"
2018,"SWAN HILL","Stalking",14.1,"Non-FV"
2018,"SWAN HILL","Harassment and private nuisance",89.5,"FV"
2018,"SWAN HILL","Harassment and private nuisance",37.7,"Non-FV"
2018,"SWAN HILL","Threatening behaviour",122.4,"FV"
2018,"SWAN HILL","Threatening behaviour",202.4,"Non-FV"
2018,"ALPINE","Serious assault",109.2,"FV"
2018,"ALPINE","Serious assault",109.2,"Non-FV"
2018,"ALPINE","Common assault",234,"FV"
2018,"ALPINE","Common assault",101.4,"Non-FV"
2018,"ALPINE","Stalking",7.8,"FV"
2018,"ALPINE","Harassment and private nuisance",7.8,"Non-FV"
2018,"ALPINE","Threatening behaviour",15.6,"FV"
2018,"ALPINE","Threatening behaviour",46.8,"Non-FV"
2018,"MOIRA","Serious assault",143.8,"FV"
2018,"MOIRA","Serious assault",56.8,"Non-FV"
2018,"MOIRA","Common assault",210.6,"FV"
2018,"MOIRA","Common assault",100.3,"Non-FV"
2018,"MOIRA","Stalking",16.7,"FV"
2018,"MOIRA","Stalking",6.7,"Non-FV"
2018,"MOIRA","Harassment and private nuisance",23.4,"FV"
2018,"MOIRA","Harassment and private nuisance",6.7,"Non-FV"
2018,"MOIRA","Threatening behaviour",83.6,"FV"
2018,"MOIRA","Threatening behaviour",40.1,"Non-FV"
2018,"WANGARATTA","Serious assault",184.5,"FV"
2018,"WANGARATTA","Serious assault",170.8,"Non-FV"
2018,"WANGARATTA","Common assault",249.4,"FV"
2018,"WANGARATTA","Common assault",198.2,"Non-FV"
2018,"WANGARATTA","Stalking",34.2,"FV"
2018,"WANGARATTA","Stalking",34.2,"Non-FV"
2018,"WANGARATTA","Harassment and private nuisance",30.7,"FV"
2018,"WANGARATTA","Harassment and private nuisance",10.2,"Non-FV"
2018,"WANGARATTA","Threatening behaviour",78.6,"FV"
2018,"WANGARATTA","Threatening behaviour",95.7,"Non-FV"
2018,"CORANGAMITE","Serious assault",110.9,"FV"
2018,"CORANGAMITE","Serious assault",80.1,"Non-FV"
2018,"CORANGAMITE","Common assault",166.3,"FV"
2018,"CORANGAMITE","Common assault",67.8,"Non-FV"
2018,"CORANGAMITE","Stalking",37,"FV"
2018,"CORANGAMITE","Stalking",6.2,"Non-FV"
2018,"CORANGAMITE","Harassment and private nuisance",43.1,"FV"
2018,"CORANGAMITE","Harassment and private nuisance",24.6,"Non-FV"
2018,"CORANGAMITE","Threatening behaviour",55.4,"FV"
2018,"CORANGAMITE","Threatening behaviour",37,"Non-FV"
2018,"MOYNE","Serious assault",82.9,"FV"
2018,"MOYNE","Serious assault",71,"Non-FV"
2018,"MOYNE","Common assault",171.6,"FV"
2018,"MOYNE","Common assault",53.3,"Non-FV"
2018,"MOYNE","Stalking",5.9,"FV"
2018,"MOYNE","Harassment and private nuisance",5.9,"FV"
2018,"MOYNE","Harassment and private nuisance",11.8,"Non-FV"
2018,"MOYNE","Threatening behaviour",59.2,"FV"
2018,"MOYNE","Threatening behaviour",71,"Non-FV"
2018,"WARRNAMBOOL","Serious assault",229.7,"FV"
2018,"WARRNAMBOOL","Serious assault",290,"Non-FV"
2018,"WARRNAMBOOL","Common assault",318.8,"FV"
2018,"WARRNAMBOOL","Common assault",192.4,"Non-FV"
2018,"WARRNAMBOOL","Stalking",23,"FV"
2018,"WARRNAMBOOL","Stalking",17.2,"Non-FV"
2018,"WARRNAMBOOL","Harassment and private nuisance",112,"FV"
2018,"WARRNAMBOOL","Harassment and private nuisance",23,"Non-FV"
2018,"WARRNAMBOOL","Threatening behaviour",120.6,"FV"
2018,"WARRNAMBOOL","Threatening behaviour",140.7,"Non-FV"
2018,"WELLINGTON","Serious assault",189.9,"FV"
2018,"WELLINGTON","Serious assault",142.4,"Non-FV"
2018,"WELLINGTON","Common assault",404.7,"FV"
2018,"WELLINGTON","Common assault",255.5,"Non-FV"
2018,"WELLINGTON","Stalking",40.7,"FV"
2018,"WELLINGTON","Stalking",13.6,"Non-FV"
2018,"WELLINGTON","Harassment and private nuisance",40.7,"FV"
2018,"WELLINGTON","Harassment and private nuisance",9,"Non-FV"
2018,"WELLINGTON","Threatening behaviour",95,"FV"
2018,"WELLINGTON","Threatening behaviour",81.4,"Non-FV"
2018,"WHITEHORSE","Serious assault",38.4,"FV"
2018,"WHITEHORSE","Serious assault",58.5,"Non-FV"
2018,"WHITEHORSE","Common assault",118.7,"FV"
2018,"WHITEHORSE","Common assault",90.6,"Non-FV"
2018,"WHITEHORSE","Stalking",9.2,"FV"
2018,"WHITEHORSE","Stalking",5.2,"Non-FV"
2018,"WHITEHORSE","Harassment and private nuisance",5.7,"FV"
2018,"WHITEHORSE","Harassment and private nuisance",4,"Non-FV"
2018,"WHITEHORSE","Threatening behaviour",21.8,"FV"
2018,"WHITEHORSE","Threatening behaviour",20.1,"Non-FV"
2018,"WHITTLESEA","Serious assault",144.2,"FV"
2018,"WHITTLESEA","Serious assault",103.8,"Non-FV"
2018,"WHITTLESEA","Common assault",289.7,"FV"
2018,"WHITTLESEA","Common assault",151.4,"Non-FV"
2018,"WHITTLESEA","Stalking",31.7,"FV"
2018,"WHITTLESEA","Stalking",20.4,"Non-FV"
2018,"WHITTLESEA","Harassment and private nuisance",46.2,"FV"
2018,"WHITTLESEA","Harassment and private nuisance",26.3,"Non-FV"
2018,"WHITTLESEA","Threatening behaviour",86.6,"FV"
2018,"WHITTLESEA","Threatening behaviour",55.3,"Non-FV"
2018,"INDIGO","Serious assault",66.2,"FV"
2018,"INDIGO","Serious assault",24.1,"Non-FV"
2018,"INDIGO","Common assault",114.4,"FV"
2018,"INDIGO","Common assault",18.1,"Non-FV"
2018,"INDIGO","Stalking",6,"FV"
2018,"INDIGO","Stalking",6,"Non-FV"
2018,"INDIGO","Threatening behaviour",30.1,"FV"
2018,"INDIGO","Threatening behaviour",24.1,"Non-FV"
2018,"TOWONG","Serious assault",65.6,"FV"
2018,"TOWONG","Serious assault",82,"Non-FV"
2018,"TOWONG","Common assault",82,"FV"
2018,"TOWONG","Threatening behaviour",16.4,"FV"
2018,"TOWONG","Threatening behaviour",49.2,"Non-FV"
2018,"WODONGA","Serious assault",151.7,"FV"
2018,"WODONGA","Serious assault",154.1,"Non-FV"
2018,"WODONGA","Common assault",260,"FV"
2018,"WODONGA","Common assault",163.7,"Non-FV"
2018,"WODONGA","Stalking",16.9,"FV"
2018,"WODONGA","Stalking",21.7,"Non-FV"
2018,"WODONGA","Harassment and private nuisance",21.7,"FV"
2018,"WODONGA","Harassment and private nuisance",14.4,"Non-FV"
2018,"WODONGA","Threatening behaviour",86.7,"FV"
2018,"WODONGA","Threatening behaviour",81.8,"Non-FV"
2018,"WYNDHAM","Serious assault",107,"FV"
2018,"WYNDHAM","Serious assault",70,"Non-FV"
2018,"WYNDHAM","Common assault",191.8,"FV"
2018,"WYNDHAM","Common assault",94.2,"Non-FV"
2018,"WYNDHAM","Stalking",14.8,"FV"
2018,"WYNDHAM","Stalking",7.4,"Non-FV"
2018,"WYNDHAM","Harassment and private nuisance",24.5,"FV"
2018,"WYNDHAM","Harassment and private nuisance",23.7,"Non-FV"
2018,"WYNDHAM","Threatening behaviour",58.4,"FV"
2018,"WYNDHAM","Threatening behaviour",24.5,"Non-FV"
2018,"YARRA","Serious assault",109.9,"FV"
2018,"YARRA","Serious assault",311,"Non-FV"
2018,"YARRA","Common assault",153.9,"FV"
2018,"YARRA","Common assault",274.3,"Non-FV"
2018,"YARRA","Stalking",24.1,"FV"
2018,"YARRA","Stalking",25.1,"Non-FV"
2018,"YARRA","Harassment and private nuisance",15.7,"FV"
2018,"YARRA","Harassment and private nuisance",25.1,"Non-FV"
2018,"YARRA","Threatening behaviour",57.6,"FV"
2018,"YARRA","Threatening behaviour",64.9,"Non-FV"
2018,"YARRA RANGES","Serious assault",86.2,"FV"
2018,"YARRA RANGES","Serious assault",64,"Non-FV"
2018,"YARRA RANGES","Common assault",185,"FV"
2018,"YARRA RANGES","Common assault",69.1,"Non-FV"
2018,"YARRA RANGES","Stalking",19.6,"FV"
2018,"YARRA RANGES","Stalking",16.5,"Non-FV"
2018,"YARRA RANGES","Harassment and private nuisance",22.8,"FV"
2018,"YARRA RANGES","Harassment and private nuisance",8.9,"Non-FV"
2018,"YARRA RANGES","Threatening behaviour",43.7,"FV"
2018,"YARRA RANGES","Threatening behaviour",27.2,"Non-FV"
2017,"BALLARAT","Serious assault",154.4,"FV"
2017,"BALLARAT","Serious assault",167.7,"Non-FV"
2017,"BALLARAT","Common assault",303.2,"FV"
2017,"BALLARAT","Common assault",235,"Non-FV"
2017,"BALLARAT","Stalking",11.4,"FV"
2017,"BALLARAT","Stalking",15.2,"Non-FV"
2017,"BALLARAT","Harassment and private nuisance",10.4,"FV"
2017,"BALLARAT","Harassment and private nuisance",28.4,"Non-FV"
2017,"BALLARAT","Threatening behaviour",58.7,"FV"
2017,"BALLARAT","Threatening behaviour",33.2,"Non-FV"
2017,"PYRENEES","Serious assault",177.5,"FV"
2017,"PYRENEES","Serious assault",163.8,"Non-FV"
2017,"PYRENEES","Common assault",273,"FV"
2017,"PYRENEES","Common assault",163.8,"Non-FV"
2017,"PYRENEES","Stalking",13.7,"FV"
2017,"PYRENEES","Harassment and private nuisance",13.7,"Non-FV"
2017,"PYRENEES","Threatening behaviour",68.3,"FV"
2017,"PYRENEES","Threatening behaviour",136.5,"Non-FV"
2017,"BANYULE","Serious assault",101.8,"FV"
2017,"BANYULE","Serious assault",92.5,"Non-FV"
2017,"BANYULE","Common assault",154.7,"FV"
2017,"BANYULE","Common assault",97.9,"Non-FV"
2017,"BANYULE","Stalking",16.3,"FV"
2017,"BANYULE","Stalking",12.4,"Non-FV"
2017,"BANYULE","Harassment and private nuisance",14.8,"FV"
2017,"BANYULE","Harassment and private nuisance",59.1,"Non-FV"
2017,"BANYULE","Threatening behaviour",46.6,"FV"
2017,"BANYULE","Threatening behaviour",45.1,"Non-FV"
2017,"NILLUMBIK","Serious assault",45,"FV"
2017,"NILLUMBIK","Serious assault",41.9,"Non-FV"
2017,"NILLUMBIK","Common assault",96.3,"FV"
2017,"NILLUMBIK","Common assault",94.7,"Non-FV"
2017,"NILLUMBIK","Stalking",7.8,"FV"
2017,"NILLUMBIK","Stalking",31,"Non-FV"
2017,"NILLUMBIK","Harassment and private nuisance",4.7,"FV"
2017,"NILLUMBIK","Harassment and private nuisance",20.2,"Non-FV"
2017,"NILLUMBIK","Threatening behaviour",31,"FV"
2017,"NILLUMBIK","Threatening behaviour",17.1,"Non-FV"
2017,"BASS COAST","Serious assault",103.6,"FV"
2017,"BASS COAST","Serious assault",169.8,"Non-FV"
2017,"BASS COAST","Common assault",296.4,"FV"
2017,"BASS COAST","Common assault",169.8,"Non-FV"
2017,"BASS COAST","Stalking",43.2,"FV"
2017,"BASS COAST","Stalking",28.8,"Non-FV"
2017,"BASS COAST","Harassment and private nuisance",17.3,"FV"
2017,"BASS COAST","Harassment and private nuisance",25.9,"Non-FV"
2017,"BASS COAST","Threatening behaviour",77.7,"FV"
2017,"BASS COAST","Threatening behaviour",66.2,"Non-FV"
2017,"SOUTH GIPPSLAND","Serious assault",102.2,"FV"
2017,"SOUTH GIPPSLAND","Serious assault",68.1,"Non-FV"
2017,"SOUTH GIPPSLAND","Common assault",218,"FV"
2017,"SOUTH GIPPSLAND","Common assault",78.3,"Non-FV"
2017,"SOUTH GIPPSLAND","Stalking",23.8,"FV"
2017,"SOUTH GIPPSLAND","Stalking",37.5,"Non-FV"
2017,"SOUTH GIPPSLAND","Harassment and private nuisance",37.5,"FV"
2017,"SOUTH GIPPSLAND","Harassment and private nuisance",30.7,"Non-FV"
2017,"SOUTH GIPPSLAND","Threatening behaviour",74.9,"FV"
2017,"SOUTH GIPPSLAND","Threatening behaviour",68.1,"Non-FV"
2017,"BAW BAW","Serious assault",163.1,"FV"
2017,"BAW BAW","Serious assault",127.7,"Non-FV"
2017,"BAW BAW","Common assault",279.1,"FV"
2017,"BAW BAW","Common assault",98.3,"Non-FV"
2017,"BAW BAW","Stalking",45.2,"FV"
2017,"BAW BAW","Stalking",27.5,"Non-FV"
2017,"BAW BAW","Harassment and private nuisance",19.7,"FV"
2017,"BAW BAW","Harassment and private nuisance",19.7,"Non-FV"
2017,"BAW BAW","Threatening behaviour",116,"FV"
2017,"BAW BAW","Threatening behaviour",55,"Non-FV"
2017,"BENALLA","Serious assault",256.2,"FV"
2017,"BENALLA","Serious assault",242,"Non-FV"
2017,"BENALLA","Common assault",505.4,"FV"
2017,"BENALLA","Common assault",242,"Non-FV"
2017,"BENALLA","Stalking",42.7,"FV"
2017,"BENALLA","Stalking",14.2,"Non-FV"
2017,"BENALLA","Harassment and private nuisance",49.8,"FV"
2017,"BENALLA","Harassment and private nuisance",7.1,"Non-FV"
2017,"BENALLA","Threatening behaviour",64.1,"FV"
2017,"BENALLA","Threatening behaviour",71.2,"Non-FV"
2017,"MANSFIELD","Serious assault",112.4,"FV"
2017,"MANSFIELD","Serious assault",179.8,"Non-FV"
2017,"MANSFIELD","Common assault",191.1,"FV"
2017,"MANSFIELD","Common assault",112.4,"Non-FV"
2017,"MANSFIELD","Stalking",22.5,"FV"
2017,"MANSFIELD","Stalking",11.2,"Non-FV"
2017,"MANSFIELD","Harassment and private nuisance",33.7,"Non-FV"
2017,"MANSFIELD","Threatening behaviour",45,"FV"
2017,"MANSFIELD","Threatening behaviour",101.2,"Non-FV"
2017,"MURRINDINDI","Serious assault",119,"FV"
2017,"MURRINDINDI","Serious assault",56,"Non-FV"
2017,"MURRINDINDI","Common assault",147,"FV"
2017,"MURRINDINDI","Common assault",91,"Non-FV"
2017,"MURRINDINDI","Stalking",28,"FV"
2017,"MURRINDINDI","Stalking",42,"Non-FV"
2017,"MURRINDINDI","Harassment and private nuisance",14,"FV"
2017,"MURRINDINDI","Harassment and private nuisance",21,"Non-FV"
2017,"MURRINDINDI","Threatening behaviour",49,"FV"
2017,"MURRINDINDI","Threatening behaviour",35,"Non-FV"
2017,"GREATER BENDIGO","Serious assault",126.9,"FV"
2017,"GREATER BENDIGO","Serious assault",142.7,"Non-FV"
2017,"GREATER BENDIGO","Common assault",259.9,"FV"
2017,"GREATER BENDIGO","Common assault",180.3,"Non-FV"
2017,"GREATER BENDIGO","Stalking",14,"FV"
2017,"GREATER BENDIGO","Stalking",9.6,"Non-FV"
2017,"GREATER BENDIGO","Harassment and private nuisance",14,"FV"
2017,"GREATER BENDIGO","Harassment and private nuisance",23.6,"Non-FV"
2017,"GREATER BENDIGO","Threatening behaviour",53.4,"FV"
2017,"GREATER BENDIGO","Threatening behaviour",39.4,"Non-FV"
2017,"BOROONDARA","Serious assault",37.5,"FV"
2017,"BOROONDARA","Serious assault",41.4,"Non-FV"
2017,"BOROONDARA","Common assault",76.1,"FV"
2017,"BOROONDARA","Common assault",58.8,"Non-FV"
2017,"BOROONDARA","Stalking",9,"FV"
2017,"BOROONDARA","Stalking",52.6,"Non-FV"
2017,"BOROONDARA","Harassment and private nuisance",2.2,"FV"
2017,"BOROONDARA","Harassment and private nuisance",8.4,"Non-FV"
2017,"BOROONDARA","Threatening behaviour",25.2,"FV"
2017,"BOROONDARA","Threatening behaviour",16.8,"Non-FV"
2017,"BRIMBANK","Serious assault",153.8,"FV"
2017,"BRIMBANK","Serious assault",142.2,"Non-FV"
2017,"BRIMBANK","Common assault",243.1,"FV"
2017,"BRIMBANK","Common assault",134.4,"Non-FV"
2017,"BRIMBANK","Stalking",14.1,"FV"
2017,"BRIMBANK","Stalking",9.7,"Non-FV"
2017,"BRIMBANK","Harassment and private nuisance",21.3,"FV"
2017,"BRIMBANK","Harassment and private nuisance",10.7,"Non-FV"
2017,"BRIMBANK","Threatening behaviour",72.3,"FV"
2017,"BRIMBANK","Threatening behaviour",34,"Non-FV"
2017,"CAMPASPE","Serious assault",187.8,"FV"
2017,"CAMPASPE","Serious assault",187.8,"Non-FV"
2017,"CAMPASPE","Common assault",214.3,"FV"
2017,"CAMPASPE","Common assault",127,"Non-FV"
2017,"CAMPASPE","Stalking",10.6,"FV"
2017,"CAMPASPE","Stalking",21.2,"Non-FV"
2017,"CAMPASPE","Harassment and private nuisance",15.9,"FV"
2017,"CAMPASPE","Harassment and private nuisance",15.9,"Non-FV"
2017,"CAMPASPE","Threatening behaviour",47.6,"FV"
2017,"CAMPASPE","Threatening behaviour",76.7,"Non-FV"
2017,"CARDINIA","Serious assault",99.7,"FV"
2017,"CARDINIA","Serious assault",63.6,"Non-FV"
2017,"CARDINIA","Common assault",270.9,"FV"
2017,"CARDINIA","Common assault",86.1,"Non-FV"
2017,"CARDINIA","Stalking",13.7,"FV"
2017,"CARDINIA","Stalking",17.6,"Non-FV"
2017,"CARDINIA","Harassment and private nuisance",18.6,"FV"
2017,"CARDINIA","Harassment and private nuisance",11.7,"Non-FV"
2017,"CARDINIA","Threatening behaviour",64.5,"FV"
2017,"CARDINIA","Threatening behaviour",40.1,"Non-FV"
2017,"CASEY","Serious assault",102.2,"FV"
2017,"CASEY","Serious assault",84.3,"Non-FV"
2017,"CASEY","Common assault",365.9,"FV"
2017,"CASEY","Common assault",136.6,"Non-FV"
2017,"CASEY","Stalking",24,"FV"
2017,"CASEY","Stalking",18.5,"Non-FV"
2017,"CASEY","Harassment and private nuisance",21.2,"FV"
2017,"CASEY","Harassment and private nuisance",10.5,"Non-FV"
2017,"CASEY","Threatening behaviour",84,"FV"
2017,"CASEY","Threatening behaviour",39.4,"Non-FV"
2017,"CENTRAL GOLDFIELDS","Serious assault",219.7,"FV"
2017,"CENTRAL GOLDFIELDS","Serious assault",121.2,"Non-FV"
2017,"CENTRAL GOLDFIELDS","Common assault",454.5,"FV"
2017,"CENTRAL GOLDFIELDS","Common assault",197,"Non-FV"
2017,"CENTRAL GOLDFIELDS","Stalking",30.3,"FV"
2017,"CENTRAL GOLDFIELDS","Harassment and private nuisance",45.5,"FV"
2017,"CENTRAL GOLDFIELDS","Threatening behaviour",90.9,"FV"
2017,"CENTRAL GOLDFIELDS","Threatening behaviour",113.6,"Non-FV"
2017,"LODDON","Serious assault",132.1,"FV"
2017,"LODDON","Serious assault",79.3,"Non-FV"
2017,"LODDON","Common assault",158.5,"FV"
2017,"LODDON","Common assault",92.5,"Non-FV"
2017,"LODDON","Stalking",13.2,"FV"
2017,"LODDON","Harassment and private nuisance",13.2,"Non-FV"
2017,"LODDON","Threatening behaviour",66.1,"FV"
2017,"LODDON","Threatening behaviour",158.5,"Non-FV"
2017,"MOUNT ALEXANDER","Serious assault",77.7,"FV"
2017,"MOUNT ALEXANDER","Serious assault",72.6,"Non-FV"
2017,"MOUNT ALEXANDER","Common assault",108.8,"FV"
2017,"MOUNT ALEXANDER","Common assault",98.5,"Non-FV"
2017,"MOUNT ALEXANDER","Stalking",15.5,"FV"
2017,"MOUNT ALEXANDER","Stalking",25.9,"Non-FV"
2017,"MOUNT ALEXANDER","Harassment and private nuisance",15.5,"FV"
2017,"MOUNT ALEXANDER","Harassment and private nuisance",10.4,"Non-FV"
2017,"MOUNT ALEXANDER","Threatening behaviour",15.5,"FV"
2017,"MOUNT ALEXANDER","Threatening behaviour",46.6,"Non-FV"
2017,"DAREBIN","Serious assault",111.2,"FV"
2017,"DAREBIN","Serious assault",131.6,"Non-FV"
2017,"DAREBIN","Common assault",115.6,"FV"
2017,"DAREBIN","Common assault",118.2,"Non-FV"
2017,"DAREBIN","Stalking",17.9,"FV"
2017,"DAREBIN","Stalking",18.5,"Non-FV"
2017,"DAREBIN","Harassment and private nuisance",26.8,"FV"
2017,"DAREBIN","Harassment and private nuisance",7.7,"Non-FV"
2017,"DAREBIN","Threatening behaviour",35.1,"FV"
2017,"DAREBIN","Threatening behaviour",37.1,"Non-FV"
2017,"EAST GIPPSLAND","Serious assault",272.6,"FV"
2017,"EAST GIPPSLAND","Serious assault",238,"Non-FV"
2017,"EAST GIPPSLAND","Common assault",359.2,"FV"
2017,"EAST GIPPSLAND","Common assault",190.4,"Non-FV"
2017,"EAST GIPPSLAND","Stalking",17.3,"FV"
2017,"EAST GIPPSLAND","Stalking",19.5,"Non-FV"
2017,"EAST GIPPSLAND","Harassment and private nuisance",23.8,"FV"
2017,"EAST GIPPSLAND","Harassment and private nuisance",10.8,"Non-FV"
2017,"EAST GIPPSLAND","Threatening behaviour",97.4,"FV"
2017,"EAST GIPPSLAND","Threatening behaviour",80.1,"Non-FV"
2017,"FRANKSTON","Serious assault",128.7,"FV"
2017,"FRANKSTON","Serious assault",170.7,"Non-FV"
2017,"FRANKSTON","Common assault",299.4,"FV"
2017,"FRANKSTON","Common assault",184.9,"Non-FV"
2017,"FRANKSTON","Stalking",30.6,"FV"
2017,"FRANKSTON","Stalking",17.8,"Non-FV"
2017,"FRANKSTON","Harassment and private nuisance",59.7,"FV"
2017,"FRANKSTON","Harassment and private nuisance",8.5,"Non-FV"
2017,"FRANKSTON","Threatening behaviour",76.1,"FV"
2017,"FRANKSTON","Threatening behaviour",46.2,"Non-FV"
2017,"GREATER GEELONG","Serious assault",140.8,"FV"
2017,"GREATER GEELONG","Serious assault",145.7,"Non-FV"
2017,"GREATER GEELONG","Common assault",192,"FV"
2017,"GREATER GEELONG","Common assault",120.5,"Non-FV"
2017,"GREATER GEELONG","Stalking",16.6,"FV"
2017,"GREATER GEELONG","Stalking",11.4,"Non-FV"
2017,"GREATER GEELONG","Harassment and private nuisance",19.1,"FV"
2017,"GREATER GEELONG","Harassment and private nuisance",6.5,"Non-FV"
2017,"GREATER GEELONG","Threatening behaviour",63.3,"FV"
2017,"GREATER GEELONG","Threatening behaviour",52,"Non-FV"
2017,"QUEENSCLIFFE","Serious assault",34.2,"FV"
2017,"QUEENSCLIFFE","Serious assault",34.2,"Non-FV"
2017,"QUEENSCLIFFE","Common assault",102.6,"FV"
2017,"QUEENSCLIFFE","Common assault",102.6,"Non-FV"
2017,"QUEENSCLIFFE","Threatening behaviour",68.4,"FV"
2017,"BAYSIDE","Serious assault",49.2,"FV"
2017,"BAYSIDE","Serious assault",41.5,"Non-FV"
2017,"BAYSIDE","Common assault",149.5,"FV"
2017,"BAYSIDE","Common assault",60.8,"Non-FV"
2017,"BAYSIDE","Stalking",4.8,"FV"
2017,"BAYSIDE","Stalking",15.4,"Non-FV"
2017,"BAYSIDE","Harassment and private nuisance",7.7,"FV"
2017,"BAYSIDE","Harassment and private nuisance",11.6,"Non-FV"
2017,"BAYSIDE","Threatening behaviour",28,"FV"
2017,"BAYSIDE","Threatening behaviour",26,"Non-FV"
2017,"GLEN EIRA","Serious assault",57.1,"FV"
2017,"GLEN EIRA","Serious assault",62.4,"Non-FV"
2017,"GLEN EIRA","Common assault",124.7,"FV"
2017,"GLEN EIRA","Common assault",87.6,"Non-FV"
2017,"GLEN EIRA","Stalking",15.9,"FV"
2017,"GLEN EIRA","Stalking",14.6,"Non-FV"
2017,"GLEN EIRA","Harassment and private nuisance",8.6,"FV"
2017,"GLEN EIRA","Harassment and private nuisance",4.6,"Non-FV"
2017,"GLEN EIRA","Threatening behaviour",19.2,"FV"
2017,"GLEN EIRA","Threatening behaviour",30.5,"Non-FV"
2017,"GREATER DANDENONG","Serious assault",120.3,"FV"
2017,"GREATER DANDENONG","Serious assault",179.8,"Non-FV"
2017,"GREATER DANDENONG","Common assault",514.4,"FV"
2017,"GREATER DANDENONG","Common assault",248,"Non-FV"
2017,"GREATER DANDENONG","Stalking",26.4,"FV"
2017,"GREATER DANDENONG","Stalking",17.8,"Non-FV"
2017,"GREATER DANDENONG","Harassment and private nuisance",35.6,"FV"
2017,"GREATER DANDENONG","Harassment and private nuisance",11.7,"Non-FV"
2017,"GREATER DANDENONG","Threatening behaviour",105.6,"FV"
2017,"GREATER DANDENONG","Threatening behaviour",56.5,"Non-FV"
2017,"HOBSONS BAY","Serious assault",137.5,"FV"
2017,"HOBSONS BAY","Serious assault",86.7,"Non-FV"
2017,"HOBSONS BAY","Common assault",165,"FV"
2017,"HOBSONS BAY","Common assault",96.3,"Non-FV"
2017,"HOBSONS BAY","Stalking",26.4,"FV"
2017,"HOBSONS BAY","Stalking",15.9,"Non-FV"
2017,"HOBSONS BAY","Harassment and private nuisance",40.2,"FV"
2017,"HOBSONS BAY","Harassment and private nuisance",8.5,"Non-FV"
2017,"HOBSONS BAY","Threatening behaviour",65.6,"FV"
2017,"HOBSONS BAY","Threatening behaviour",46.5,"Non-FV"
2017,"HINDMARSH","Serious assault",261.9,"FV"
2017,"HINDMARSH","Serious assault",209.5,"Non-FV"
2017,"HINDMARSH","Common assault",296.8,"FV"
2017,"HINDMARSH","Common assault",174.6,"Non-FV"
2017,"HINDMARSH","Stalking",17.5,"FV"
2017,"HINDMARSH","Stalking",87.3,"Non-FV"
2017,"HINDMARSH","Harassment and private nuisance",34.9,"FV"
2017,"HINDMARSH","Harassment and private nuisance",52.4,"Non-FV"
2017,"HINDMARSH","Threatening behaviour",157.1,"FV"
2017,"HINDMARSH","Threatening behaviour",69.8,"Non-FV"
2017,"HORSHAM","Serious assault",300.3,"FV"
2017,"HORSHAM","Serious assault",290.3,"Non-FV"
2017,"HORSHAM","Common assault",490.6,"FV"
2017,"HORSHAM","Common assault",290.3,"Non-FV"
2017,"HORSHAM","Stalking",65.1,"FV"
2017,"HORSHAM","Stalking",20,"Non-FV"
2017,"HORSHAM","Harassment and private nuisance",80.1,"FV"
2017,"HORSHAM","Harassment and private nuisance",25,"Non-FV"
2017,"HORSHAM","Threatening behaviour",100.1,"FV"
2017,"HORSHAM","Threatening behaviour",75.1,"Non-FV"
2017,"WEST WIMMERA","Serious assault",101.2,"FV"
2017,"WEST WIMMERA","Serious assault",101.2,"Non-FV"
2017,"WEST WIMMERA","Common assault",151.8,"FV"
2017,"WEST WIMMERA","Common assault",50.6,"Non-FV"
2017,"WEST WIMMERA","Stalking",25.3,"FV"
2017,"WEST WIMMERA","Stalking",25.3,"Non-FV"
2017,"WEST WIMMERA","Harassment and private nuisance",50.6,"FV"
2017,"WEST WIMMERA","Harassment and private nuisance",177.1,"Non-FV"
2017,"WEST WIMMERA","Threatening behaviour",75.9,"FV"
2017,"WEST WIMMERA","Threatening behaviour",101.2,"Non-FV"
2017,"HUME","Serious assault",180.3,"FV"
2017,"HUME","Serious assault",128.1,"Non-FV"
2017,"HUME","Common assault",265.4,"FV"
2017,"HUME","Common assault",169.7,"Non-FV"
2017,"HUME","Stalking",33.3,"FV"
2017,"HUME","Stalking",15.3,"Non-FV"
2017,"HUME","Harassment and private nuisance",30.5,"FV"
2017,"HUME","Harassment and private nuisance",18,"Non-FV"
2017,"HUME","Threatening behaviour",103.1,"FV"
2017,"HUME","Threatening behaviour",62,"Non-FV"
2017,"KINGSTON","Serious assault",73.7,"FV"
2017,"KINGSTON","Serious assault",96.2,"Non-FV"
2017,"KINGSTON","Common assault",164.9,"FV"
2017,"KINGSTON","Common assault",107.4,"Non-FV"
2017,"KINGSTON","Stalking",13.1,"FV"
2017,"KINGSTON","Stalking",12.5,"Non-FV"
2017,"KINGSTON","Harassment and private nuisance",10.6,"FV"
2017,"KINGSTON","Harassment and private nuisance",11.9,"Non-FV"
2017,"KINGSTON","Threatening behaviour",44.3,"FV"
2017,"KINGSTON","Threatening behaviour",30.6,"Non-FV"
2017,"KNOX","Serious assault",109,"FV"
2017,"KNOX","Serious assault",83.6,"Non-FV"
2017,"KNOX","Common assault",183.3,"FV"
2017,"KNOX","Common assault",91.6,"Non-FV"
2017,"KNOX","Stalking",13.6,"FV"
2017,"KNOX","Stalking",11.1,"Non-FV"
2017,"KNOX","Harassment and private nuisance",9.3,"FV"
2017,"KNOX","Harassment and private nuisance",11.8,"Non-FV"
2017,"KNOX","Threatening behaviour",47.1,"FV"
2017,"KNOX","Threatening behaviour",29.7,"Non-FV"
2017,"LATROBE","Serious assault",403.5,"FV"
2017,"LATROBE","Serious assault",406.2,"Non-FV"
2017,"LATROBE","Common assault",599.3,"FV"
2017,"LATROBE","Common assault",347.6,"Non-FV"
2017,"LATROBE","Stalking",118.5,"FV"
2017,"LATROBE","Stalking",53.3,"Non-FV"
2017,"LATROBE","Harassment and private nuisance",127.8,"FV"
2017,"LATROBE","Harassment and private nuisance",50.6,"Non-FV"
2017,"LATROBE","Threatening behaviour",182.5,"FV"
2017,"LATROBE","Threatening behaviour",207.8,"Non-FV"
2017,"MACEDON RANGES","Serious assault",72.3,"FV"
2017,"MACEDON RANGES","Serious assault",59.9,"Non-FV"
2017,"MACEDON RANGES","Common assault",99.1,"FV"
2017,"MACEDON RANGES","Common assault",84.7,"Non-FV"
2017,"MACEDON RANGES","Stalking",10.3,"FV"
2017,"MACEDON RANGES","Stalking",6.2,"Non-FV"
2017,"MACEDON RANGES","Harassment and private nuisance",55.8,"FV"
2017,"MACEDON RANGES","Harassment and private nuisance",8.3,"Non-FV"
2017,"MACEDON RANGES","Threatening behaviour",80.6,"FV"
2017,"MACEDON RANGES","Threatening behaviour",24.8,"Non-FV"
2017,"MANNINGHAM","Serious assault",71.7,"FV"
2017,"MANNINGHAM","Serious assault",46.7,"Non-FV"
2017,"MANNINGHAM","Common assault",107.1,"FV"
2017,"MANNINGHAM","Common assault",54,"Non-FV"
2017,"MANNINGHAM","Stalking",8.1,"FV"
2017,"MANNINGHAM","Stalking",14.5,"Non-FV"
2017,"MANNINGHAM","Harassment and private nuisance",3.2,"FV"
2017,"MANNINGHAM","Harassment and private nuisance",6.4,"Non-FV"
2017,"MANNINGHAM","Threatening behaviour",37.1,"FV"
2017,"MANNINGHAM","Threatening behaviour",16.9,"Non-FV"
2017,"MARIBYRNONG","Serious assault",99.9,"FV"
2017,"MARIBYRNONG","Serious assault",173.6,"Non-FV"
2017,"MARIBYRNONG","Common assault",146.4,"FV"
2017,"MARIBYRNONG","Common assault",188.4,"Non-FV"
2017,"MARIBYRNONG","Stalking",18.2,"FV"
2017,"MARIBYRNONG","Stalking",19.3,"Non-FV"
2017,"MARIBYRNONG","Harassment and private nuisance",11.3,"FV"
2017,"MARIBYRNONG","Harassment and private nuisance",3.4,"Non-FV"
2017,"MARIBYRNONG","Threatening behaviour",45.4,"FV"
2017,"MARIBYRNONG","Threatening behaviour",34,"Non-FV"
2017,"MAROONDAH","Serious assault",75.7,"FV"
2017,"MAROONDAH","Serious assault",104.1,"Non-FV"
2017,"MAROONDAH","Common assault",168.6,"FV"
2017,"MAROONDAH","Common assault",146.3,"Non-FV"
2017,"MAROONDAH","Stalking",20.6,"FV"
2017,"MAROONDAH","Stalking",34.4,"Non-FV"
2017,"MAROONDAH","Harassment and private nuisance",22.4,"FV"
2017,"MAROONDAH","Harassment and private nuisance",17.2,"Non-FV"
2017,"MAROONDAH","Threatening behaviour",51.6,"FV"
2017,"MAROONDAH","Threatening behaviour",31,"Non-FV"
2017,"MELBOURNE","Serious assault",152,"FV"
2017,"MELBOURNE","Serious assault",638,"Non-FV"
2017,"MELBOURNE","Common assault",205.2,"FV"
2017,"MELBOURNE","Common assault",716.2,"Non-FV"
2017,"MELBOURNE","Stalking",36.5,"FV"
2017,"MELBOURNE","Stalking",30.8,"Non-FV"
2017,"MELBOURNE","Harassment and private nuisance",29.5,"FV"
2017,"MELBOURNE","Harassment and private nuisance",33.3,"Non-FV"
2017,"MELBOURNE","Threatening behaviour",82.1,"FV"
2017,"MELBOURNE","Threatening behaviour",122.5,"Non-FV"
2017,"MELTON","Serious assault",181.6,"FV"
2017,"MELTON","Serious assault",110.3,"Non-FV"
2017,"MELTON","Common assault",213.2,"FV"
2017,"MELTON","Common assault",76,"Non-FV"
2017,"MELTON","Stalking",23.5,"FV"
2017,"MELTON","Stalking",4.7,"Non-FV"
2017,"MELTON","Harassment and private nuisance",44.4,"FV"
2017,"MELTON","Harassment and private nuisance",12.8,"Non-FV"
2017,"MELTON","Threatening behaviour",105.6,"FV"
2017,"MELTON","Threatening behaviour",41,"Non-FV"
2017,"MERRI-BEK","Serious assault",116.5,"FV"
2017,"MERRI-BEK","Serious assault",117.1,"Non-FV"
2017,"MERRI-BEK","Common assault",182.7,"FV"
2017,"MERRI-BEK","Common assault",117.6,"Non-FV"
2017,"MERRI-BEK","Stalking",20,"FV"
2017,"MERRI-BEK","Stalking",18.8,"Non-FV"
2017,"MERRI-BEK","Harassment and private nuisance",18.8,"FV"
2017,"MERRI-BEK","Harassment and private nuisance",11.4,"Non-FV"
2017,"MERRI-BEK","Threatening behaviour",50.8,"FV"
2017,"MERRI-BEK","Threatening behaviour",28,"Non-FV"
2017,"MILDURA","Serious assault",304.9,"FV"
2017,"MILDURA","Serious assault",169.6,"Non-FV"
2017,"MILDURA","Common assault",532.2,"FV"
2017,"MILDURA","Common assault",196.6,"Non-FV"
2017,"MILDURA","Stalking",28.9,"FV"
2017,"MILDURA","Stalking",18,"Non-FV"
2017,"MILDURA","Harassment and private nuisance",36.1,"FV"
2017,"MILDURA","Harassment and private nuisance",25.3,"Non-FV"
2017,"MILDURA","Threatening behaviour",88.4,"FV"
2017,"MILDURA","Threatening behaviour",66.7,"Non-FV"
2017,"MITCHELL","Serious assault",220.7,"FV"
2017,"MITCHELL","Serious assault",192.8,"Non-FV"
2017,"MITCHELL","Common assault",374,"FV"
2017,"MITCHELL","Common assault",185.9,"Non-FV"
2017,"MITCHELL","Stalking",34.8,"FV"
2017,"MITCHELL","Stalking",32.5,"Non-FV"
2017,"MITCHELL","Harassment and private nuisance",58.1,"FV"
2017,"MITCHELL","Harassment and private nuisance",34.8,"Non-FV"
2017,"MITCHELL","Threatening behaviour",146.4,"FV"
2017,"MITCHELL","Threatening behaviour",92.9,"Non-FV"
2017,"STRATHBOGIE","Serious assault",94.9,"FV"
2017,"STRATHBOGIE","Serious assault",85.5,"Non-FV"
2017,"STRATHBOGIE","Common assault",256.4,"FV"
2017,"STRATHBOGIE","Common assault",104.4,"Non-FV"
2017,"STRATHBOGIE","Stalking",9.5,"FV"
2017,"STRATHBOGIE","Stalking",19,"Non-FV"
2017,"STRATHBOGIE","Harassment and private nuisance",47.5,"FV"
2017,"STRATHBOGIE","Harassment and private nuisance",19,"Non-FV"
2017,"STRATHBOGIE","Threatening behaviour",123.4,"FV"
2017,"STRATHBOGIE","Threatening behaviour",19,"Non-FV"
2017,"MONASH","Serious assault",57.8,"FV"
2017,"MONASH","Serious assault",62.9,"Non-FV"
2017,"MONASH","Common assault",148.7,"FV"
2017,"MONASH","Common assault",79.7,"Non-FV"
2017,"MONASH","Stalking",7.7,"FV"
2017,"MONASH","Stalking",21.5,"Non-FV"
2017,"MONASH","Harassment and private nuisance",8.7,"FV"
2017,"MONASH","Harassment and private nuisance",8.7,"Non-FV"
2017,"MONASH","Threatening behaviour",33.7,"FV"
2017,"MONASH","Threatening behaviour",28.1,"Non-FV"
2017,"MOONEE VALLEY","Serious assault",99.7,"FV"
2017,"MOONEE VALLEY","Serious assault",121.5,"Non-FV"
2017,"MOONEE VALLEY","Common assault",117.4,"FV"
2017,"MOONEE VALLEY","Common assault",119.9,"Non-FV"
2017,"MOONEE VALLEY","Stalking",14.5,"FV"
2017,"MOONEE VALLEY","Stalking",17.7,"Non-FV"
2017,"MOONEE VALLEY","Harassment and private nuisance",10.5,"FV"
2017,"MOONEE VALLEY","Harassment and private nuisance",7.2,"Non-FV"
2017,"MOONEE VALLEY","Threatening behaviour",41,"FV"
2017,"MOONEE VALLEY","Threatening behaviour",43.4,"Non-FV"
2017,"GOLDEN PLAINS","Serious assault",39.8,"FV"
2017,"GOLDEN PLAINS","Serious assault",26.5,"Non-FV"
2017,"GOLDEN PLAINS","Common assault",75.2,"FV"
2017,"GOLDEN PLAINS","Common assault",17.7,"Non-FV"
2017,"GOLDEN PLAINS","Stalking",8.8,"FV"
2017,"GOLDEN PLAINS","Harassment and private nuisance",8.8,"FV"
2017,"GOLDEN PLAINS","Harassment and private nuisance",4.4,"Non-FV"
2017,"GOLDEN PLAINS","Threatening behaviour",26.5,"FV"
2017,"GOLDEN PLAINS","Threatening behaviour",13.3,"Non-FV"
2017,"HEPBURN","Serious assault",89.1,"FV"
2017,"HEPBURN","Serious assault",95.5,"Non-FV"
2017,"HEPBURN","Common assault",305.6,"FV"
2017,"HEPBURN","Common assault",101.9,"Non-FV"
2017,"HEPBURN","Stalking",19.1,"FV"
2017,"HEPBURN","Harassment and private nuisance",12.7,"FV"
2017,"HEPBURN","Threatening behaviour",95.5,"FV"
2017,"HEPBURN","Threatening behaviour",44.6,"Non-FV"
2017,"MOORABOOL","Serious assault",145.4,"FV"
2017,"MOORABOOL","Serious assault",127.6,"Non-FV"
2017,"MOORABOOL","Common assault",252.3,"FV"
2017,"MOORABOOL","Common assault",86.1,"Non-FV"
2017,"MOORABOOL","Stalking",14.8,"FV"
2017,"MOORABOOL","Stalking",5.9,"Non-FV"
2017,"MOORABOOL","Harassment and private nuisance",32.7,"FV"
2017,"MOORABOOL","Harassment and private nuisance",5.9,"Non-FV"
2017,"MOORABOOL","Threatening behaviour",68.3,"FV"
2017,"MOORABOOL","Threatening behaviour",44.5,"Non-FV"
2017,"MORNINGTON PENINSULA","Serious assault",81.6,"FV"
2017,"MORNINGTON PENINSULA","Serious assault",108.4,"Non-FV"
2017,"MORNINGTON PENINSULA","Common assault",176,"FV"
2017,"MORNINGTON PENINSULA","Common assault",88.3,"Non-FV"
2017,"MORNINGTON PENINSULA","Stalking",12.8,"FV"
2017,"MORNINGTON PENINSULA","Stalking",9.7,"Non-FV"
2017,"MORNINGTON PENINSULA","Harassment and private nuisance",15.8,"FV"
2017,"MORNINGTON PENINSULA","Harassment and private nuisance",4.9,"Non-FV"
2017,"MORNINGTON PENINSULA","Threatening behaviour",57.3,"FV"
2017,"MORNINGTON PENINSULA","Threatening behaviour",34.1,"Non-FV"
2017,"ARARAT","Serious assault",322.1,"FV"
2017,"ARARAT","Serious assault",330.6,"Non-FV"
2017,"ARARAT","Common assault",449.3,"FV"
2017,"ARARAT","Common assault",254.3,"Non-FV"
2017,"ARARAT","Stalking",17,"FV"
2017,"ARARAT","Harassment and private nuisance",25.4,"FV"
2017,"ARARAT","Harassment and private nuisance",33.9,"Non-FV"
2017,"ARARAT","Threatening behaviour",76.3,"FV"
2017,"ARARAT","Threatening behaviour",67.8,"Non-FV"
2017,"NORTHERN GRAMPIANS","Serious assault",388.2,"FV"
2017,"NORTHERN GRAMPIANS","Serious assault",129.4,"Non-FV"
2017,"NORTHERN GRAMPIANS","Common assault",327.8,"FV"
2017,"NORTHERN GRAMPIANS","Common assault",215.7,"Non-FV"
2017,"NORTHERN GRAMPIANS","Stalking",69,"FV"
2017,"NORTHERN GRAMPIANS","Stalking",138,"Non-FV"
2017,"NORTHERN GRAMPIANS","Harassment and private nuisance",327.8,"FV"
2017,"NORTHERN GRAMPIANS","Harassment and private nuisance",43.1,"Non-FV"
2017,"NORTHERN GRAMPIANS","Threatening behaviour",112.2,"FV"
2017,"NORTHERN GRAMPIANS","Threatening behaviour",86.3,"Non-FV"
2017,"YARRIAMBIACK","Serious assault",283.2,"FV"
2017,"YARRIAMBIACK","Serious assault",238.5,"Non-FV"
2017,"YARRIAMBIACK","Common assault",313.1,"FV"
2017,"YARRIAMBIACK","Common assault",328,"Non-FV"
2017,"YARRIAMBIACK","Stalking",44.7,"FV"
2017,"YARRIAMBIACK","Stalking",149.1,"Non-FV"
2017,"YARRIAMBIACK","Harassment and private nuisance",29.8,"FV"
2017,"YARRIAMBIACK","Harassment and private nuisance",29.8,"Non-FV"
2017,"YARRIAMBIACK","Threatening behaviour",104.4,"FV"
2017,"YARRIAMBIACK","Threatening behaviour",44.7,"Non-FV"
2017,"PORT PHILLIP","Serious assault",124.2,"FV"
2017,"PORT PHILLIP","Serious assault",211.8,"Non-FV"
2017,"PORT PHILLIP","Common assault",168.9,"FV"
2017,"PORT PHILLIP","Common assault",230.1,"Non-FV"
2017,"PORT PHILLIP","Stalking",18.3,"FV"
2017,"PORT PHILLIP","Stalking",23.7,"Non-FV"
2017,"PORT PHILLIP","Harassment and private nuisance",29.2,"FV"
2017,"PORT PHILLIP","Harassment and private nuisance",21.9,"Non-FV"
2017,"PORT PHILLIP","Threatening behaviour",39.3,"FV"
2017,"PORT PHILLIP","Threatening behaviour",31,"Non-FV"
2017,"GREATER SHEPPARTON","Serious assault",330.5,"FV"
2017,"GREATER SHEPPARTON","Serious assault",235,"Non-FV"
2017,"GREATER SHEPPARTON","Common assault",244.1,"FV"
2017,"GREATER SHEPPARTON","Common assault",178.9,"Non-FV"
2017,"GREATER SHEPPARTON","Stalking",28.8,"FV"
2017,"GREATER SHEPPARTON","Stalking",24.3,"Non-FV"
2017,"GREATER SHEPPARTON","Harassment and private nuisance",63.7,"FV"
2017,"GREATER SHEPPARTON","Harassment and private nuisance",16.7,"Non-FV"
2017,"GREATER SHEPPARTON","Threatening behaviour",109.2,"FV"
2017,"GREATER SHEPPARTON","Threatening behaviour",63.7,"Non-FV"
2017,"GLENELG","Serious assault",181.8,"FV"
2017,"GLENELG","Serious assault",136.3,"Non-FV"
2017,"GLENELG","Common assault",308,"FV"
2017,"GLENELG","Common assault",227.2,"Non-FV"
2017,"GLENELG","Stalking",10.1,"FV"
2017,"GLENELG","Stalking",15.1,"Non-FV"
2017,"GLENELG","Harassment and private nuisance",10.1,"FV"
2017,"GLENELG","Harassment and private nuisance",20.2,"Non-FV"
2017,"GLENELG","Threatening behaviour",40.4,"FV"
2017,"GLENELG","Threatening behaviour",55.5,"Non-FV"
2017,"SOUTHERN GRAMPIANS","Serious assault",228.3,"FV"
2017,"SOUTHERN GRAMPIANS","Serious assault",55.5,"Non-FV"
2017,"SOUTHERN GRAMPIANS","Common assault",327,"FV"
2017,"SOUTHERN GRAMPIANS","Common assault",117.2,"Non-FV"
2017,"SOUTHERN GRAMPIANS","Stalking",37,"FV"
2017,"SOUTHERN GRAMPIANS","Stalking",18.5,"Non-FV"
2017,"SOUTHERN GRAMPIANS","Harassment and private nuisance",24.7,"FV"
2017,"SOUTHERN GRAMPIANS","Harassment and private nuisance",12.3,"Non-FV"
2017,"SOUTHERN GRAMPIANS","Threatening behaviour",67.9,"FV"
2017,"SOUTHERN GRAMPIANS","Threatening behaviour",49.4,"Non-FV"
2017,"STONNINGTON","Serious assault",74.9,"FV"
2017,"STONNINGTON","Serious assault",154.3,"Non-FV"
2017,"STONNINGTON","Common assault",120.4,"FV"
2017,"STONNINGTON","Common assault",151.6,"Non-FV"
2017,"STONNINGTON","Stalking",14.3,"FV"
2017,"STONNINGTON","Stalking",22.3,"Non-FV"
2017,"STONNINGTON","Harassment and private nuisance",8.9,"FV"
2017,"STONNINGTON","Harassment and private nuisance",9.8,"Non-FV"
2017,"STONNINGTON","Threatening behaviour",30.3,"FV"
2017,"STONNINGTON","Threatening behaviour",33,"Non-FV"
2017,"COLAC OTWAY","Serious assault",180.6,"FV"
2017,"COLAC OTWAY","Serious assault",166.7,"Non-FV"
2017,"COLAC OTWAY","Common assault",282.5,"FV"
2017,"COLAC OTWAY","Common assault",185.2,"Non-FV"
2017,"COLAC OTWAY","Stalking",13.9,"FV"
2017,"COLAC OTWAY","Stalking",23.2,"Non-FV"
2017,"COLAC OTWAY","Harassment and private nuisance",37,"FV"
2017,"COLAC OTWAY","Harassment and private nuisance",4.6,"Non-FV"
2017,"COLAC OTWAY","Threatening behaviour",97.2,"FV"
2017,"COLAC OTWAY","Threatening behaviour",97.2,"Non-FV"
2017,"SURF COAST","Serious assault",38,"FV"
2017,"SURF COAST","Serious assault",50.7,"Non-FV"
2017,"SURF COAST","Common assault",107.7,"FV"
2017,"SURF COAST","Common assault",60.2,"Non-FV"
2017,"SURF COAST","Stalking",6.3,"FV"
2017,"SURF COAST","Stalking",12.7,"Non-FV"
2017,"SURF COAST","Harassment and private nuisance",3.2,"FV"
2017,"SURF COAST","Harassment and private nuisance",9.5,"Non-FV"
2017,"SURF COAST","Threatening behaviour",19,"FV"
2017,"SURF COAST","Threatening behaviour",19,"Non-FV"
2017,"BULOKE","Serious assault",80.4,"FV"
2017,"BULOKE","Serious assault",128.6,"Non-FV"
2017,"BULOKE","Common assault",128.6,"FV"
2017,"BULOKE","Common assault",144.7,"Non-FV"
2017,"BULOKE","Threatening behaviour",32.1,"FV"
2017,"BULOKE","Threatening behaviour",48.2,"Non-FV"
2017,"GANNAWARRA","Serious assault",141.5,"FV"
2017,"GANNAWARRA","Serious assault",66,"Non-FV"
2017,"GANNAWARRA","Common assault",367.9,"FV"
2017,"GANNAWARRA","Common assault",122.6,"Non-FV"
2017,"GANNAWARRA","Stalking",18.9,"FV"
2017,"GANNAWARRA","Stalking",37.7,"Non-FV"
2017,"GANNAWARRA","Harassment and private nuisance",18.9,"FV"
2017,"GANNAWARRA","Threatening behaviour",94.3,"FV"
2017,"GANNAWARRA","Threatening behaviour",9.4,"Non-FV"
2017,"SWAN HILL","Serious assault",365.5,"FV"
2017,"SWAN HILL","Serious assault",365.5,"Non-FV"
2017,"SWAN HILL","Common assault",294.3,"FV"
2017,"SWAN HILL","Common assault",189.9,"Non-FV"
2017,"SWAN HILL","Stalking",4.7,"FV"
2017,"SWAN HILL","Harassment and private nuisance",42.7,"FV"
2017,"SWAN HILL","Harassment and private nuisance",33.2,"Non-FV"
2017,"SWAN HILL","Threatening behaviour",137.6,"FV"
2017,"SWAN HILL","Threatening behaviour",113.9,"Non-FV"
2017,"ALPINE","Serious assault",55.2,"FV"
2017,"ALPINE","Serious assault",110.3,"Non-FV"
2017,"ALPINE","Common assault",110.3,"FV"
2017,"ALPINE","Common assault",55.2,"Non-FV"
2017,"ALPINE","Stalking",7.9,"FV"
2017,"ALPINE","Harassment and private nuisance",7.9,"Non-FV"
2017,"ALPINE","Threatening behaviour",15.8,"FV"
2017,"ALPINE","Threatening behaviour",31.5,"Non-FV"
2017,"MOIRA","Serious assault",185.1,"FV"
2017,"MOIRA","Serious assault",107.7,"Non-FV"
2017,"MOIRA","Common assault",225.5,"FV"
2017,"MOIRA","Common assault",90.9,"Non-FV"
2017,"MOIRA","Stalking",13.5,"FV"
2017,"MOIRA","Stalking",10.1,"Non-FV"
2017,"MOIRA","Harassment and private nuisance",26.9,"FV"
2017,"MOIRA","Harassment and private nuisance",16.8,"Non-FV"
2017,"MOIRA","Threatening behaviour",114.4,"FV"
2017,"MOIRA","Threatening behaviour",33.7,"Non-FV"
2017,"WANGARATTA","Serious assault",179.6,"FV"
2017,"WANGARATTA","Serious assault",248.7,"Non-FV"
2017,"WANGARATTA","Common assault",190,"FV"
2017,"WANGARATTA","Common assault",193.4,"Non-FV"
2017,"WANGARATTA","Stalking",41.4,"FV"
2017,"WANGARATTA","Stalking",51.8,"Non-FV"
2017,"WANGARATTA","Harassment and private nuisance",6.9,"FV"
2017,"WANGARATTA","Harassment and private nuisance",31.1,"Non-FV"
2017,"WANGARATTA","Threatening behaviour",69.1,"FV"
2017,"WANGARATTA","Threatening behaviour",93.3,"Non-FV"
2017,"CORANGAMITE","Serious assault",147.4,"FV"
2017,"CORANGAMITE","Serious assault",55.3,"Non-FV"
2017,"CORANGAMITE","Common assault",251.9,"FV"
2017,"CORANGAMITE","Common assault",92.1,"Non-FV"
2017,"CORANGAMITE","Stalking",6.1,"Non-FV"
2017,"CORANGAMITE","Harassment and private nuisance",43,"FV"
2017,"CORANGAMITE","Harassment and private nuisance",6.1,"Non-FV"
2017,"CORANGAMITE","Threatening behaviour",36.9,"FV"
2017,"CORANGAMITE","Threatening behaviour",55.3,"Non-FV"
2017,"MOYNE","Serious assault",107.3,"FV"
2017,"MOYNE","Serious assault",83.4,"Non-FV"
2017,"MOYNE","Common assault",137.1,"FV"
2017,"MOYNE","Common assault",89.4,"Non-FV"
2017,"MOYNE","Stalking",6,"FV"
2017,"MOYNE","Harassment and private nuisance",17.9,"FV"
2017,"MOYNE","Harassment and private nuisance",11.9,"Non-FV"
2017,"MOYNE","Threatening behaviour",29.8,"FV"
2017,"MOYNE","Threatening behaviour",29.8,"Non-FV"
2017,"WARRNAMBOOL","Serious assault",211.5,"FV"
2017,"WARRNAMBOOL","Serious assault",275.2,"Non-FV"
2017,"WARRNAMBOOL","Common assault",278.1,"FV"
2017,"WARRNAMBOOL","Common assault",194.1,"Non-FV"
2017,"WARRNAMBOOL","Stalking",11.6,"FV"
2017,"WARRNAMBOOL","Stalking",20.3,"Non-FV"
2017,"WARRNAMBOOL","Harassment and private nuisance",37.7,"FV"
2017,"WARRNAMBOOL","Harassment and private nuisance",14.5,"Non-FV"
2017,"WARRNAMBOOL","Threatening behaviour",84,"FV"
2017,"WARRNAMBOOL","Threatening behaviour",84,"Non-FV"
2017,"WELLINGTON","Serious assault",157.3,"FV"
2017,"WELLINGTON","Serious assault",198.3,"Non-FV"
2017,"WELLINGTON","Common assault",373.8,"FV"
2017,"WELLINGTON","Common assault",296.3,"Non-FV"
2017,"WELLINGTON","Stalking",36.5,"FV"
2017,"WELLINGTON","Stalking",13.7,"Non-FV"
2017,"WELLINGTON","Harassment and private nuisance",61.5,"FV"
2017,"WELLINGTON","Harassment and private nuisance",11.4,"Non-FV"
2017,"WELLINGTON","Threatening behaviour",68.4,"FV"
2017,"WELLINGTON","Threatening behaviour",98,"Non-FV"
2017,"WHITEHORSE","Serious assault",46.4,"FV"
2017,"WHITEHORSE","Serious assault",69.6,"Non-FV"
2017,"WHITEHORSE","Common assault",118.3,"FV"
2017,"WHITEHORSE","Common assault",95.7,"Non-FV"
2017,"WHITEHORSE","Stalking",18,"FV"
2017,"WHITEHORSE","Stalking",12.8,"Non-FV"
2017,"WHITEHORSE","Harassment and private nuisance",12.2,"FV"
2017,"WHITEHORSE","Harassment and private nuisance",4.6,"Non-FV"
2017,"WHITEHORSE","Threatening behaviour",32.5,"FV"
2017,"WHITEHORSE","Threatening behaviour",25.5,"Non-FV"
2017,"WHITTLESEA","Serious assault",151.1,"FV"
2017,"WHITTLESEA","Serious assault",92.8,"Non-FV"
2017,"WHITTLESEA","Common assault",272.4,"FV"
2017,"WHITTLESEA","Common assault",91.9,"Non-FV"
2017,"WHITTLESEA","Stalking",30.3,"FV"
2017,"WHITTLESEA","Stalking",19.6,"Non-FV"
2017,"WHITTLESEA","Harassment and private nuisance",38.2,"FV"
2017,"WHITTLESEA","Harassment and private nuisance",17.3,"Non-FV"
2017,"WHITTLESEA","Threatening behaviour",86.7,"FV"
2017,"WHITTLESEA","Threatening behaviour",43.8,"Non-FV"
2017,"INDIGO","Serious assault",61,"FV"
2017,"INDIGO","Serious assault",85.4,"Non-FV"
2017,"INDIGO","Common assault",122,"FV"
2017,"INDIGO","Common assault",30.5,"Non-FV"
2017,"INDIGO","Stalking",6.1,"FV"
2017,"INDIGO","Stalking",12.2,"Non-FV"
2017,"INDIGO","Harassment and private nuisance",6.1,"Non-FV"
2017,"INDIGO","Threatening behaviour",42.7,"FV"
2017,"INDIGO","Threatening behaviour",18.3,"Non-FV"
2017,"TOWONG","Serious assault",82.5,"FV"
2017,"TOWONG","Serious assault",131.9,"Non-FV"
2017,"TOWONG","Common assault",131.9,"FV"
2017,"TOWONG","Common assault",148.4,"Non-FV"
2017,"TOWONG","Stalking",16.5,"FV"
2017,"TOWONG","Harassment and private nuisance",49.5,"FV"
2017,"TOWONG","Threatening behaviour",33,"FV"
2017,"WODONGA","Serious assault",181.2,"FV"
2017,"WODONGA","Serious assault",142,"Non-FV"
2017,"WODONGA","Common assault",330.6,"FV"
2017,"WODONGA","Common assault",178.8,"Non-FV"
2017,"WODONGA","Stalking",26.9,"FV"
2017,"WODONGA","Stalking",24.5,"Non-FV"
2017,"WODONGA","Harassment and private nuisance",12.2,"FV"
2017,"WODONGA","Harassment and private nuisance",9.8,"Non-FV"
2017,"WODONGA","Threatening behaviour",98,"FV"
2017,"WODONGA","Threatening behaviour",53.9,"Non-FV"
2017,"WYNDHAM","Serious assault",102.2,"FV"
2017,"WYNDHAM","Serious assault",98.9,"Non-FV"
2017,"WYNDHAM","Common assault",199.5,"FV"
2017,"WYNDHAM","Common assault",98.5,"Non-FV"
2017,"WYNDHAM","Stalking",17.4,"FV"
2017,"WYNDHAM","Stalking",10.8,"Non-FV"
2017,"WYNDHAM","Harassment and private nuisance",26.5,"FV"
2017,"WYNDHAM","Harassment and private nuisance",9.1,"Non-FV"
2017,"WYNDHAM","Threatening behaviour",65,"FV"
2017,"WYNDHAM","Threatening behaviour",23.2,"Non-FV"
2017,"YARRA","Serious assault",121.7,"FV"
2017,"YARRA","Serious assault",306.9,"Non-FV"
2017,"YARRA","Common assault",143.9,"FV"
2017,"YARRA","Common assault",240.2,"Non-FV"
2017,"YARRA","Stalking",15.9,"FV"
2017,"YARRA","Stalking",29.6,"Non-FV"
2017,"YARRA","Harassment and private nuisance",14.8,"FV"
2017,"YARRA","Harassment and private nuisance",14.8,"Non-FV"
2017,"YARRA","Threatening behaviour",36,"FV"
2017,"YARRA","Threatening behaviour",85.7,"Non-FV"
2017,"YARRA RANGES","Serious assault",97,"FV"
2017,"YARRA RANGES","Serious assault",79.1,"Non-FV"
2017,"YARRA RANGES","Common assault",168.5,"FV"
2017,"YARRA RANGES","Common assault",81,"Non-FV"
2017,"YARRA RANGES","Stalking",26.2,"FV"
2017,"YARRA RANGES","Stalking",18.5,"Non-FV"
2017,"YARRA RANGES","Harassment and private nuisance",17.9,"FV"
2017,"YARRA RANGES","Harassment and private nuisance",12.1,"Non-FV"
2017,"YARRA RANGES","Threatening behaviour",30.6,"FV"
2017,"YARRA RANGES","Threatening behaviour",28.1,"Non-FV"
2016,"BALLARAT","Serious assault",137.2,"FV"
2016,"BALLARAT","Serious assault",140.1,"Non-FV"
2016,"BALLARAT","Common assault",332.4,"FV"
2016,"BALLARAT","Common assault",222.2,"Non-FV"
2016,"BALLARAT","Stalking",16.4,"FV"
2016,"BALLARAT","Stalking",10.6,"Non-FV"
2016,"BALLARAT","Harassment and private nuisance",11.6,"FV"
2016,"BALLARAT","Harassment and private nuisance",4.8,"Non-FV"
2016,"BALLARAT","Threatening behaviour",37.7,"FV"
2016,"BALLARAT","Threatening behaviour",44.4,"Non-FV"
2016,"PYRENEES","Serious assault",109.3,"FV"
2016,"PYRENEES","Serious assault",123,"Non-FV"
2016,"PYRENEES","Common assault",355.4,"FV"
2016,"PYRENEES","Common assault",82,"Non-FV"
2016,"PYRENEES","Stalking",27.3,"FV"
2016,"PYRENEES","Harassment and private nuisance",54.7,"FV"
2016,"PYRENEES","Threatening behaviour",82,"FV"
2016,"BANYULE","Serious assault",134.2,"FV"
2016,"BANYULE","Serious assault",95.7,"Non-FV"
2016,"BANYULE","Common assault",164,"FV"
2016,"BANYULE","Common assault",99.6,"Non-FV"
2016,"BANYULE","Stalking",13.3,"FV"
2016,"BANYULE","Stalking",12.6,"Non-FV"
2016,"BANYULE","Harassment and private nuisance",25.1,"FV"
2016,"BANYULE","Harassment and private nuisance",10.2,"Non-FV"
2016,"BANYULE","Threatening behaviour",58.1,"FV"
2016,"BANYULE","Threatening behaviour",49.4,"Non-FV"
2016,"NILLUMBIK","Serious assault",70.1,"FV"
2016,"NILLUMBIK","Serious assault",56.1,"Non-FV"
2016,"NILLUMBIK","Common assault",107.5,"FV"
2016,"NILLUMBIK","Common assault",59.2,"Non-FV"
2016,"NILLUMBIK","Stalking",14,"FV"
2016,"NILLUMBIK","Stalking",10.9,"Non-FV"
2016,"NILLUMBIK","Harassment and private nuisance",20.3,"FV"
2016,"NILLUMBIK","Harassment and private nuisance",9.3,"Non-FV"
2016,"NILLUMBIK","Threatening behaviour",29.6,"FV"
2016,"NILLUMBIK","Threatening behaviour",26.5,"Non-FV"
2016,"BASS COAST","Serious assault",218.1,"FV"
2016,"BASS COAST","Serious assault",173.3,"Non-FV"
2016,"BASS COAST","Common assault",388.5,"FV"
2016,"BASS COAST","Common assault",152.4,"Non-FV"
2016,"BASS COAST","Stalking",77.7,"FV"
2016,"BASS COAST","Stalking",23.9,"Non-FV"
2016,"BASS COAST","Harassment and private nuisance",50.8,"FV"
2016,"BASS COAST","Harassment and private nuisance",12,"Non-FV"
2016,"BASS COAST","Threatening behaviour",71.7,"FV"
2016,"BASS COAST","Threatening behaviour",56.8,"Non-FV"
2016,"SOUTH GIPPSLAND","Serious assault",147.7,"FV"
2016,"SOUTH GIPPSLAND","Serious assault",89.3,"Non-FV"
2016,"SOUTH GIPPSLAND","Common assault",212.9,"FV"
2016,"SOUTH GIPPSLAND","Common assault",113.3,"Non-FV"
2016,"SOUTH GIPPSLAND","Stalking",20.6,"FV"
2016,"SOUTH GIPPSLAND","Stalking",13.7,"Non-FV"
2016,"SOUTH GIPPSLAND","Harassment and private nuisance",17.2,"FV"
2016,"SOUTH GIPPSLAND","Harassment and private nuisance",13.7,"Non-FV"
2016,"SOUTH GIPPSLAND","Threatening behaviour",79,"FV"
2016,"SOUTH GIPPSLAND","Threatening behaviour",58.4,"Non-FV"
2016,"BAW BAW","Serious assault",190.7,"FV"
2016,"BAW BAW","Serious assault",160.3,"Non-FV"
2016,"BAW BAW","Common assault",245.5,"FV"
2016,"BAW BAW","Common assault",103.5,"Non-FV"
2016,"BAW BAW","Stalking",56.8,"FV"
2016,"BAW BAW","Stalking",24.3,"Non-FV"
2016,"BAW BAW","Harassment and private nuisance",44.6,"FV"
2016,"BAW BAW","Harassment and private nuisance",8.1,"Non-FV"
2016,"BAW BAW","Threatening behaviour",97.4,"FV"
2016,"BAW BAW","Threatening behaviour",58.8,"Non-FV"
2016,"BENALLA","Serious assault",250.3,"FV"
2016,"BENALLA","Serious assault",264.6,"Non-FV"
2016,"BENALLA","Common assault",493.5,"FV"
2016,"BENALLA","Common assault",314.7,"Non-FV"
2016,"BENALLA","Stalking",7.2,"FV"
2016,"BENALLA","Stalking",14.3,"Non-FV"
2016,"BENALLA","Harassment and private nuisance",28.6,"FV"
2016,"BENALLA","Harassment and private nuisance",21.5,"Non-FV"
2016,"BENALLA","Threatening behaviour",135.9,"FV"
2016,"BENALLA","Threatening behaviour",57.2,"Non-FV"
2016,"MANSFIELD","Serious assault",126.8,"FV"
2016,"MANSFIELD","Serious assault",115.3,"Non-FV"
2016,"MANSFIELD","Common assault",126.8,"FV"
2016,"MANSFIELD","Common assault",115.3,"Non-FV"
2016,"MANSFIELD","Stalking",23.1,"FV"
2016,"MANSFIELD","Stalking",11.5,"Non-FV"
2016,"MANSFIELD","Harassment and private nuisance",23.1,"FV"
2016,"MANSFIELD","Harassment and private nuisance",23.1,"Non-FV"
2016,"MANSFIELD","Threatening behaviour",92.2,"FV"
2016,"MANSFIELD","Threatening behaviour",46.1,"Non-FV"
2016,"MURRINDINDI","Serious assault",71.2,"FV"
2016,"MURRINDINDI","Serious assault",121,"Non-FV"
2016,"MURRINDINDI","Common assault",256.2,"FV"
2016,"MURRINDINDI","Common assault",92.5,"Non-FV"
2016,"MURRINDINDI","Stalking",7.1,"FV"
2016,"MURRINDINDI","Stalking",7.1,"Non-FV"
2016,"MURRINDINDI","Harassment and private nuisance",7.1,"Non-FV"
2016,"MURRINDINDI","Threatening behaviour",28.5,"FV"
2016,"MURRINDINDI","Threatening behaviour",106.7,"Non-FV"
2016,"GREATER BENDIGO","Serious assault",121.1,"FV"
2016,"GREATER BENDIGO","Serious assault",110.5,"Non-FV"
2016,"GREATER BENDIGO","Common assault",212,"FV"
2016,"GREATER BENDIGO","Common assault",180.8,"Non-FV"
2016,"GREATER BENDIGO","Stalking",12.5,"FV"
2016,"GREATER BENDIGO","Stalking",18.7,"Non-FV"
2016,"GREATER BENDIGO","Harassment and private nuisance",162.1,"FV"
2016,"GREATER BENDIGO","Harassment and private nuisance",13.4,"Non-FV"
2016,"GREATER BENDIGO","Threatening behaviour",62.4,"FV"
2016,"GREATER BENDIGO","Threatening behaviour",49,"Non-FV"
2016,"BOROONDARA","Serious assault",36.1,"FV"
2016,"BOROONDARA","Serious assault",38.4,"Non-FV"
2016,"BOROONDARA","Common assault",88,"FV"
2016,"BOROONDARA","Common assault",50.2,"Non-FV"
2016,"BOROONDARA","Stalking",9.6,"FV"
2016,"BOROONDARA","Stalking",16.4,"Non-FV"
2016,"BOROONDARA","Harassment and private nuisance",6.2,"FV"
2016,"BOROONDARA","Harassment and private nuisance",7.3,"Non-FV"
2016,"BOROONDARA","Threatening behaviour",18.6,"FV"
2016,"BOROONDARA","Threatening behaviour",18.6,"Non-FV"
2016,"BRIMBANK","Serious assault",173.4,"FV"
2016,"BRIMBANK","Serious assault",133.2,"Non-FV"
2016,"BRIMBANK","Common assault",264.9,"FV"
2016,"BRIMBANK","Common assault",132.7,"Non-FV"
2016,"BRIMBANK","Stalking",12.7,"FV"
2016,"BRIMBANK","Stalking",9.3,"Non-FV"
2016,"BRIMBANK","Harassment and private nuisance",18.6,"FV"
2016,"BRIMBANK","Harassment and private nuisance",16.2,"Non-FV"
2016,"BRIMBANK","Threatening behaviour",90.6,"FV"
2016,"BRIMBANK","Threatening behaviour",40.6,"Non-FV"
2016,"CAMPASPE","Serious assault",250,"FV"
2016,"CAMPASPE","Serious assault",175.6,"Non-FV"
2016,"CAMPASPE","Common assault",271.3,"FV"
2016,"CAMPASPE","Common assault",156.9,"Non-FV"
2016,"CAMPASPE","Stalking",26.6,"FV"
2016,"CAMPASPE","Stalking",10.6,"Non-FV"
2016,"CAMPASPE","Harassment and private nuisance",29.3,"FV"
2016,"CAMPASPE","Harassment and private nuisance",8,"Non-FV"
2016,"CAMPASPE","Threatening behaviour",175.6,"FV"
2016,"CAMPASPE","Threatening behaviour",50.5,"Non-FV"
2016,"CARDINIA","Serious assault",117.9,"FV"
2016,"CARDINIA","Serious assault",74.8,"Non-FV"
2016,"CARDINIA","Common assault",334.1,"FV"
2016,"CARDINIA","Common assault",94.3,"Non-FV"
2016,"CARDINIA","Stalking",29.7,"FV"
2016,"CARDINIA","Stalking",24.6,"Non-FV"
2016,"CARDINIA","Harassment and private nuisance",14.3,"FV"
2016,"CARDINIA","Harassment and private nuisance",12.3,"Non-FV"
2016,"CARDINIA","Threatening behaviour",66.6,"FV"
2016,"CARDINIA","Threatening behaviour",31.8,"Non-FV"
2016,"CASEY","Serious assault",131.7,"FV"
2016,"CASEY","Serious assault",76.7,"Non-FV"
2016,"CASEY","Common assault",347.8,"FV"
2016,"CASEY","Common assault",113.2,"Non-FV"
2016,"CASEY","Stalking",31.7,"FV"
2016,"CASEY","Stalking",17.3,"Non-FV"
2016,"CASEY","Harassment and private nuisance",50.5,"FV"
2016,"CASEY","Harassment and private nuisance",16.9,"Non-FV"
2016,"CASEY","Threatening behaviour",87.6,"FV"
2016,"CASEY","Threatening behaviour",48.6,"Non-FV"
2016,"CENTRAL GOLDFIELDS","Serious assault",359.1,"FV"
2016,"CENTRAL GOLDFIELDS","Serious assault",145.2,"Non-FV"
2016,"CENTRAL GOLDFIELDS","Common assault",374.4,"FV"
2016,"CENTRAL GOLDFIELDS","Common assault",145.2,"Non-FV"
2016,"CENTRAL GOLDFIELDS","Stalking",30.6,"FV"
2016,"CENTRAL GOLDFIELDS","Stalking",15.3,"Non-FV"
2016,"CENTRAL GOLDFIELDS","Harassment and private nuisance",168.1,"FV"
2016,"CENTRAL GOLDFIELDS","Harassment and private nuisance",15.3,"Non-FV"
2016,"CENTRAL GOLDFIELDS","Threatening behaviour",99.3,"FV"
2016,"CENTRAL GOLDFIELDS","Threatening behaviour",45.8,"Non-FV"
2016,"LODDON","Serious assault",172,"FV"
2016,"LODDON","Serious assault",185.2,"Non-FV"
2016,"LODDON","Common assault",172,"FV"
2016,"LODDON","Common assault",383.7,"Non-FV"
2016,"LODDON","Stalking",13.2,"Non-FV"
2016,"LODDON","Harassment and private nuisance",39.7,"FV"
2016,"LODDON","Harassment and private nuisance",13.2,"Non-FV"
2016,"LODDON","Threatening behaviour",66.2,"FV"
2016,"LODDON","Threatening behaviour",66.2,"Non-FV"
2016,"MOUNT ALEXANDER","Serious assault",73.3,"FV"
2016,"MOUNT ALEXANDER","Serious assault",78.5,"Non-FV"
2016,"MOUNT ALEXANDER","Common assault",157.1,"FV"
2016,"MOUNT ALEXANDER","Common assault",130.9,"Non-FV"
2016,"MOUNT ALEXANDER","Stalking",15.7,"FV"
2016,"MOUNT ALEXANDER","Harassment and private nuisance",5.2,"FV"
2016,"MOUNT ALEXANDER","Harassment and private nuisance",5.2,"Non-FV"
2016,"MOUNT ALEXANDER","Threatening behaviour",68.1,"FV"
2016,"MOUNT ALEXANDER","Threatening behaviour",52.4,"Non-FV"
2016,"DAREBIN","Serious assault",130.2,"FV"
2016,"DAREBIN","Serious assault",130.2,"Non-FV"
2016,"DAREBIN","Common assault",135.4,"FV"
2016,"DAREBIN","Common assault",114.1,"Non-FV"
2016,"DAREBIN","Stalking",21.9,"FV"
2016,"DAREBIN","Stalking",19.3,"Non-FV"
2016,"DAREBIN","Harassment and private nuisance",17.4,"FV"
2016,"DAREBIN","Harassment and private nuisance",10.3,"Non-FV"
2016,"DAREBIN","Threatening behaviour",49,"FV"
2016,"DAREBIN","Threatening behaviour",57.4,"Non-FV"
2016,"EAST GIPPSLAND","Serious assault",278.5,"FV"
2016,"EAST GIPPSLAND","Serious assault",208.3,"Non-FV"
2016,"EAST GIPPSLAND","Common assault",434.2,"FV"
2016,"EAST GIPPSLAND","Common assault",179.8,"Non-FV"
2016,"EAST GIPPSLAND","Stalking",11,"FV"
2016,"EAST GIPPSLAND","Stalking",30.7,"Non-FV"
2016,"EAST GIPPSLAND","Harassment and private nuisance",30.7,"FV"
2016,"EAST GIPPSLAND","Harassment and private nuisance",28.5,"Non-FV"
2016,"EAST GIPPSLAND","Threatening behaviour",92.1,"FV"
2016,"EAST GIPPSLAND","Threatening behaviour",76.8,"Non-FV"
2016,"FRANKSTON","Serious assault",171.3,"FV"
2016,"FRANKSTON","Serious assault",151.3,"Non-FV"
2016,"FRANKSTON","Common assault",305.4,"FV"
2016,"FRANKSTON","Common assault",177.1,"Non-FV"
2016,"FRANKSTON","Stalking",17.2,"FV"
2016,"FRANKSTON","Stalking",18.6,"Non-FV"
2016,"FRANKSTON","Harassment and private nuisance",19.4,"FV"
2016,"FRANKSTON","Harassment and private nuisance",12.2,"Non-FV"
2016,"FRANKSTON","Threatening behaviour",78.9,"FV"
2016,"FRANKSTON","Threatening behaviour",60.2,"Non-FV"
2016,"GREATER GEELONG","Serious assault",149.9,"FV"
2016,"GREATER GEELONG","Serious assault",123.6,"Non-FV"
2016,"GREATER GEELONG","Common assault",176.6,"FV"
2016,"GREATER GEELONG","Common assault",120.7,"Non-FV"
2016,"GREATER GEELONG","Stalking",15.9,"FV"
2016,"GREATER GEELONG","Stalking",11.7,"Non-FV"
2016,"GREATER GEELONG","Harassment and private nuisance",16.3,"FV"
2016,"GREATER GEELONG","Harassment and private nuisance",12.5,"Non-FV"
2016,"GREATER GEELONG","Threatening behaviour",70.6,"FV"
2016,"GREATER GEELONG","Threatening behaviour",56.8,"Non-FV"
2016,"QUEENSCLIFFE","Serious assault",34.1,"FV"
2016,"QUEENSCLIFFE","Serious assault",102.4,"Non-FV"
2016,"QUEENSCLIFFE","Common assault",34.1,"FV"
2016,"QUEENSCLIFFE","Common assault",68.3,"Non-FV"
2016,"QUEENSCLIFFE","Threatening behaviour",34.1,"Non-FV"
2016,"BAYSIDE","Serious assault",66.1,"FV"
2016,"BAYSIDE","Serious assault",51.5,"Non-FV"
2016,"BAYSIDE","Common assault",112.7,"FV"
2016,"BAYSIDE","Common assault",57.3,"Non-FV"
2016,"BAYSIDE","Stalking",8.7,"FV"
2016,"BAYSIDE","Stalking",35,"Non-FV"
2016,"BAYSIDE","Harassment and private nuisance",10.7,"FV"
2016,"BAYSIDE","Harassment and private nuisance",11.7,"Non-FV"
2016,"BAYSIDE","Threatening behaviour",14.6,"FV"
2016,"BAYSIDE","Threatening behaviour",24.3,"Non-FV"
2016,"GLEN EIRA","Serious assault",58.6,"FV"
2016,"GLEN EIRA","Serious assault",61.9,"Non-FV"
2016,"GLEN EIRA","Common assault",122.5,"FV"
2016,"GLEN EIRA","Common assault",88.2,"Non-FV"
2016,"GLEN EIRA","Stalking",5.4,"FV"
2016,"GLEN EIRA","Stalking",14.1,"Non-FV"
2016,"GLEN EIRA","Harassment and private nuisance",7.4,"FV"
2016,"GLEN EIRA","Harassment and private nuisance",10.1,"Non-FV"
2016,"GLEN EIRA","Threatening behaviour",18.2,"FV"
2016,"GLEN EIRA","Threatening behaviour",22.9,"Non-FV"
2016,"GREATER DANDENONG","Serious assault",149.2,"FV"
2016,"GREATER DANDENONG","Serious assault",162.9,"Non-FV"
2016,"GREATER DANDENONG","Common assault",411.3,"FV"
2016,"GREATER DANDENONG","Common assault",235.3,"Non-FV"
2016,"GREATER DANDENONG","Stalking",53.1,"FV"
2016,"GREATER DANDENONG","Stalking",40.6,"Non-FV"
2016,"GREATER DANDENONG","Harassment and private nuisance",51.8,"FV"
2016,"GREATER DANDENONG","Harassment and private nuisance",15.6,"Non-FV"
2016,"GREATER DANDENONG","Threatening behaviour",136.7,"FV"
2016,"GREATER DANDENONG","Threatening behaviour",80.5,"Non-FV"
2016,"HOBSONS BAY","Serious assault",145.5,"FV"
2016,"HOBSONS BAY","Serious assault",115.6,"Non-FV"
2016,"HOBSONS BAY","Common assault",176.6,"FV"
2016,"HOBSONS BAY","Common assault",91,"Non-FV"
2016,"HOBSONS BAY","Stalking",23.5,"FV"
2016,"HOBSONS BAY","Stalking",13.9,"Non-FV"
2016,"HOBSONS BAY","Harassment and private nuisance",30,"FV"
2016,"HOBSONS BAY","Harassment and private nuisance",4.3,"Non-FV"
2016,"HOBSONS BAY","Threatening behaviour",61,"FV"
2016,"HOBSONS BAY","Threatening behaviour",30,"Non-FV"
2016,"HINDMARSH","Serious assault",293.9,"FV"
2016,"HINDMARSH","Serious assault",103.7,"Non-FV"
2016,"HINDMARSH","Common assault",397.6,"FV"
2016,"HINDMARSH","Common assault",86.4,"Non-FV"
2016,"HINDMARSH","Harassment and private nuisance",17.3,"FV"
2016,"HINDMARSH","Harassment and private nuisance",17.3,"Non-FV"
2016,"HINDMARSH","Threatening behaviour",121,"FV"
2016,"HINDMARSH","Threatening behaviour",242,"Non-FV"
2016,"HORSHAM","Serious assault",402.3,"FV"
2016,"HORSHAM","Serious assault",487.8,"Non-FV"
2016,"HORSHAM","Common assault",362.1,"FV"
2016,"HORSHAM","Common assault",347,"Non-FV"
2016,"HORSHAM","Stalking",40.2,"FV"
2016,"HORSHAM","Stalking",15.1,"Non-FV"
2016,"HORSHAM","Harassment and private nuisance",35.2,"FV"
2016,"HORSHAM","Harassment and private nuisance",40.2,"Non-FV"
2016,"HORSHAM","Threatening behaviour",115.7,"FV"
2016,"HORSHAM","Threatening behaviour",181.1,"Non-FV"
2016,"WEST WIMMERA","Serious assault",50.8,"FV"
2016,"WEST WIMMERA","Serious assault",101.6,"Non-FV"
2016,"WEST WIMMERA","Common assault",76.2,"FV"
2016,"WEST WIMMERA","Common assault",127,"Non-FV"
2016,"WEST WIMMERA","Stalking",50.8,"Non-FV"
2016,"WEST WIMMERA","Harassment and private nuisance",25.4,"FV"
2016,"WEST WIMMERA","Harassment and private nuisance",177.8,"Non-FV"
2016,"WEST WIMMERA","Threatening behaviour",127,"FV"
2016,"WEST WIMMERA","Threatening behaviour",101.6,"Non-FV"
2016,"HUME","Serious assault",217.3,"FV"
2016,"HUME","Serious assault",162.3,"Non-FV"
2016,"HUME","Common assault",238.1,"FV"
2016,"HUME","Common assault",132.3,"Non-FV"
2016,"HUME","Stalking",43,"FV"
2016,"HUME","Stalking",16.4,"Non-FV"
2016,"HUME","Harassment and private nuisance",51.2,"FV"
2016,"HUME","Harassment and private nuisance",12.6,"Non-FV"
2016,"HUME","Threatening behaviour",124.6,"FV"
2016,"HUME","Threatening behaviour",59.4,"Non-FV"
2016,"KINGSTON","Serious assault",87.5,"FV"
2016,"KINGSTON","Serious assault",75.5,"Non-FV"
2016,"KINGSTON","Common assault",157.3,"FV"
2016,"KINGSTON","Common assault",99.4,"Non-FV"
2016,"KINGSTON","Stalking",20.8,"FV"
2016,"KINGSTON","Stalking",15.7,"Non-FV"
2016,"KINGSTON","Harassment and private nuisance",28.3,"FV"
2016,"KINGSTON","Harassment and private nuisance",7.5,"Non-FV"
2016,"KINGSTON","Threatening behaviour",42.2,"FV"
2016,"KINGSTON","Threatening behaviour",34,"Non-FV"
2016,"KNOX","Serious assault",109.1,"FV"
2016,"KNOX","Serious assault",84.2,"Non-FV"
2016,"KNOX","Common assault",157.8,"FV"
2016,"KNOX","Common assault",88.6,"Non-FV"
2016,"KNOX","Stalking",15.6,"FV"
2016,"KNOX","Stalking",13.1,"Non-FV"
2016,"KNOX","Harassment and private nuisance",21.8,"FV"
2016,"KNOX","Harassment and private nuisance",24.9,"Non-FV"
2016,"KNOX","Threatening behaviour",36.8,"FV"
2016,"KNOX","Threatening behaviour",39.9,"Non-FV"
2016,"LATROBE","Serious assault",542.7,"FV"
2016,"LATROBE","Serious assault",440.9,"Non-FV"
2016,"LATROBE","Common assault",656.6,"FV"
2016,"LATROBE","Common assault",296.2,"Non-FV"
2016,"LATROBE","Stalking",135.3,"FV"
2016,"LATROBE","Stalking",54.9,"Non-FV"
2016,"LATROBE","Harassment and private nuisance",138,"FV"
2016,"LATROBE","Harassment and private nuisance",41.5,"Non-FV"
2016,"LATROBE","Threatening behaviour",238.5,"FV"
2016,"LATROBE","Threatening behaviour",150.1,"Non-FV"
2016,"MACEDON RANGES","Serious assault",82.1,"FV"
2016,"MACEDON RANGES","Serious assault",59,"Non-FV"
2016,"MACEDON RANGES","Common assault",124.3,"FV"
2016,"MACEDON RANGES","Common assault",63.2,"Non-FV"
2016,"MACEDON RANGES","Stalking",16.8,"FV"
2016,"MACEDON RANGES","Stalking",16.8,"Non-FV"
2016,"MACEDON RANGES","Harassment and private nuisance",23.2,"FV"
2016,"MACEDON RANGES","Harassment and private nuisance",10.5,"Non-FV"
2016,"MACEDON RANGES","Threatening behaviour",29.5,"FV"
2016,"MACEDON RANGES","Threatening behaviour",33.7,"Non-FV"
2016,"MANNINGHAM","Serious assault",71.8,"FV"
2016,"MANNINGHAM","Serious assault",36.7,"Non-FV"
2016,"MANNINGHAM","Common assault",122.4,"FV"
2016,"MANNINGHAM","Common assault",67.7,"Non-FV"
2016,"MANNINGHAM","Stalking",19.6,"FV"
2016,"MANNINGHAM","Stalking",11.4,"Non-FV"
2016,"MANNINGHAM","Harassment and private nuisance",9.8,"FV"
2016,"MANNINGHAM","Harassment and private nuisance",9,"Non-FV"
2016,"MANNINGHAM","Threatening behaviour",42.4,"FV"
2016,"MANNINGHAM","Threatening behaviour",35.1,"Non-FV"
2016,"MARIBYRNONG","Serious assault",111.6,"FV"
2016,"MARIBYRNONG","Serious assault",178.3,"Non-FV"
2016,"MARIBYRNONG","Common assault",128.8,"FV"
2016,"MARIBYRNONG","Common assault",151.8,"Non-FV"
2016,"MARIBYRNONG","Stalking",24.2,"FV"
2016,"MARIBYRNONG","Stalking",17.3,"Non-FV"
2016,"MARIBYRNONG","Harassment and private nuisance",9.2,"FV"
2016,"MARIBYRNONG","Harassment and private nuisance",10.4,"Non-FV"
2016,"MARIBYRNONG","Threatening behaviour",51.8,"FV"
2016,"MARIBYRNONG","Threatening behaviour",49.5,"Non-FV"
2016,"MAROONDAH","Serious assault",108.9,"FV"
2016,"MAROONDAH","Serious assault",126.3,"Non-FV"
2016,"MAROONDAH","Common assault",179.4,"FV"
2016,"MAROONDAH","Common assault",119.3,"Non-FV"
2016,"MAROONDAH","Stalking",17.4,"FV"
2016,"MAROONDAH","Stalking",12.2,"Non-FV"
2016,"MAROONDAH","Harassment and private nuisance",16.6,"FV"
2016,"MAROONDAH","Harassment and private nuisance",26.1,"Non-FV"
2016,"MAROONDAH","Threatening behaviour",52.3,"FV"
2016,"MAROONDAH","Threatening behaviour",34.8,"Non-FV"
2016,"MELBOURNE","Serious assault",143.1,"FV"
2016,"MELBOURNE","Serious assault",607.8,"Non-FV"
2016,"MELBOURNE","Common assault",207.4,"FV"
2016,"MELBOURNE","Common assault",679.7,"Non-FV"
2016,"MELBOURNE","Stalking",44.5,"FV"
2016,"MELBOURNE","Stalking",40.4,"Non-FV"
2016,"MELBOURNE","Harassment and private nuisance",23.3,"FV"
2016,"MELBOURNE","Harassment and private nuisance",37,"Non-FV"
2016,"MELBOURNE","Threatening behaviour",63.7,"FV"
2016,"MELBOURNE","Threatening behaviour",134.8,"Non-FV"
2016,"MELTON","Serious assault",235.5,"FV"
2016,"MELTON","Serious assault",119.5,"Non-FV"
2016,"MELTON","Common assault",254.6,"FV"
2016,"MELTON","Common assault",89.8,"Non-FV"
2016,"MELTON","Stalking",26.9,"FV"
2016,"MELTON","Stalking",16.3,"Non-FV"
2016,"MELTON","Harassment and private nuisance",35.4,"FV"
2016,"MELTON","Harassment and private nuisance",9.9,"Non-FV"
2016,"MELTON","Threatening behaviour",88.4,"FV"
2016,"MELTON","Threatening behaviour",36.8,"Non-FV"
2016,"MERRI-BEK","Serious assault",130.6,"FV"
2016,"MERRI-BEK","Serious assault",117.8,"Non-FV"
2016,"MERRI-BEK","Common assault",161.9,"FV"
2016,"MERRI-BEK","Common assault",132.3,"Non-FV"
2016,"MERRI-BEK","Stalking",25,"FV"
2016,"MERRI-BEK","Stalking",15.7,"Non-FV"
2016,"MERRI-BEK","Harassment and private nuisance",12.8,"FV"
2016,"MERRI-BEK","Harassment and private nuisance",9.9,"Non-FV"
2016,"MERRI-BEK","Threatening behaviour",61.5,"FV"
2016,"MERRI-BEK","Threatening behaviour",48.2,"Non-FV"
2016,"MILDURA","Serious assault",305.5,"FV"
2016,"MILDURA","Serious assault",170.1,"Non-FV"
2016,"MILDURA","Common assault",569,"FV"
2016,"MILDURA","Common assault",212.2,"Non-FV"
2016,"MILDURA","Stalking",25.6,"FV"
2016,"MILDURA","Stalking",27.4,"Non-FV"
2016,"MILDURA","Harassment and private nuisance",36.6,"FV"
2016,"MILDURA","Harassment and private nuisance",5.5,"Non-FV"
2016,"MILDURA","Threatening behaviour",107.9,"FV"
2016,"MILDURA","Threatening behaviour",71.4,"Non-FV"
2016,"MITCHELL","Serious assault",313.4,"FV"
2016,"MITCHELL","Serious assault",229.7,"Non-FV"
2016,"MITCHELL","Common assault",466.6,"FV"
2016,"MITCHELL","Common assault",193.8,"Non-FV"
2016,"MITCHELL","Stalking",28.7,"FV"
2016,"MITCHELL","Stalking",43.1,"Non-FV"
2016,"MITCHELL","Harassment and private nuisance",167.5,"FV"
2016,"MITCHELL","Harassment and private nuisance",50.2,"Non-FV"
2016,"MITCHELL","Threatening behaviour",141.2,"FV"
2016,"MITCHELL","Threatening behaviour",114.8,"Non-FV"
2016,"STRATHBOGIE","Serious assault",212.4,"FV"
2016,"STRATHBOGIE","Serious assault",106.2,"Non-FV"
2016,"STRATHBOGIE","Common assault",164.1,"FV"
2016,"STRATHBOGIE","Common assault",57.9,"Non-FV"
2016,"STRATHBOGIE","Stalking",9.7,"Non-FV"
2016,"STRATHBOGIE","Harassment and private nuisance",67.6,"FV"
2016,"STRATHBOGIE","Harassment and private nuisance",19.3,"Non-FV"
2016,"STRATHBOGIE","Threatening behaviour",77.2,"FV"
2016,"STRATHBOGIE","Threatening behaviour",38.6,"Non-FV"
2016,"MONASH","Serious assault",63.9,"FV"
2016,"MONASH","Serious assault",58.7,"Non-FV"
2016,"MONASH","Common assault",145.4,"FV"
2016,"MONASH","Common assault",89.3,"Non-FV"
2016,"MONASH","Stalking",11.4,"FV"
2016,"MONASH","Stalking",13.5,"Non-FV"
2016,"MONASH","Harassment and private nuisance",17.7,"FV"
2016,"MONASH","Harassment and private nuisance",15.1,"Non-FV"
2016,"MONASH","Threatening behaviour",30.1,"FV"
2016,"MONASH","Threatening behaviour",22.3,"Non-FV"
2016,"MOONEE VALLEY","Serious assault",96.8,"FV"
2016,"MOONEE VALLEY","Serious assault",148.1,"Non-FV"
2016,"MOONEE VALLEY","Common assault",133.5,"FV"
2016,"MOONEE VALLEY","Common assault",112.3,"Non-FV"
2016,"MOONEE VALLEY","Stalking",30.9,"FV"
2016,"MOONEE VALLEY","Stalking",17.1,"Non-FV"
2016,"MOONEE VALLEY","Harassment and private nuisance",18.7,"FV"
2016,"MOONEE VALLEY","Harassment and private nuisance",10.6,"Non-FV"
2016,"MOONEE VALLEY","Threatening behaviour",46.4,"FV"
2016,"MOONEE VALLEY","Threatening behaviour",56.2,"Non-FV"
2016,"GOLDEN PLAINS","Serious assault",68.1,"FV"
2016,"GOLDEN PLAINS","Serious assault",40.9,"Non-FV"
2016,"GOLDEN PLAINS","Common assault",159,"FV"
2016,"GOLDEN PLAINS","Common assault",50,"Non-FV"
2016,"GOLDEN PLAINS","Stalking",4.5,"Non-FV"
2016,"GOLDEN PLAINS","Harassment and private nuisance",9.1,"FV"
2016,"GOLDEN PLAINS","Harassment and private nuisance",4.5,"Non-FV"
2016,"GOLDEN PLAINS","Threatening behaviour",27.3,"FV"
2016,"GOLDEN PLAINS","Threatening behaviour",36.3,"Non-FV"
2016,"HEPBURN","Serious assault",109.5,"FV"
2016,"HEPBURN","Serious assault",45.1,"Non-FV"
2016,"HEPBURN","Common assault",180.4,"FV"
2016,"HEPBURN","Common assault",77.3,"Non-FV"
2016,"HEPBURN","Stalking",12.9,"FV"
2016,"HEPBURN","Stalking",25.8,"Non-FV"
2016,"HEPBURN","Harassment and private nuisance",12.9,"Non-FV"
2016,"HEPBURN","Threatening behaviour",25.8,"FV"
2016,"HEPBURN","Threatening behaviour",25.8,"Non-FV"
2016,"MOORABOOL","Serious assault",177.5,"FV"
2016,"MOORABOOL","Serious assault",94.9,"Non-FV"
2016,"MOORABOOL","Common assault",290.8,"FV"
2016,"MOORABOOL","Common assault",79.6,"Non-FV"
2016,"MOORABOOL","Stalking",30.6,"FV"
2016,"MOORABOOL","Stalking",6.1,"Non-FV"
2016,"MOORABOOL","Harassment and private nuisance",39.8,"FV"
2016,"MOORABOOL","Harassment and private nuisance",6.1,"Non-FV"
2016,"MOORABOOL","Threatening behaviour",61.2,"FV"
2016,"MOORABOOL","Threatening behaviour",24.5,"Non-FV"
2016,"MORNINGTON PENINSULA","Serious assault",117,"FV"
2016,"MORNINGTON PENINSULA","Serious assault",119.5,"Non-FV"
2016,"MORNINGTON PENINSULA","Common assault",187,"FV"
2016,"MORNINGTON PENINSULA","Common assault",105.9,"Non-FV"
2016,"MORNINGTON PENINSULA","Stalking",26.6,"FV"
2016,"MORNINGTON PENINSULA","Stalking",19.2,"Non-FV"
2016,"MORNINGTON PENINSULA","Harassment and private nuisance",20.4,"FV"
2016,"MORNINGTON PENINSULA","Harassment and private nuisance",19.2,"Non-FV"
2016,"MORNINGTON PENINSULA","Threatening behaviour",55.7,"FV"
2016,"MORNINGTON PENINSULA","Threatening behaviour",46.4,"Non-FV"
2016,"ARARAT","Serious assault",323.5,"FV"
2016,"ARARAT","Serious assault",366.1,"Non-FV"
2016,"ARARAT","Common assault",315,"FV"
2016,"ARARAT","Common assault",306.5,"Non-FV"
2016,"ARARAT","Stalking",25.5,"FV"
2016,"ARARAT","Stalking",8.5,"Non-FV"
2016,"ARARAT","Harassment and private nuisance",34.1,"FV"
2016,"ARARAT","Harassment and private nuisance",17,"Non-FV"
2016,"ARARAT","Threatening behaviour",68.1,"FV"
2016,"ARARAT","Threatening behaviour",110.7,"Non-FV"
2016,"NORTHERN GRAMPIANS","Serious assault",276.6,"FV"
2016,"NORTHERN GRAMPIANS","Serious assault",319.8,"Non-FV"
2016,"NORTHERN GRAMPIANS","Common assault",276.6,"FV"
2016,"NORTHERN GRAMPIANS","Common assault",198.8,"Non-FV"
2016,"NORTHERN GRAMPIANS","Stalking",43.2,"FV"
2016,"NORTHERN GRAMPIANS","Stalking",17.3,"Non-FV"
2016,"NORTHERN GRAMPIANS","Harassment and private nuisance",69.1,"FV"
2016,"NORTHERN GRAMPIANS","Harassment and private nuisance",34.6,"Non-FV"
2016,"NORTHERN GRAMPIANS","Threatening behaviour",112.4,"FV"
2016,"NORTHERN GRAMPIANS","Threatening behaviour",86.4,"Non-FV"
2016,"YARRIAMBIACK","Serious assault",207.6,"FV"
2016,"YARRIAMBIACK","Serious assault",178,"Non-FV"
2016,"YARRIAMBIACK","Common assault",281.8,"FV"
2016,"YARRIAMBIACK","Common assault",296.6,"Non-FV"
2016,"YARRIAMBIACK","Stalking",14.8,"Non-FV"
2016,"YARRIAMBIACK","Harassment and private nuisance",14.8,"FV"
2016,"YARRIAMBIACK","Harassment and private nuisance",29.7,"Non-FV"
2016,"YARRIAMBIACK","Threatening behaviour",118.6,"FV"
2016,"YARRIAMBIACK","Threatening behaviour",103.8,"Non-FV"
2016,"PORT PHILLIP","Serious assault",123.4,"FV"
2016,"PORT PHILLIP","Serious assault",219.1,"Non-FV"
2016,"PORT PHILLIP","Common assault",187.8,"FV"
2016,"PORT PHILLIP","Common assault",197,"Non-FV"
2016,"PORT PHILLIP","Stalking",14.7,"FV"
2016,"PORT PHILLIP","Stalking",37.7,"Non-FV"
2016,"PORT PHILLIP","Harassment and private nuisance",69,"FV"
2016,"PORT PHILLIP","Harassment and private nuisance",19.3,"Non-FV"
2016,"PORT PHILLIP","Threatening behaviour",23.9,"FV"
2016,"PORT PHILLIP","Threatening behaviour",47.9,"Non-FV"
2016,"GREATER SHEPPARTON","Serious assault",324.3,"FV"
2016,"GREATER SHEPPARTON","Serious assault",185.9,"Non-FV"
2016,"GREATER SHEPPARTON","Common assault",312,"FV"
2016,"GREATER SHEPPARTON","Common assault",201.3,"Non-FV"
2016,"GREATER SHEPPARTON","Stalking",43,"FV"
2016,"GREATER SHEPPARTON","Stalking",30.7,"Non-FV"
2016,"GREATER SHEPPARTON","Harassment and private nuisance",79.9,"FV"
2016,"GREATER SHEPPARTON","Harassment and private nuisance",18.4,"Non-FV"
2016,"GREATER SHEPPARTON","Threatening behaviour",136.8,"FV"
2016,"GREATER SHEPPARTON","Threatening behaviour",64.5,"Non-FV"
2016,"GLENELG","Serious assault",187.3,"FV"
2016,"GLENELG","Serious assault",146.8,"Non-FV"
2016,"GLENELG","Common assault",253,"FV"
2016,"GLENELG","Common assault",192.3,"Non-FV"
2016,"GLENELG","Stalking",5.1,"FV"
2016,"GLENELG","Stalking",30.4,"Non-FV"
2016,"GLENELG","Harassment and private nuisance",10.1,"FV"
2016,"GLENELG","Harassment and private nuisance",25.3,"Non-FV"
2016,"GLENELG","Threatening behaviour",50.6,"FV"
2016,"GLENELG","Threatening behaviour",50.6,"Non-FV"
2016,"SOUTHERN GRAMPIANS","Serious assault",260.5,"FV"
2016,"SOUTHERN GRAMPIANS","Serious assault",124,"Non-FV"
2016,"SOUTHERN GRAMPIANS","Common assault",272.9,"FV"
2016,"SOUTHERN GRAMPIANS","Common assault",93,"Non-FV"
2016,"SOUTHERN GRAMPIANS","Stalking",12.4,"FV"
2016,"SOUTHERN GRAMPIANS","Stalking",31,"Non-FV"
2016,"SOUTHERN GRAMPIANS","Harassment and private nuisance",37.2,"FV"
2016,"SOUTHERN GRAMPIANS","Harassment and private nuisance",43.4,"Non-FV"
2016,"SOUTHERN GRAMPIANS","Threatening behaviour",99.2,"FV"
2016,"SOUTHERN GRAMPIANS","Threatening behaviour",24.8,"Non-FV"
2016,"STONNINGTON","Serious assault",92.8,"FV"
2016,"STONNINGTON","Serious assault",150.4,"Non-FV"
2016,"STONNINGTON","Common assault",110.8,"FV"
2016,"STONNINGTON","Common assault",149.5,"Non-FV"
2016,"STONNINGTON","Stalking",16.2,"FV"
2016,"STONNINGTON","Stalking",20.7,"Non-FV"
2016,"STONNINGTON","Harassment and private nuisance",14.4,"FV"
2016,"STONNINGTON","Harassment and private nuisance",13.5,"Non-FV"
2016,"STONNINGTON","Threatening behaviour",12.6,"FV"
2016,"STONNINGTON","Threatening behaviour",35.1,"Non-FV"
2016,"COLAC OTWAY","Serious assault",276.2,"FV"
2016,"COLAC OTWAY","Serious assault",159.2,"Non-FV"
2016,"COLAC OTWAY","Common assault",206,"FV"
2016,"COLAC OTWAY","Common assault",131.1,"Non-FV"
2016,"COLAC OTWAY","Stalking",23.4,"FV"
2016,"COLAC OTWAY","Stalking",9.4,"Non-FV"
2016,"COLAC OTWAY","Harassment and private nuisance",84.3,"FV"
2016,"COLAC OTWAY","Threatening behaviour",117,"FV"
2016,"COLAC OTWAY","Threatening behaviour",56.2,"Non-FV"
2016,"SURF COAST","Serious assault",32.8,"FV"
2016,"SURF COAST","Serious assault",75.5,"Non-FV"
2016,"SURF COAST","Common assault",128,"FV"
2016,"SURF COAST","Common assault",65.6,"Non-FV"
2016,"SURF COAST","Stalking",9.8,"FV"
2016,"SURF COAST","Stalking",32.8,"Non-FV"
2016,"SURF COAST","Harassment and private nuisance",13.1,"FV"
2016,"SURF COAST","Harassment and private nuisance",13.1,"Non-FV"
2016,"SURF COAST","Threatening behaviour",16.4,"FV"
2016,"SURF COAST","Threatening behaviour",9.8,"Non-FV"
2016,"BULOKE","Serious assault",111.4,"FV"
2016,"BULOKE","Serious assault",47.7,"Non-FV"
2016,"BULOKE","Common assault",143.2,"FV"
2016,"BULOKE","Common assault",15.9,"Non-FV"
2016,"BULOKE","Stalking",31.8,"FV"
2016,"BULOKE","Harassment and private nuisance",31.8,"FV"
2016,"BULOKE","Threatening behaviour",31.8,"FV"
2016,"BULOKE","Threatening behaviour",15.9,"Non-FV"
2016,"GANNAWARRA","Serious assault",179.8,"FV"
2016,"GANNAWARRA","Serious assault",66.2,"Non-FV"
2016,"GANNAWARRA","Common assault",179.8,"FV"
2016,"GANNAWARRA","Common assault",85.2,"Non-FV"
2016,"GANNAWARRA","Stalking",9.5,"Non-FV"
2016,"GANNAWARRA","Harassment and private nuisance",18.9,"FV"
2016,"GANNAWARRA","Threatening behaviour",104.1,"FV"
2016,"GANNAWARRA","Threatening behaviour",28.4,"Non-FV"
2016,"SWAN HILL","Serious assault",397.2,"FV"
2016,"SWAN HILL","Serious assault",215.4,"Non-FV"
2016,"SWAN HILL","Common assault",483.3,"FV"
2016,"SWAN HILL","Common assault",196.2,"Non-FV"
2016,"SWAN HILL","Stalking",14.4,"FV"
2016,"SWAN HILL","Stalking",19.1,"Non-FV"
2016,"SWAN HILL","Harassment and private nuisance",33.5,"FV"
2016,"SWAN HILL","Harassment and private nuisance",14.4,"Non-FV"
2016,"SWAN HILL","Threatening behaviour",95.7,"FV"
2016,"SWAN HILL","Threatening behaviour",100.5,"Non-FV"
2016,"ALPINE","Serious assault",39.8,"FV"
2016,"ALPINE","Serious assault",55.7,"Non-FV"
2016,"ALPINE","Common assault",111.3,"FV"
2016,"ALPINE","Common assault",174.9,"Non-FV"
2016,"ALPINE","Stalking",8,"FV"
2016,"ALPINE","Stalking",15.9,"Non-FV"
2016,"ALPINE","Harassment and private nuisance",8,"FV"
2016,"ALPINE","Harassment and private nuisance",8,"Non-FV"
2016,"ALPINE","Threatening behaviour",15.9,"FV"
2016,"ALPINE","Threatening behaviour",79.5,"Non-FV"
2016,"MOIRA","Serious assault",132.3,"FV"
2016,"MOIRA","Serious assault",105.1,"Non-FV"
2016,"MOIRA","Common assault",189.9,"FV"
2016,"MOIRA","Common assault",81.4,"Non-FV"
2016,"MOIRA","Stalking",6.8,"FV"
2016,"MOIRA","Stalking",13.6,"Non-FV"
2016,"MOIRA","Harassment and private nuisance",27.1,"FV"
2016,"MOIRA","Harassment and private nuisance",6.8,"Non-FV"
2016,"MOIRA","Threatening behaviour",57.7,"FV"
2016,"MOIRA","Threatening behaviour",6.8,"Non-FV"
2016,"WANGARATTA","Serious assault",216.8,"FV"
2016,"WANGARATTA","Serious assault",192.4,"Non-FV"
2016,"WANGARATTA","Common assault",283.3,"FV"
2016,"WANGARATTA","Common assault",199.4,"Non-FV"
2016,"WANGARATTA","Stalking",42,"FV"
2016,"WANGARATTA","Stalking",21,"Non-FV"
2016,"WANGARATTA","Harassment and private nuisance",17.5,"FV"
2016,"WANGARATTA","Harassment and private nuisance",3.5,"Non-FV"
2016,"WANGARATTA","Threatening behaviour",59.5,"FV"
2016,"WANGARATTA","Threatening behaviour",69.9,"Non-FV"
2016,"CORANGAMITE","Serious assault",135.4,"FV"
2016,"CORANGAMITE","Serious assault",104.7,"Non-FV"
2016,"CORANGAMITE","Common assault",190.9,"FV"
2016,"CORANGAMITE","Common assault",36.9,"Non-FV"
2016,"CORANGAMITE","Stalking",12.3,"FV"
2016,"CORANGAMITE","Stalking",36.9,"Non-FV"
2016,"CORANGAMITE","Harassment and private nuisance",12.3,"FV"
2016,"CORANGAMITE","Harassment and private nuisance",6.2,"Non-FV"
2016,"CORANGAMITE","Threatening behaviour",61.6,"FV"
2016,"CORANGAMITE","Threatening behaviour",30.8,"Non-FV"
2016,"MOYNE","Serious assault",95.6,"FV"
2016,"MOYNE","Serious assault",113.5,"Non-FV"
2016,"MOYNE","Common assault",167.3,"FV"
2016,"MOYNE","Common assault",47.8,"Non-FV"
2016,"MOYNE","Stalking",6,"FV"
2016,"MOYNE","Stalking",6,"Non-FV"
2016,"MOYNE","Harassment and private nuisance",17.9,"FV"
2016,"MOYNE","Harassment and private nuisance",11.9,"Non-FV"
2016,"MOYNE","Threatening behaviour",41.8,"FV"
2016,"MOYNE","Threatening behaviour",35.8,"Non-FV"
2016,"WARRNAMBOOL","Serious assault",286.2,"FV"
2016,"WARRNAMBOOL","Serious assault",154.8,"Non-FV"
2016,"WARRNAMBOOL","Common assault",289.1,"FV"
2016,"WARRNAMBOOL","Common assault",125.6,"Non-FV"
2016,"WARRNAMBOOL","Stalking",64.2,"FV"
2016,"WARRNAMBOOL","Stalking",14.6,"Non-FV"
2016,"WARRNAMBOOL","Harassment and private nuisance",40.9,"FV"
2016,"WARRNAMBOOL","Harassment and private nuisance",46.7,"Non-FV"
2016,"WARRNAMBOOL","Threatening behaviour",78.9,"FV"
2016,"WARRNAMBOOL","Threatening behaviour",78.9,"Non-FV"
2016,"WELLINGTON","Serious assault",195.3,"FV"
2016,"WELLINGTON","Serious assault",227.4,"Non-FV"
2016,"WELLINGTON","Common assault",402,"FV"
2016,"WELLINGTON","Common assault",275.7,"Non-FV"
2016,"WELLINGTON","Stalking",71.2,"FV"
2016,"WELLINGTON","Stalking",39.1,"Non-FV"
2016,"WELLINGTON","Harassment and private nuisance",29.9,"FV"
2016,"WELLINGTON","Harassment and private nuisance",23,"Non-FV"
2016,"WELLINGTON","Threatening behaviour",153.9,"FV"
2016,"WELLINGTON","Threatening behaviour",119.5,"Non-FV"
2016,"WHITEHORSE","Serious assault",53.6,"FV"
2016,"WHITEHORSE","Serious assault",71.3,"Non-FV"
2016,"WHITEHORSE","Common assault",100.8,"FV"
2016,"WHITEHORSE","Common assault",87.2,"Non-FV"
2016,"WHITEHORSE","Stalking",10,"FV"
2016,"WHITEHORSE","Stalking",14.7,"Non-FV"
2016,"WHITEHORSE","Harassment and private nuisance",11.2,"FV"
2016,"WHITEHORSE","Harassment and private nuisance",3.5,"Non-FV"
2016,"WHITEHORSE","Threatening behaviour",46.6,"FV"
2016,"WHITEHORSE","Threatening behaviour",21.2,"Non-FV"
2016,"WHITTLESEA","Serious assault",135.7,"FV"
2016,"WHITTLESEA","Serious assault",97.6,"Non-FV"
2016,"WHITTLESEA","Common assault",205.7,"FV"
2016,"WHITTLESEA","Common assault",90.8,"Non-FV"
2016,"WHITTLESEA","Stalking",29,"FV"
2016,"WHITTLESEA","Stalking",20.3,"Non-FV"
2016,"WHITTLESEA","Harassment and private nuisance",35.7,"FV"
2016,"WHITTLESEA","Harassment and private nuisance",9.7,"Non-FV"
2016,"WHITTLESEA","Threatening behaviour",100.5,"FV"
2016,"WHITTLESEA","Threatening behaviour",43.9,"Non-FV"
2016,"INDIGO","Serious assault",92.8,"FV"
2016,"INDIGO","Serious assault",55.7,"Non-FV"
2016,"INDIGO","Common assault",105.2,"FV"
2016,"INDIGO","Common assault",55.7,"Non-FV"
2016,"INDIGO","Harassment and private nuisance",24.7,"FV"
2016,"INDIGO","Threatening behaviour",30.9,"FV"
2016,"INDIGO","Threatening behaviour",24.7,"Non-FV"
2016,"TOWONG","Serious assault",148.9,"FV"
2016,"TOWONG","Serious assault",16.5,"Non-FV"
2016,"TOWONG","Common assault",198.5,"FV"
2016,"TOWONG","Common assault",49.6,"Non-FV"
2016,"TOWONG","Stalking",16.5,"FV"
2016,"TOWONG","Harassment and private nuisance",33.1,"FV"
2016,"TOWONG","Threatening behaviour",99.2,"FV"
2016,"WODONGA","Serious assault",217,"FV"
2016,"WODONGA","Serious assault",149.6,"Non-FV"
2016,"WODONGA","Common assault",341.6,"FV"
2016,"WODONGA","Common assault",167.1,"Non-FV"
2016,"WODONGA","Stalking",22.4,"FV"
2016,"WODONGA","Stalking",17.5,"Non-FV"
2016,"WODONGA","Harassment and private nuisance",7.5,"FV"
2016,"WODONGA","Harassment and private nuisance",24.9,"Non-FV"
2016,"WODONGA","Threatening behaviour",94.8,"FV"
2016,"WODONGA","Threatening behaviour",72.3,"Non-FV"
2016,"WYNDHAM","Serious assault",117.6,"FV"
2016,"WYNDHAM","Serious assault",92.9,"Non-FV"
2016,"WYNDHAM","Common assault",179.7,"FV"
2016,"WYNDHAM","Common assault",89.4,"Non-FV"
2016,"WYNDHAM","Stalking",23.3,"FV"
2016,"WYNDHAM","Stalking",12.3,"Non-FV"
2016,"WYNDHAM","Harassment and private nuisance",16.7,"FV"
2016,"WYNDHAM","Harassment and private nuisance",15,"Non-FV"
2016,"WYNDHAM","Threatening behaviour",52,"FV"
2016,"WYNDHAM","Threatening behaviour",22.5,"Non-FV"
2016,"YARRA","Serious assault",183,"FV"
2016,"YARRA","Serious assault",263.7,"Non-FV"
2016,"YARRA","Common assault",157.2,"FV"
2016,"YARRA","Common assault",184.1,"Non-FV"
2016,"YARRA","Stalking",25.8,"FV"
2016,"YARRA","Stalking",34.4,"Non-FV"
2016,"YARRA","Harassment and private nuisance",20.5,"FV"
2016,"YARRA","Harassment and private nuisance",10.8,"Non-FV"
2016,"YARRA","Threatening behaviour",60.3,"FV"
2016,"YARRA","Threatening behaviour",65.7,"Non-FV"
2016,"YARRA RANGES","Serious assault",110.8,"FV"
2016,"YARRA RANGES","Serious assault",81.2,"Non-FV"
2016,"YARRA RANGES","Common assault",175.9,"FV"
2016,"YARRA RANGES","Common assault",69.6,"Non-FV"
2016,"YARRA RANGES","Stalking",22.5,"FV"
2016,"YARRA RANGES","Stalking",23.2,"Non-FV"
2016,"YARRA RANGES","Harassment and private nuisance",20,"FV"
2016,"YARRA RANGES","Harassment and private nuisance",15.5,"Non-FV"
2016,"YARRA RANGES","Threatening behaviour",45.1,"FV"
2016,"YARRA RANGES","Threatening behaviour",38,"Non-FV"
2016,"BULOKE","Harassment and private nuisance",NA,"Non-FV"
2016,"BULOKE","Stalking",NA,"Non-FV"
2016,"COLAC OTWAY","Harassment and private nuisance",NA,"Non-FV"
2016,"GANNAWARRA","Harassment and private nuisance",NA,"Non-FV"
2016,"GANNAWARRA","Stalking",NA,"FV"
2016,"GOLDEN PLAINS","Stalking",NA,"FV"
2016,"HEPBURN","Harassment and private nuisance",NA,"FV"
2016,"HINDMARSH","Stalking",NA,"FV"
2016,"HINDMARSH","Stalking",NA,"Non-FV"
2016,"INDIGO","Harassment and private nuisance",NA,"Non-FV"
2016,"INDIGO","Stalking",NA,"FV"
2016,"INDIGO","Stalking",NA,"Non-FV"
2016,"LODDON","Stalking",NA,"FV"
2016,"MOUNT ALEXANDER","Stalking",NA,"Non-FV"
2016,"MURRINDINDI","Harassment and private nuisance",NA,"FV"
2016,"PYRENEES","Harassment and private nuisance",NA,"Non-FV"
2016,"PYRENEES","Stalking",NA,"Non-FV"
2016,"PYRENEES","Threatening behaviour",NA,"Non-FV"
2016,"QUEENSCLIFFE","Harassment and private nuisance",NA,"FV"
2016,"QUEENSCLIFFE","Harassment and private nuisance",NA,"Non-FV"
2016,"QUEENSCLIFFE","Stalking",NA,"FV"
2016,"QUEENSCLIFFE","Stalking",NA,"Non-FV"
2016,"QUEENSCLIFFE","Threatening behaviour",NA,"FV"
2016,"STRATHBOGIE","Stalking",NA,"FV"
2016,"TOWONG","Harassment and private nuisance",NA,"Non-FV"
2016,"TOWONG","Stalking",NA,"Non-FV"
2016,"TOWONG","Threatening behaviour",NA,"Non-FV"
2016,"WEST WIMMERA","Stalking",NA,"FV"
2016,"YARRIAMBIACK","Stalking",NA,"FV"
2017,"ALPINE","Harassment and private nuisance",NA,"FV"
2017,"ALPINE","Stalking",NA,"Non-FV"
2017,"ARARAT","Stalking",NA,"Non-FV"
2017,"BULOKE","Harassment and private nuisance",NA,"FV"
2017,"BULOKE","Harassment and private nuisance",NA,"Non-FV"
2017,"BULOKE","Stalking",NA,"FV"
2017,"BULOKE","Stalking",NA,"Non-FV"
2017,"CENTRAL GOLDFIELDS","Harassment and private nuisance",NA,"Non-FV"
2017,"CENTRAL GOLDFIELDS","Stalking",NA,"Non-FV"
2017,"CORANGAMITE","Stalking",NA,"FV"
2017,"GANNAWARRA","Harassment and private nuisance",NA,"Non-FV"
2017,"GOLDEN PLAINS","Stalking",NA,"Non-FV"
2017,"HEPBURN","Harassment and private nuisance",NA,"Non-FV"
2017,"HEPBURN","Stalking",NA,"Non-FV"
2017,"INDIGO","Harassment and private nuisance",NA,"FV"
2017,"LODDON","Harassment and private nuisance",NA,"FV"
2017,"LODDON","Stalking",NA,"Non-FV"
2017,"MANSFIELD","Harassment and private nuisance",NA,"FV"
2017,"MOYNE","Stalking",NA,"Non-FV"
2017,"PYRENEES","Harassment and private nuisance",NA,"FV"
2017,"PYRENEES","Stalking",NA,"Non-FV"
2017,"QUEENSCLIFFE","Harassment and private nuisance",NA,"FV"
2017,"QUEENSCLIFFE","Harassment and private nuisance",NA,"Non-FV"
2017,"QUEENSCLIFFE","Stalking",NA,"FV"
2017,"QUEENSCLIFFE","Stalking",NA,"Non-FV"
2017,"QUEENSCLIFFE","Threatening behaviour",NA,"Non-FV"
2017,"SWAN HILL","Stalking",NA,"Non-FV"
2017,"TOWONG","Harassment and private nuisance",NA,"Non-FV"
2017,"TOWONG","Stalking",NA,"Non-FV"
2017,"TOWONG","Threatening behaviour",NA,"Non-FV"
2018,"ALPINE","Harassment and private nuisance",NA,"FV"
2018,"ALPINE","Stalking",NA,"Non-FV"
2018,"ARARAT","Harassment and private nuisance",NA,"FV"
2018,"BULOKE","Harassment and private nuisance",NA,"FV"
2018,"BULOKE","Harassment and private nuisance",NA,"Non-FV"
2018,"BULOKE","Stalking",NA,"FV"
2018,"BULOKE","Threatening behaviour",NA,"Non-FV"
2018,"GANNAWARRA","Stalking",NA,"Non-FV"
2018,"GLENELG","Stalking",NA,"FV"
2018,"GOLDEN PLAINS","Harassment and private nuisance",NA,"FV"
2018,"GOLDEN PLAINS","Harassment and private nuisance",NA,"Non-FV"
2018,"GOLDEN PLAINS","Stalking",NA,"FV"
2018,"GOLDEN PLAINS","Stalking",NA,"Non-FV"
2018,"GOLDEN PLAINS","Threatening behaviour",NA,"Non-FV"
2018,"HEPBURN","Stalking",NA,"Non-FV"
2018,"HINDMARSH","Harassment and private nuisance",NA,"FV"
2018,"HINDMARSH","Harassment and private nuisance",NA,"Non-FV"
2018,"HINDMARSH","Stalking",NA,"Non-FV"
2018,"INDIGO","Harassment and private nuisance",NA,"FV"
2018,"INDIGO","Harassment and private nuisance",NA,"Non-FV"
2018,"LODDON","Harassment and private nuisance",NA,"FV"
2018,"LODDON","Harassment and private nuisance",NA,"Non-FV"
2018,"LODDON","Stalking",NA,"FV"
2018,"LODDON","Stalking",NA,"Non-FV"
2018,"MANSFIELD","Stalking",NA,"FV"
2018,"MANSFIELD","Stalking",NA,"Non-FV"
2018,"MOUNT ALEXANDER","Harassment and private nuisance",NA,"FV"
2018,"MOUNT ALEXANDER","Stalking",NA,"FV"
2018,"MOYNE","Stalking",NA,"Non-FV"
2018,"MURRINDINDI","Harassment and private nuisance",NA,"Non-FV"
2018,"MURRINDINDI","Stalking",NA,"Non-FV"
2018,"PYRENEES","Harassment and private nuisance",NA,"FV"
2018,"PYRENEES","Stalking",NA,"FV"
2018,"QUEENSCLIFFE","Harassment and private nuisance",NA,"FV"
2018,"QUEENSCLIFFE","Harassment and private nuisance",NA,"Non-FV"
2018,"QUEENSCLIFFE","Serious assault",NA,"FV"
2018,"QUEENSCLIFFE","Stalking",NA,"Non-FV"
2018,"QUEENSCLIFFE","Threatening behaviour",NA,"Non-FV"
2018,"SOUTHERN GRAMPIANS","Stalking",NA,"FV"
2018,"SURF COAST","Harassment and private nuisance",NA,"FV"
2018,"TOWONG","Common assault",NA,"Non-FV"
2018,"TOWONG","Harassment and private nuisance",NA,"FV"
2018,"TOWONG","Harassment and private nuisance",NA,"Non-FV"
2018,"TOWONG","Stalking",NA,"FV"
2018,"TOWONG","Stalking",NA,"Non-FV"
2018,"WEST WIMMERA","Harassment and private nuisance",NA,"FV"
2018,"WEST WIMMERA","Harassment and private nuisance",NA,"Non-FV"
2018,"WEST WIMMERA","Stalking",NA,"FV"
2018,"WEST WIMMERA","Stalking",NA,"Non-FV"
2018,"YARRIAMBIACK","Harassment and private nuisance",NA,"FV"
2019,"BENALLA","Harassment and private nuisance",NA,"Non-FV"
2019,"BENALLA","Stalking",NA,"Non-FV"
2019,"BULOKE","Harassment and private nuisance",NA,"FV"
2019,"BULOKE","Harassment and private nuisance",NA,"Non-FV"
2019,"BULOKE","Stalking",NA,"FV"
2019,"BULOKE","Stalking",NA,"Non-FV"
2019,"CENTRAL GOLDFIELDS","Stalking",NA,"Non-FV"
2019,"GLENELG","Stalking",NA,"FV"
2019,"GLENELG","Stalking",NA,"Non-FV"
2019,"HINDMARSH","Harassment and private nuisance",NA,"FV"
2019,"HINDMARSH","Stalking",NA,"FV"
2019,"LODDON","Stalking",NA,"Non-FV"
2019,"LODDON","Threatening behaviour",NA,"Non-FV"
2019,"MOYNE","Harassment and private nuisance",NA,"Non-FV"
2019,"MOYNE","Stalking",NA,"FV"
2019,"MURRINDINDI","Stalking",NA,"Non-FV"
2019,"PYRENEES","Harassment and private nuisance",NA,"Non-FV"
2019,"PYRENEES","Stalking",NA,"FV"
2019,"QUEENSCLIFFE","Harassment and private nuisance",NA,"Non-FV"
2019,"QUEENSCLIFFE","Serious assault",NA,"FV"
2019,"QUEENSCLIFFE","Stalking",NA,"FV"
2019,"QUEENSCLIFFE","Threatening behaviour",NA,"FV"
2019,"STRATHBOGIE","Harassment and private nuisance",NA,"Non-FV"
2019,"STRATHBOGIE","Stalking",NA,"FV"
2019,"SURF COAST","Harassment and private nuisance",NA,"FV"
2019,"TOWONG","Harassment and private nuisance",NA,"FV"
2019,"TOWONG","Stalking",NA,"FV"
2019,"TOWONG","Stalking",NA,"Non-FV"
2019,"TOWONG","Threatening behaviour",NA,"Non-FV"
2019,"WEST WIMMERA","Harassment and private nuisance",NA,"Non-FV"
2019,"WEST WIMMERA","Threatening behaviour",NA,"Non-FV"
2019,"YARRIAMBIACK","Harassment and private nuisance",NA,"Non-FV"
2020,"ALPINE","Harassment and private nuisance",NA,"FV"
2020,"ALPINE","Harassment and private nuisance",NA,"Non-FV"
2020,"BULOKE","Harassment and private nuisance",NA,"FV"
2020,"BULOKE","Harassment and private nuisance",NA,"Non-FV"
2020,"BULOKE","Stalking",NA,"Non-FV"
2020,"GANNAWARRA","Harassment and private nuisance",NA,"Non-FV"
2020,"GLENELG","Harassment and private nuisance",NA,"Non-FV"
2020,"GOLDEN PLAINS","Harassment and private nuisance",NA,"Non-FV"
2020,"GOLDEN PLAINS","Stalking",NA,"FV"
2020,"GOLDEN PLAINS","Stalking",NA,"Non-FV"
2020,"HEPBURN","Stalking",NA,"Non-FV"
2020,"HINDMARSH","Harassment and private nuisance",NA,"Non-FV"
2020,"INDIGO","Harassment and private nuisance",NA,"FV"
2020,"INDIGO","Harassment and private nuisance",NA,"Non-FV"
2020,"INDIGO","Stalking",NA,"FV"
2020,"INDIGO","Stalking",NA,"Non-FV"
2020,"LODDON","Stalking",NA,"FV"
2020,"LODDON","Stalking",NA,"Non-FV"
2020,"MOUNT ALEXANDER","Harassment and private nuisance",NA,"FV"
2020,"MOUNT ALEXANDER","Stalking",NA,"FV"
2020,"PYRENEES","Harassment and private nuisance",NA,"Non-FV"
2020,"PYRENEES","Stalking",NA,"Non-FV"
2020,"QUEENSCLIFFE","Common assault",NA,"Non-FV"
2020,"QUEENSCLIFFE","Harassment and private nuisance",NA,"FV"
2020,"QUEENSCLIFFE","Serious assault",NA,"FV"
2020,"QUEENSCLIFFE","Stalking",NA,"FV"
2020,"QUEENSCLIFFE","Stalking",NA,"Non-FV"
2020,"QUEENSCLIFFE","Threatening behaviour",NA,"FV"
2020,"QUEENSCLIFFE","Threatening behaviour",NA,"Non-FV"
2020,"SOUTHERN GRAMPIANS","Stalking",NA,"Non-FV"
2020,"STRATHBOGIE","Harassment and private nuisance",NA,"Non-FV"
2020,"TOWONG","Stalking",NA,"Non-FV"
2020,"WEST WIMMERA","Stalking",NA,"FV"
2020,"WEST WIMMERA","Threatening behaviour",NA,"FV"
2021,"ALPINE","Stalking",NA,"FV"
2021,"BULOKE","Harassment and private nuisance",NA,"Non-FV"
2021,"BULOKE","Stalking",NA,"Non-FV"
2021,"CORANGAMITE","Stalking",NA,"Non-FV"
2021,"GOLDEN PLAINS","Harassment and private nuisance",NA,"Non-FV"
2021,"GOLDEN PLAINS","Stalking",NA,"FV"
2021,"GOLDEN PLAINS","Stalking",NA,"Non-FV"
2021,"HEPBURN","Stalking",NA,"FV"
2021,"HEPBURN","Stalking",NA,"Non-FV"
2021,"HINDMARSH","Harassment and private nuisance",NA,"Non-FV"
2021,"HINDMARSH","Stalking",NA,"FV"
2021,"INDIGO","Harassment and private nuisance",NA,"Non-FV"
2021,"MANSFIELD","Harassment and private nuisance",NA,"Non-FV"
2021,"MANSFIELD","Stalking",NA,"Non-FV"
2021,"NORTHERN GRAMPIANS","Harassment and private nuisance",NA,"Non-FV"
2021,"PYRENEES","Harassment and private nuisance",NA,"Non-FV"
2021,"PYRENEES","Stalking",NA,"FV"
2021,"QUEENSCLIFFE","Harassment and private nuisance",NA,"FV"
2021,"QUEENSCLIFFE","Harassment and private nuisance",NA,"Non-FV"
2021,"QUEENSCLIFFE","Stalking",NA,"FV"
2021,"QUEENSCLIFFE","Stalking",NA,"Non-FV"
2021,"QUEENSCLIFFE","Threatening behaviour",NA,"FV"
2021,"QUEENSCLIFFE","Threatening behaviour",NA,"Non-FV"
2021,"SOUTHERN GRAMPIANS","Stalking",NA,"Non-FV"
2021,"TOWONG","Harassment and private nuisance",NA,"Non-FV"
2021,"TOWONG","Stalking",NA,"Non-FV"
2021,"WEST WIMMERA","Harassment and private nuisance",NA,"Non-FV"
2021,"WEST WIMMERA","Stalking",NA,"FV"
2022,"ALPINE","Stalking",NA,"FV"
2022,"ALPINE","Stalking",NA,"Non-FV"
2022,"ARARAT","Stalking",NA,"Non-FV"
2022,"BULOKE","Harassment and private nuisance",NA,"FV"
2022,"BULOKE","Harassment and private nuisance",NA,"Non-FV"
2022,"BULOKE","Stalking",NA,"FV"
2022,"BULOKE","Stalking",NA,"Non-FV"
2022,"CORANGAMITE","Stalking",NA,"Non-FV"
2022,"GOLDEN PLAINS","Harassment and private nuisance",NA,"Non-FV"
2022,"GOLDEN PLAINS","Stalking",NA,"Non-FV"
2022,"HEPBURN","Harassment and private nuisance",NA,"Non-FV"
2022,"HEPBURN","Stalking",NA,"Non-FV"
2022,"HINDMARSH","Harassment and private nuisance",NA,"FV"
2022,"HINDMARSH","Stalking",NA,"Non-FV"
2022,"INDIGO","Stalking",NA,"FV"
2022,"LODDON","Stalking",NA,"Non-FV"
2022,"MANSFIELD","Harassment and private nuisance",NA,"Non-FV"
2022,"MANSFIELD","Stalking",NA,"Non-FV"
2022,"MOYNE","Harassment and private nuisance",NA,"FV"
2022,"MOYNE","Harassment and private nuisance",NA,"Non-FV"
2022,"MURRINDINDI","Stalking",NA,"Non-FV"
2022,"PYRENEES","Harassment and private nuisance",NA,"Non-FV"
2022,"QUEENSCLIFFE","Harassment and private nuisance",NA,"FV"
2022,"QUEENSCLIFFE","Harassment and private nuisance",NA,"Non-FV"
2022,"QUEENSCLIFFE","Stalking",NA,"Non-FV"
2022,"QUEENSCLIFFE","Threatening behaviour",NA,"FV"
2022,"QUEENSCLIFFE","Threatening behaviour",NA,"Non-FV"
2022,"SURF COAST","Stalking",NA,"Non-FV"
2022,"TOWONG","Harassment and private nuisance",NA,"FV"
2022,"TOWONG","Stalking",NA,"FV"
2022,"TOWONG","Stalking",NA,"Non-FV"
2022,"WEST WIMMERA","Harassment and private nuisance",NA,"FV"
2022,"WEST WIMMERA","Harassment and private nuisance",NA,"Non-FV"
2022,"WEST WIMMERA","Stalking",NA,"FV"
2022,"YARRIAMBIACK","Harassment and private nuisance",NA,"FV"
2023,"ALPINE","Stalking",NA,"FV"
2023,"BULOKE","Harassment and private nuisance",NA,"FV"
2023,"BULOKE","Harassment and private nuisance",NA,"Non-FV"
2023,"BULOKE","Stalking",NA,"FV"
2023,"BULOKE","Stalking",NA,"Non-FV"
2023,"CENTRAL GOLDFIELDS","Harassment and private nuisance",NA,"Non-FV"
2023,"CORANGAMITE","Harassment and private nuisance",NA,"Non-FV"
2023,"GANNAWARRA","Harassment and private nuisance",NA,"Non-FV"
2023,"GANNAWARRA","Stalking",NA,"FV"
2023,"GOLDEN PLAINS","Harassment and private nuisance",NA,"FV"
2023,"HINDMARSH","Harassment and private nuisance",NA,"FV"
2023,"HINDMARSH","Harassment and private nuisance",NA,"Non-FV"
2023,"INDIGO","Stalking",NA,"FV"
2023,"INDIGO","Stalking",NA,"Non-FV"
2023,"LODDON","Stalking",NA,"FV"
2023,"LODDON","Stalking",NA,"Non-FV"
2023,"MANSFIELD","Threatening behaviour",NA,"Non-FV"
2023,"MOUNT ALEXANDER","Stalking",NA,"Non-FV"
2023,"PYRENEES","Harassment and private nuisance",NA,"FV"
2023,"PYRENEES","Harassment and private nuisance",NA,"Non-FV"
2023,"PYRENEES","Stalking",NA,"FV"
2023,"PYRENEES","Stalking",NA,"Non-FV"
2023,"PYRENEES","Threatening behaviour",NA,"FV"
2023,"QUEENSCLIFFE","Common assault",NA,"Non-FV"
2023,"QUEENSCLIFFE","Harassment and private nuisance",NA,"FV"
2023,"QUEENSCLIFFE","Harassment and private nuisance",NA,"Non-FV"
2023,"QUEENSCLIFFE","Serious assault",NA,"FV"
2023,"QUEENSCLIFFE","Serious assault",NA,"Non-FV"
2023,"QUEENSCLIFFE","Stalking",NA,"FV"
2023,"QUEENSCLIFFE","Stalking",NA,"Non-FV"
2023,"QUEENSCLIFFE","Threatening behaviour",NA,"FV"
2023,"QUEENSCLIFFE","Threatening behaviour",NA,"Non-FV"
2023,"TOWONG","Harassment and private nuisance",NA,"FV"
2023,"TOWONG","Harassment and private nuisance",NA,"Non-FV"
2023,"TOWONG","Stalking",NA,"FV"
2023,"WEST WIMMERA","Harassment and private nuisance",NA,"FV"
2023,"WEST WIMMERA","Harassment and private nuisance",NA,"Non-FV"
2023,"WEST WIMMERA","Serious assault",NA,"Non-FV"
2023,"WEST WIMMERA","Stalking",NA,"FV"
2023,"WEST WIMMERA","Stalking",NA,"Non-FV"
2023,"YARRIAMBIACK","Threatening behaviour",NA,"FV"
2024,"ALPINE","Harassment and private nuisance",NA,"FV"
2024,"BULOKE","Harassment and private nuisance",NA,"FV"
2024,"BULOKE","Stalking",NA,"FV"
2024,"GOLDEN PLAINS","Stalking",NA,"Non-FV"
2024,"HEPBURN","Harassment and private nuisance",NA,"Non-FV"
2024,"LODDON","Harassment and private nuisance",NA,"FV"
2024,"LODDON","Harassment and private nuisance",NA,"Non-FV"
2024,"LODDON","Stalking",NA,"Non-FV"
2024,"MOUNT ALEXANDER","Stalking",NA,"FV"
2024,"MOUNT ALEXANDER","Stalking",NA,"Non-FV"
2024,"MOYNE","Stalking",NA,"FV"
2024,"MURRINDINDI","Stalking",NA,"Non-FV"
2024,"PYRENEES","Harassment and private nuisance",NA,"FV"
2024,"PYRENEES","Harassment and private nuisance",NA,"Non-FV"
2024,"PYRENEES","Stalking",NA,"FV"
2024,"PYRENEES","Stalking",NA,"Non-FV"
2024,"PYRENEES","Threatening behaviour",NA,"FV"
2024,"PYRENEES","Threatening behaviour",NA,"Non-FV"
2024,"QUEENSCLIFFE","Common assault",NA,"Non-FV"
2024,"QUEENSCLIFFE","Harassment and private nuisance",NA,"FV"
2024,"QUEENSCLIFFE","Harassment and private nuisance",NA,"Non-FV"
2024,"QUEENSCLIFFE","Stalking",NA,"Non-FV"
2024,"QUEENSCLIFFE","Threatening behaviour",NA,"FV"
2024,"QUEENSCLIFFE","Threatening behaviour",NA,"Non-FV"
2024,"SOUTHERN GRAMPIANS","Harassment and private nuisance",NA,"Non-FV"
2024,"TOWONG","Serious assault",NA,"FV"
2024,"WEST WIMMERA","Harassment and private nuisance",NA,"Non-FV"
2024,"WEST WIMMERA","Stalking",NA,"Non-FV"
2025,"ALPINE","Harassment and private nuisance",NA,"Non-FV"
2025,"ALPINE","Stalking",NA,"Non-FV"
2025,"BULOKE","Harassment and private nuisance",NA,"Non-FV"
2025,"BULOKE","Stalking",NA,"FV"
2025,"BULOKE","Stalking",NA,"Non-FV"
2025,"BULOKE","Threatening behaviour",NA,"Non-FV"
2025,"CENTRAL GOLDFIELDS","Stalking",NA,"Non-FV"
2025,"GANNAWARRA","Stalking",NA,"FV"
2025,"HEPBURN","Harassment and private nuisance",NA,"FV"
2025,"HEPBURN","Harassment and private nuisance",NA,"Non-FV"
2025,"HEPBURN","Stalking",NA,"FV"
2025,"HINDMARSH","Harassment and private nuisance",NA,"Non-FV"
2025,"HINDMARSH","Stalking",NA,"Non-FV"
2025,"HINDMARSH","Threatening behaviour",NA,"Non-FV"
2025,"INDIGO","Stalking",NA,"Non-FV"
2025,"LODDON","Harassment and private nuisance",NA,"Non-FV"
2025,"LODDON","Stalking",NA,"Non-FV"
2025,"MANSFIELD","Harassment and private nuisance",NA,"Non-FV"
2025,"MANSFIELD","Stalking",NA,"Non-FV"
2025,"PYRENEES","Harassment and private nuisance",NA,"FV"
2025,"PYRENEES","Harassment and private nuisance",NA,"Non-FV"
2025,"PYRENEES","Stalking",NA,"FV"
2025,"PYRENEES","Threatening behaviour",NA,"FV"
2025,"QUEENSCLIFFE","Harassment and private nuisance",NA,"FV"
2025,"QUEENSCLIFFE","Harassment and private nuisance",NA,"Non-FV"
2025,"QUEENSCLIFFE","Serious assault",NA,"Non-FV"
2025,"QUEENSCLIFFE","Stalking",NA,"FV"
2025,"QUEENSCLIFFE","Stalking",NA,"Non-FV"
2025,"QUEENSCLIFFE","Threatening behaviour",NA,"Non-FV"
2025,"STRATHBOGIE","Harassment and private nuisance",NA,"Non-FV"
2025,"STRATHBOGIE","Stalking",NA,"Non-FV"
2025,"TOWONG","Harassment and private nuisance",NA,"FV"
2025,"WEST WIMMERA","Harassment and private nuisance",NA,"Non-FV"
2025,"WEST WIMMERA","Stalking",NA,"Non-FV"
2025,"WODONGA","Stalking",NA,"Non-FV"
